Município;Animal - de grande porte;Animal - de médio porte;Animal - aves;Animal - pequenos animais;Vegetal - lavouras permanentes;Vegetal - lavouras temporárias;Vegetal - horticultura;Vegetal - floricultura;Vegetal - silvicultura;Vegetal - extração vegetal;Agroindústria
Alta Floresta D'Oeste (RO);1344;928;1881;79;1186;1354;779;-;18;40;47
Ariquemes (RO);1443;338;1477;45;1149;638;647;5;17;60;15
Cabixi (RO);729;266;619;4;134;261;244;-;2;6;2
Cacoal (RO);2427;1420;3047;133;2318;1710;1222;3;180;77;177
Cerejeiras (RO);514;205;562;2;77;249;231;-;38;1;6
Colorado do Oeste (RO);1191;451;1120;25;217;452;526;-;10;5;12
Corumbiara (RO);1100;266;1029;6;159;250;262;-;3;2;4
Costa Marques (RO);349;152;623;2;101;442;54;2;1;54;6
Espigão D'Oeste (RO);1515;485;1170;97;499;562;586;-;9;7;9
Guajará-Mirim (RO);77;15;19;3;15;33;13;-;-;20;3
Jaru (RO);2499;434;2290;34;1172;558;1010;1;4;29;2
Ji-Paraná (RO);1793;389;1371;43;347;413;656;3;9;17;7
Machadinho D'Oeste (RO);1919;767;2347;6;1601;1460;1284;-;38;267;46
Nova Brasilândia D'Oeste (RO);1171;527;1353;26;1512;922;402;-;5;17;15
Ouro Preto do Oeste (RO);1359;366;1021;51;608;371;463;3;12;47;28
Pimenta Bueno (RO);561;86;418;41;73;60;113;-;3;3;5
Porto Velho (RO);663;256;949;46;353;909;427;11;20;88;26
Presidente Médici (RO);1554;479;1245;53;586;508;605;1;16;18;13
Rio Crespo (RO);237;96;329;7;156;75;64;-;2;9;4
Rolim de Moura (RO);1322;347;1204;48;716;452;443;-;40;10;21
Santa Luzia D'Oeste (RO);893;382;914;22;366;523;415;-;47;6;23
Vilhena (RO);474;173;454;35;59;231;267;2;1;2;10
São Miguel do Guaporé (RO);1885;601;2134;13;2076;1173;935;-;27;193;9
Nova Mamoré (RO);814;264;792;2;170;386;154;-;6;9;46
Alvorada D'Oeste (RO);1383;58;192;9;589;236;263;-;2;6;3
Alto Alegre dos Parecis (RO);816;677;1252;9;976;991;207;-;26;1;4
Alto Paraíso (RO);1017;290;1136;17;1165;445;765;2;25;8;1
Buritis (RO);1739;615;2056;41;1224;1353;894;-;504;743;115
Novo Horizonte do Oeste (RO);1077;419;1317;6;1038;679;464;-;9;7;34
Cacaulândia (RO);532;95;307;12;268;110;278;-;-;4;4
Campo Novo de Rondônia (RO);1094;296;1328;11;845;711;342;-;58;6;5
Candeias do Jamari (RO);254;42;152;3;42;47;40;-;1;1;2
Castanheiras (RO);395;138;367;12;149;180;178;-;3;20;5
Chupinguaia (RO);432;84;442;6;50;206;24;-;-;4;4
Cujubim (RO);493;124;585;-;473;266;376;-;40;37;5
Governador Jorge Teixeira (RO);1358;145;658;11;494;319;400;-;-;2;1
Itapuã do Oeste (RO);390;47;305;17;168;152;183;-;2;17;10
Ministro Andreazza (RO);828;585;1297;28;1143;845;799;-;24;5;17
Mirante da Serra (RO);885;402;937;60;524;620;625;1;148;199;56
Monte Negro (RO);834;246;902;11;511;116;259;-;1;-;3
Nova União (RO);918;199;849;22;451;213;507;-;11;10;2
Parecis (RO);425;65;116;4;96;222;186;-;1;-;4
Pimenteiras do Oeste (RO);206;60;145;10;15;49;44;-;-;2;3
Primavera de Rondônia (RO);364;70;100;9;201;126;20;-;1;8;2
São Felipe D'Oeste (RO);610;310;739;23;357;427;379;-;39;5;6
São Francisco do Guaporé (RO);1084;498;1253;9;468;748;216;1;6;322;4
Seringueiras (RO);1026;406;1140;13;976;742;493;1;8;9;3
Teixeirópolis (RO);594;278;575;9;221;287;280;1;29;37;3
Theobroma (RO);1230;255;905;10;593;354;478;-;15;3;10
Urupá (RO);1602;545;1495;25;806;696;359;-;13;2;47
Vale do Anari (RO);869;278;1053;5;627;461;509;-;146;34;6
Vale do Paraíso (RO);861;258;837;56;612;300;444;1;2;23;97
Acrelândia (AC);806;270;925;12;327;561;442;-;37;157;2
Assis Brasil (AC);278;198;386;12;168;338;102;-;1;194;8
Brasiléia (AC);660;295;866;25;218;641;286;-;19;275;14
Bujari (AC);269;93;563;40;118;293;99;-;-;65;7
Capixaba (AC);514;180;902;63;283;706;264;1;30;321;168
Cruzeiro do Sul (AC);346;164;1264;42;296;1420;255;1;166;125;32
Epitaciolândia (AC);375;111;428;13;106;492;137;-;5;195;22
Feijó (AC);1245;918;2123;58;509;1810;314;-;95;755;217
Jordão (AC);130;28;345;1;148;321;6;-;43;5;10
Mâncio Lima (AC);145;55;92;10;10;317;20;-;2;33;223
Manoel Urbano (AC);245;92;314;-;94;341;22;-;6;37;61
Marechal Thaumaturgo (AC);439;214;982;1;311;1262;402;1;219;1007;220
Plácido de Castro (AC);858;153;1001;38;177;405;150;-;4;42;28
Porto Walter (AC);185;146;506;4;54;554;64;-;2;117;24
Rio Branco (AC);1212;419;2164;171;663;1312;1007;5;52;330;77
Rodrigues Alves (AC);193;94;751;12;116;554;118;-;176;341;33
Santa Rosa do Purus (AC);59;40;83;-;72;113;28;-;-;50;23
Senador Guiomard (AC);721;91;848;59;149;392;269;-;5;47;7
Sena Madureira (AC);1287;628;1852;15;234;1555;997;1;302;797;232
Tarauacá (AC);1019;365;2125;31;649;1843;151;2;185;779;28
Xapuri (AC);572;201;1033;2;141;952;190;-;7;643;36
Porto Acre (AC);725;205;935;30;241;469;257;1;115;100;32
Alvarães (AM);26;44;265;3;37;646;194;-;188;148;32
Amaturá (AM);32;37;25;1;6;38;-;-;1;13;5
Anamã (AM);40;44;3;4;121;366;69;-;7;39;17
Anori (AM);17;5;11;1;112;674;150;-;9;146;211
Apuí (AM);678;250;696;9;153;462;235;-;4;43;12
Atalaia do Norte (AM);2;18;108;5;189;570;330;-;1;203;65
Autazes (AM);326;128;40;-;65;34;10;-;1;54;24
Barcelos (AM);2;7;26;-;3;853;22;-;-;677;2
Barreirinha (AM);333;123;564;3;120;605;484;-;4;117;83
Benjamin Constant (AM);9;44;222;31;551;928;113;-;11;32;82
Beruri (AM);12;5;51;-;76;524;73;-;4;59;49
Boa Vista do Ramos (AM);147;62;146;7;89;249;73;-;6;128;33
Boca do Acre (AM);336;71;390;2;359;1016;383;1;4;172;158
Borba (AM);51;43;51;1;114;343;18;-;-;79;6
Caapiranga (AM);27;15;113;-;228;265;192;-;66;60;8
Canutama (AM);53;40;55;-;26;315;25;-;50;49;69
Carauari (AM);90;88;234;10;264;1251;338;1;28;501;93
Careiro (AM);372;316;671;171;401;1302;340;-;7;166;17
Careiro da Várzea (AM);800;132;61;3;312;351;751;9;7;10;41
Coari (AM);39;43;296;4;634;1322;331;-;1;271;41
Codajás (AM);25;9;12;3;80;252;51;-;2;79;23
Eirunepé (AM);165;157;581;3;557;1473;356;1;187;641;53
Envira (AM);308;169;931;4;319;1173;601;1;73;810;154
Fonte Boa (AM);41;77;87;3;200;666;113;-;10;111;18
Guajará (AM);131;155;314;3;66;610;5;-;159;86;71
Humaitá (AM);71;17;13;-;20;25;13;-;-;6;4
Ipixuna (AM);132;95;158;-;170;517;49;-;7;40;24
Iranduba (AM);69;30;193;6;249;313;282;2;4;27;19
Itacoatiara (AM);612;214;353;8;580;493;247;2;4;171;67
Itamarati (AM);28;50;87;4;112;712;53;-;-;110;246
Itapiranga (AM);37;17;6;-;1;23;-;-;1;-;9
Japurá (AM);9;14;51;1;104;217;80;-;5;69;3
Juruá (AM);24;8;2;-;9;44;9;-;10;12;3
Jutaí (AM);34;131;705;2;562;1128;258;-;10;619;175
Lábrea (AM);312;243;1153;2;521;1815;1133;-;25;1197;541
Manacapuru (AM);204;74;358;44;558;1330;656;1;105;198;359
Manaquiri (AM);104;13;7;1;28;292;99;-;4;144;22
Manaus (AM);70;77;276;47;631;466;225;10;2;22;7
Manicoré (AM);188;154;455;1;428;728;214;1;4;566;33
Maraã (AM);21;76;79;3;449;536;115;-;6;64;5
Maués (AM);149;173;420;3;681;973;239;-;86;284;273
Nhamundá (AM);290;159;649;2;168;564;501;4;30;286;100
Nova Olinda do Norte (AM);55;18;57;-;52;76;73;-;1;39;3
Novo Airão (AM);10;30;129;-;56;335;115;1;2;56;80
Novo Aripuanã (AM);56;44;78;-;225;478;12;-;2;103;2
Parintins (AM);738;366;668;259;461;1663;1429;2;84;1355;125
Pauini (AM);42;40;388;-;255;1490;247;6;13;269;159
Presidente Figueiredo (AM);93;34;253;7;313;331;119;-;2;25;10
Rio Preto da Eva (AM);30;39;553;59;805;449;189;20;3;152;9
Santa Isabel do Rio Negro (AM);2;-;6;-;12;298;1;-;-;7;59
Santo Antônio do Içá (AM);21;79;147;2;436;716;144;-;-;33;15
São Gabriel da Cachoeira (AM);4;2;20;-;8;967;5;-;4;12;1
São Paulo de Olivença (AM);10;31;50;3;957;1252;86;-;1;26;199
São Sebastião do Uatumã (AM);37;11;60;-;60;116;124;-;6;49;19
Silves (AM);159;27;27;-;47;61;15;-;-;40;11
Tabatinga (AM);6;3;49;6;935;1420;40;-;-;289;76
Tapauá (AM);12;7;9;2;20;163;2;-;-;79;-
Tefé (AM);24;53;362;1;245;871;257;-;19;468;65
Tonantins (AM);17;6;4;1;30;1083;8;-;-;65;34
Uarini (AM);30;38;161;13;50;67;47;-;16;7;4
Urucará (AM);117;36;46;2;41;64;14;-;5;26;10
Urucurituba (AM);216;50;124;2;117;30;19;-;8;5;3
Amajari (RR);68;48;58;6;10;19;12;-;-;8;-
Alto Alegre (RR);324;118;226;2;66;206;54;-;1;33;3
Boa Vista (RR);20;9;18;-;11;124;68;3;-;1;-
Bonfim (RR);133;35;137;1;6;177;25;-;-;-;1
Cantá (RR);191;96;227;25;36;357;14;-;-;3;32
Caracaraí (RR);166;90;406;4;54;297;60;1;8;22;8
Caroebe (RR);138;63;235;4;213;48;159;-;-;78;3
Iracema (RR);29;16;40;2;12;20;2;-;-;-;2
Mucajaí (RR);161;61;272;11;44;117;44;-;2;2;1
Normandia (RR);99;47;192;-;25;140;65;-;2;1;1
Pacaraima (RR);22;9;10;2;4;13;1;-;-;-;1
Rorainópolis (RR);566;333;1164;4;358;751;96;-;9;142;41
São João da Baliza (RR);109;33;135;1;111;55;41;-;8;23;4
São Luiz (RR);270;67;293;5;58;175;33;-;-;60;15
Uiramutã (RR);45;8;10;-;9;14;4;-;2;9;2
Abaetetuba (PA);29;574;1478;15;3064;1795;210;8;58;2102;538
Abel Figueiredo (PA);141;24;17;-;7;16;1;-;2;-;2
Acará (PA);158;339;2087;10;1886;2442;193;3;295;1446;699
Afuá (PA);32;199;73;37;329;147;143;-;82;1048;-
Água Azul do Norte (PA);1235;349;1019;7;8;76;134;1;36;2;8
Alenquer (PA);1119;251;1771;88;355;1470;590;-;6;319;361
Almeirim (PA);300;150;307;-;64;238;14;-;1;120;26
Altamira (PA);933;308;1252;24;434;672;335;5;51;97;20
Anajás (PA);24;108;565;2;687;220;135;-;106;1098;43
Ananindeua (PA);-;6;36;-;152;23;32;1;-;-;-
Anapu (PA);601;223;724;-;261;807;77;-;4;14;7
Augusto Corrêa (PA);177;131;1015;4;156;1720;139;2;156;583;396
Aurora do Pará (PA);312;60;93;4;325;657;27;-;7;205;315
Aveiro (PA);407;118;424;8;117;1072;187;1;31;75;147
Bagre (PA);8;59;113;52;189;346;24;-;5;210;11
Baião (PA);226;42;174;5;1346;1130;53;-;7;165;266
Bannach (PA);262;49;106;1;1;26;37;-;-;-;-
Barcarena (PA);11;37;194;3;741;128;10;1;3;124;20
Belém (PA);7;80;178;9;173;60;39;3;1;278;3
Belterra (PA);33;7;166;2;15;249;2;-;-;7;142
Benevides (PA);7;7;28;3;16;6;10;10;4;13;1
Bom Jesus do Tocantins (PA);465;123;360;6;15;100;36;-;-;3;5
Bonito (PA);125;28;56;14;147;558;17;-;5;39;186
Bragança (PA);214;283;1716;17;208;3117;233;2;45;594;789
Brasil Novo (PA);1276;436;1304;6;716;624;171;1;12;20;47
Brejo Grande do Araguaia (PA);307;53;342;5;24;117;72;-;8;8;3
Breu Branco (PA);1064;230;1404;3;198;941;359;-;175;135;140
Breves (PA);16;164;240;199;198;274;156;-;421;1869;10
Bujaru (PA);45;283;779;5;446;2005;431;-;12;1292;634
Cachoeira do Piriá (PA);118;26;165;2;165;414;18;-;37;377;98
Cachoeira do Arari (PA);116;97;58;3;153;78;8;1;1;119;1
Cametá (PA);45;1814;3291;693;6822;2687;976;14;654;6556;998
Canaã dos Carajás (PA);684;164;591;4;35;134;55;-;2;3;7
Capanema (PA);88;25;7;-;27;682;6;1;2;5;58
Capitão Poço (PA);436;193;1158;36;978;1739;322;-;105;312;504
Castanhal (PA);114;97;296;12;393;634;213;7;7;42;34
Chaves (PA);217;257;76;1;106;64;35;-;102;125;6
Colares (PA);2;-;-;7;4;616;-;-;-;36;112
Conceição do Araguaia (PA);2141;639;2030;29;116;1034;303;-;168;17;72
Concórdia do Pará (PA);115;94;349;2;430;624;272;-;-;103;73
Cumaru do Norte (PA);577;327;618;1;35;510;126;-;11;4;12
Curionópolis (PA);228;66;190;7;22;18;44;-;-;8;2
Curralinho (PA);12;519;599;10;241;1060;438;21;13;2212;488
Curuá (PA);272;38;169;-;57;177;87;-;11;156;26
Curuçá (PA);9;7;28;4;162;629;93;-;8;44;202
Dom Eliseu (PA);323;142;331;-;54;174;22;-;5;2;10
Eldorado do Carajás (PA);1583;257;1168;8;29;188;28;-;12;17;6
Faro (PA);122;45;5;-;2;7;3;-;-;1;-
Floresta do Araguaia (PA);902;277;838;9;9;671;117;1;11;15;16
Garrafão do Norte (PA);409;94;826;-;326;1409;208;-;7;24;271
Goianésia do Pará (PA);705;93;913;-;30;299;146;-;37;12;25
Gurupá (PA);77;267;518;297;712;424;132;-;164;1715;58
Igarapé-Açu (PA);51;76;302;15;499;1063;222;1;23;134;62
Igarapé-Miri (PA);11;253;373;6;1405;412;167;-;140;1102;27
Inhangapi (PA);19;29;48;1;99;106;7;-;3;113;14
Ipixuna do Pará (PA);452;79;578;8;382;448;94;-;15;22;19
Irituia (PA);517;227;1081;12;288;1301;136;-;26;518;269
Itaituba (PA);543;101;886;15;57;958;231;-;16;15;100
Itupiranga (PA);969;146;912;25;124;1286;62;-;9;108;7
Jacareacanga (PA);46;1;7;1;1;3;2;-;-;1;-
Jacundá (PA);478;47;414;2;7;26;25;-;1;43;10
Juruti (PA);256;106;500;3;83;782;222;1;163;149;238
Limoeiro do Ajuru (PA);2;373;213;2;2183;45;448;-;8;736;2
Mãe do Rio (PA);125;57;143;13;119;249;15;-;3;84;10
Magalhães Barata (PA);4;8;10;1;27;266;15;-;2;4;172
Marabá (PA);1416;381;1570;29;219;1199;287;10;81;107;32
Maracanã (PA);40;73;289;9;328;1008;162;-;48;234;507
Marapanim (PA);16;9;49;21;196;1496;221;-;173;271;444
Marituba (PA);5;10;27;6;65;11;33;9;-;23;4
Medicilândia (PA);628;170;1293;15;2121;527;300;-;25;63;2
Melgaço (PA);4;15;1;114;83;147;14;-;5;654;80
Mocajuba (PA);20;109;420;80;748;754;17;-;40;219;12
Moju (PA);210;272;1337;2;1357;2160;146;1;83;423;642
Monte Alegre (PA);1674;793;2999;5;448;2747;635;-;229;112;934
Muaná (PA);116;891;431;7;1067;102;29;1;231;1287;13
Nova Esperança do Piriá (PA);316;92;1057;3;693;1159;605;-;7;143;72
Nova Ipixuna (PA);568;116;433;1;49;335;38;-;23;80;1
Nova Timboteua (PA);34;17;113;17;38;288;13;-;1;3;89
Novo Progresso (PA);192;18;108;2;5;12;6;1;4;1;-
Novo Repartimento (PA);1599;338;1928;174;244;1310;81;-;8;369;135
Óbidos (PA);917;265;1720;31;504;1711;719;3;140;799;178
Oeiras do Pará (PA);23;60;206;99;434;1370;5;-;19;1148;29
Oriximiná (PA);312;167;349;3;118;487;163;1;8;107;121
Ourém (PA);66;46;319;8;203;1043;80;-;5;69;632
Ourilândia do Norte (PA);447;72;510;2;41;97;201;-;31;36;3
Pacajá (PA);1861;767;2283;6;790;1340;381;2;354;258;81
Palestina do Pará (PA);213;1;161;-;-;164;-;-;-;-;1
Paragominas (PA);228;81;182;2;45;122;85;-;2;27;8
Parauapebas (PA);598;167;656;3;175;359;237;1;38;58;10
Pau D'Arco (PA);376;73;273;43;18;164;6;-;1;8;2
Peixe-Boi (PA);62;31;69;6;16;139;11;-;1;5;6
Piçarra (PA);928;222;845;6;29;144;83;-;31;10;5
Placas (PA);761;155;967;5;708;438;149;1;23;18;6
Ponta de Pedras (PA);78;70;27;4;668;77;5;-;7;1933;-
Portel (PA);30;152;510;1;338;1967;270;-;58;1083;607
Porto de Moz (PA);562;328;672;2;170;930;372;-;203;83;127
Prainha (PA);537;339;776;6;143;942;207;-;37;479;171
Primavera (PA);23;20;36;7;25;247;12;1;-;9;11
Quatipuru (PA);37;8;36;3;38;288;3;-;-;2;-
Redenção (PA);466;92;285;-;12;36;73;1;-;-;2
Rio Maria (PA);735;258;558;10;27;175;109;-;35;2;10
Rondon do Pará (PA);908;236;883;9;25;370;252;-;5;5;21
Rurópolis (PA);1262;547;1823;15;759;1186;651;-;38;80;98
Salinópolis (PA);2;15;43;5;17;201;19;1;76;10;41
Salvaterra (PA);29;16;11;-;15;208;13;-;8;16;68
Santa Bárbara do Pará (PA);6;5;9;2;11;4;1;2;1;13;1
Santa Cruz do Arari (PA);150;76;25;-;1;-;-;-;-;2;-
Santa Izabel do Pará (PA);61;44;123;10;479;552;416;2;1;121;66
Santa Luzia do Pará (PA);171;96;248;11;156;390;108;-;1;121;3
Santa Maria das Barreiras (PA);1878;487;1493;40;46;793;254;-;6;1;4
Santa Maria do Pará (PA);91;10;7;4;66;1432;22;-;3;5;75
Santana do Araguaia (PA);1533;217;1136;6;53;851;348;1;10;3;5
Santarém (PA);1353;1080;5049;113;1867;6293;1665;12;47;690;1260
Santarém Novo (PA);17;7;7;7;10;36;36;9;1;5;1
Santo Antônio do Tauá (PA);24;15;29;15;205;582;199;1;1;66;277
São Caetano de Odivelas (PA);16;16;34;21;119;350;30;-;9;22;109
São Domingos do Araguaia (PA);791;66;487;1;16;255;6;-;1;5;1
São Domingos do Capim (PA);114;105;184;5;458;2356;50;1;151;801;455
São Félix do Xingu (PA);3463;578;3740;7;251;1150;662;1;39;136;12
São Francisco do Pará (PA);23;14;13;2;109;656;119;1;3;10;117
São Geraldo do Araguaia (PA);1230;420;1235;33;84;280;151;-;148;213;13
São João da Ponta (PA);1;3;1;-;5;15;-;-;-;-;3
São João de Pirabas (PA);30;73;153;37;71;312;37;3;8;54;52
São João do Araguaia (PA);458;119;537;11;95;490;62;4;84;27;6
São Miguel do Guamá (PA);102;42;153;4;133;1187;48;-;39;22;93
São Sebastião da Boa Vista (PA);2;664;745;7;236;254;262;1;11;1934;79
Sapucaia (PA);119;2;8;-;1;7;1;-;-;-;-
Senador José Porfírio (PA);271;62;468;1;112;469;44;-;-;4;1
Soure (PA);80;27;12;1;6;1;4;-;-;2;1
Tailândia (PA);108;26;63;1;43;70;12;-;11;13;10
Terra Alta (PA);10;9;21;1;117;324;26;-;13;1;151
Terra Santa (PA);250;125;55;2;7;84;25;-;13;48;2
Tomé-Açu (PA);228;267;937;5;1028;894;485;-;8;376;161
Tracuateua (PA);234;125;1172;69;255;2566;40;-;35;328;583
Trairão (PA);333;110;498;7;140;460;101;-;2;139;15
Tucumã (PA);914;380;865;15;173;284;186;-;9;184;4
Tucuruí (PA);78;12;29;-;10;30;30;1;-;3;-
Ulianópolis (PA);113;39;171;1;19;149;118;1;1;-;1
Uruará (PA);869;290;1278;8;996;656;236;-;1;84;14
Vigia (PA);33;14;58;17;193;444;133;1;3;36;175
Viseu (PA);443;176;844;40;410;2466;326;3;39;890;465
Vitória do Xingu (PA);438;67;505;4;212;190;72;5;55;62;2
Xinguara (PA);765;73;395;1;6;35;87;2;1;-;2
Serra do Navio (AP);5;6;2;3;32;24;2;-;-;27;1
Amapá (AP);65;12;21;1;12;36;1;-;-;21;8
Pedra Branca do Amapari (AP);13;4;-;-;8;22;1;-;-;20;15
Calçoene (AP);40;19;36;-;46;64;19;-;2;33;10
Cutias (AP);41;8;1;-;2;3;1;-;-;3;3
Ferreira Gomes (AP);15;7;4;1;29;35;8;-;-;13;16
Itaubal (AP);20;8;2;-;12;15;14;-;-;6;5
Laranjal do Jari (AP);13;6;5;-;13;156;17;-;-;199;109
Macapá (AP);96;46;54;15;63;150;50;3;2;39;4
Mazagão (AP);20;72;114;4;176;199;45;-;8;154;63
Oiapoque (AP);29;6;14;8;15;93;63;-;-;13;39
Porto Grande (AP);32;8;13;13;475;561;50;-;2;44;30
Pracuúba (AP);55;26;13;-;6;15;1;-;-;1;9
Santana (AP);32;6;17;1;59;30;7;-;-;15;6
Tartarugalzinho (AP);135;42;34;22;44;69;23;-;-;8;5
Vitória do Jari (AP);9;3;9;-;5;55;1;-;-;3;5
Abreulândia (TO);143;38;90;2;3;29;1;-;-;-;-
Aguiarnópolis (TO);125;59;186;2;13;164;48;-;22;3;8
Aliança do Tocantins (TO);248;52;238;3;15;128;27;-;150;18;2
Almas (TO);183;71;295;8;5;136;3;-;2;1;13
Alvorada (TO);133;32;52;2;3;34;5;-;1;-;4
Ananás (TO);143;62;164;-;31;88;10;-;6;56;13
Angico (TO);162;57;162;2;54;185;16;2;91;80;14
Aparecida do Rio Negro (TO);193;83;231;-;22;128;59;-;-;2;9
Aragominas (TO);406;116;513;1;12;158;38;-;1;1;14
Araguacema (TO);215;60;287;-;47;249;59;1;97;88;4
Araguaçu (TO);447;137;454;4;13;91;66;-;2;2;1
Araguaína (TO);431;123;499;6;49;85;30;-;6;7;3
Araguanã (TO);112;10;122;-;2;6;19;-;-;2;1
Araguatins (TO);491;95;541;9;60;581;44;-;2;20;21
Arapoema (TO);242;94;215;1;4;60;45;-;10;4;3
Arraias (TO);451;154;548;-;15;331;69;-;69;2;20
Augustinópolis (TO);325;61;289;2;40;219;15;-;1;21;8
Aurora do Tocantins (TO);183;96;227;1;-;106;29;-;1;4;5
Axixá do Tocantins (TO);182;52;146;2;43;197;23;-;-;50;3
Babaçulândia (TO);422;55;347;4;110;311;88;-;6;12;44
Bandeirantes do Tocantins (TO);167;26;44;1;2;15;4;-;1;-;-
Barra do Ouro (TO);115;44;162;-;14;91;2;-;1;-;-
Barrolândia (TO);154;75;145;23;25;81;17;-;2;1;4
Bernardo Sayão (TO);467;163;390;4;9;105;62;-;6;-;1
Bom Jesus do Tocantins (TO);83;11;1;1;-;4;2;-;10;-;-
Brasilândia do Tocantins (TO);72;43;83;-;10;62;14;-;-;-;4
Brejinho de Nazaré (TO);138;47;130;14;2;100;18;-;2;2;1
Buriti do Tocantins (TO);119;52;106;-;1;62;6;-;-;18;-
Cachoeirinha (TO);54;31;42;2;7;45;6;-;-;2;2
Campos Lindos (TO);144;13;132;-;4;104;3;-;4;-;1
Cariri do Tocantins (TO);269;139;310;7;49;171;103;-;2;125;25
Carmolândia (TO);24;2;32;-;2;50;3;-;-;-;-
Carrasco Bonito (TO);67;11;30;-;2;28;2;-;-;-;-
Caseara (TO);176;45;229;1;13;58;10;-;24;-;2
Centenário (TO);120;14;180;-;3;92;3;-;-;-;1
Chapada de Areia (TO);61;36;66;1;2;31;16;-;8;-;-
Chapada da Natividade (TO);24;4;41;-;-;112;1;-;21;11;-
Colinas do Tocantins (TO);293;115;296;6;40;136;51;-;1;1;24
Combinado (TO);171;6;125;-;1;3;1;-;-;-;1
Conceição do Tocantins (TO);146;19;163;1;5;112;10;-;54;-;2
Couto Magalhães (TO);218;60;285;-;1;19;15;-;3;3;-
Cristalândia (TO);184;62;218;2;19;84;90;-;-;6;17
Crixás do Tocantins (TO);53;2;40;-;-;1;6;-;-;-;-
Darcinópolis (TO);111;19;180;1;49;371;12;-;1;1;11
Dianópolis (TO);119;40;218;-;13;73;12;-;-;66;-
Divinópolis do Tocantins (TO);325;135;490;1;1;92;58;-;2;2;2
Dois Irmãos do Tocantins (TO);564;189;686;5;57;325;31;-;15;3;6
Dueré (TO);352;99;319;4;28;100;143;-;7;159;11
Esperantina (TO);288;40;214;7;53;217;10;-;2;81;18
Fátima (TO);98;51;132;4;13;75;5;-;1;1;6
Figueirópolis (TO);196;122;231;3;4;81;4;1;6;9;3
Filadélfia (TO);490;126;576;1;60;342;72;-;5;13;8
Formoso do Araguaia (TO);709;283;789;3;56;249;55;-;222;2;36
Tabocão (TO);28;4;16;-;-;2;1;-;-;-;1
Goianorte (TO);449;143;320;1;3;181;32;-;7;1;-
Goiatins (TO);431;145;661;4;47;567;43;-;60;316;12
Guaraí (TO);357;70;311;2;18;108;63;-;34;21;13
Gurupi (TO);324;176;383;4;49;199;127;-;8;155;18
Ipueiras (TO);10;7;5;1;1;7;1;-;-;-;-
Itacajá (TO);364;82;360;2;9;214;5;-;2;1;4
Itaguatins (TO);151;35;212;3;18;272;13;-;5;8;6
Itapiratins (TO);228;93;268;2;34;221;25;-;-;7;20
Itaporã do Tocantins (TO);316;110;252;3;15;52;63;-;135;65;1
Jaú do Tocantins (TO);305;131;435;-;8;207;198;-;-;114;39
Juarina (TO);213;129;245;-;1;117;53;-;12;-;4
Lagoa da Confusão (TO);344;51;326;1;7;158;66;-;-;2;5
Lagoa do Tocantins (TO);76;8;153;-;-;104;41;-;5;1;-
Lajeado (TO);16;7;22;1;1;20;-;-;-;-;3
Lavandeira (TO);120;75;148;-;2;110;44;-;2;-;5
Lizarda (TO);173;6;227;-;-;5;-;-;-;1;1
Luzinópolis (TO);65;20;76;2;5;59;3;-;33;23;-
Marianópolis do Tocantins (TO);246;69;165;4;20;235;22;-;-;7;4
Mateiros (TO);55;11;54;-;-;17;-;-;1;-;-
Maurilândia do Tocantins (TO);207;33;300;-;11;266;81;-;1;6;2
Miracema do Tocantins (TO);373;158;507;17;100;397;71;-;12;12;9
Miranorte (TO);120;22;89;2;-;86;16;-;-;-;7
Monte do Carmo (TO);348;89;465;7;13;348;81;-;17;1;2
Monte Santo do Tocantins (TO);144;42;76;-;1;51;15;1;2;-;-
Palmeiras do Tocantins (TO);288;78;332;1;39;306;193;12;146;38;2
Muricilândia (TO);222;12;212;3;9;6;3;-;-;7;-
Natividade (TO);248;54;295;3;9;69;44;-;4;7;6
Nazaré (TO);118;35;169;8;43;148;12;-;1;38;4
Nova Olinda (TO);464;238;641;12;77;318;55;-;13;-;21
Nova Rosalândia (TO);111;41;117;1;12;105;10;-;-;-;7
Novo Acordo (TO);112;44;172;2;4;124;10;-;2;4;10
Novo Alegre (TO);42;14;64;-;1;10;7;-;-;-;1
Novo Jardim (TO);75;15;69;4;8;63;14;-;4;11;19
Oliveira de Fátima (TO);57;40;63;-;13;39;15;-;1;15;1
Palmeirante (TO);312;132;444;5;77;338;51;-;16;22;4
Palmeirópolis (TO);341;245;363;2;10;243;78;-;-;1;19
Paraíso do Tocantins (TO);320;189;253;4;27;145;42;-;5;3;5
Paranã (TO);624;32;908;-;36;524;59;-;378;12;6
Pau D'Arco (TO);411;166;341;6;2;102;8;-;-;-;9
Pedro Afonso (TO);146;89;163;-;4;100;-;-;1;-;-
Peixe (TO);453;160;488;2;16;272;51;-;154;32;4
Pequizeiro (TO);510;181;470;3;14;122;55;-;132;15;9
Colméia (TO);485;136;495;3;11;68;9;5;-;1;6
Pindorama do Tocantins (TO);294;49;297;-;9;172;54;-;-;-;15
Piraquê (TO);318;158;339;4;18;223;12;-;7;1;2
Pium (TO);342;154;301;6;16;181;51;-;10;11;7
Ponte Alta do Bom Jesus (TO);269;23;382;2;7;206;72;-;7;24;2
Ponte Alta do Tocantins (TO);375;96;423;6;59;291;62;-;42;44;55
Porto Alegre do Tocantins (TO);118;37;163;-;29;160;39;-;1;22;13
Porto Nacional (TO);460;224;735;6;67;445;181;2;3;34;10
Praia Norte (TO);138;31;28;1;2;61;9;-;2;27;3
Presidente Kennedy (TO);124;33;56;1;-;15;9;-;3;1;3
Pugmil (TO);94;33;85;-;2;45;1;-;-;-;2
Recursolândia (TO);137;25;263;1;7;126;-;-;4;3;3
Riachinho (TO);275;83;271;10;38;249;31;-;8;53;14
Rio da Conceição (TO);15;4;12;-;-;1;2;-;-;-;-
Rio dos Bois (TO);51;54;104;3;-;52;27;1;-;-;-
Rio Sono (TO);565;138;689;2;24;546;186;-;3;35;128
Sampaio (TO);55;15;57;3;13;67;4;-;4;27;5
Sandolândia (TO);335;160;350;6;1;21;1;-;1;-;2
Santa Fé do Araguaia (TO);134;24;38;-;-;6;2;-;-;-;-
Santa Maria do Tocantins (TO);135;28;205;1;5;84;78;-;-;-;1
Santa Rita do Tocantins (TO);99;9;81;1;-;29;8;-;1;2;-
Santa Rosa do Tocantins (TO);236;88;346;-;13;253;11;-;8;3;2
Santa Tereza do Tocantins (TO);161;74;134;1;22;108;8;-;-;27;11
Santa Terezinha do Tocantins (TO);148;63;118;6;26;138;59;-;-;47;35
São Bento do Tocantins (TO);194;47;215;2;28;200;51;-;4;101;21
São Félix do Tocantins (TO);90;2;108;-;20;110;9;-;-;1;-
São Miguel do Tocantins (TO);157;19;107;5;3;56;5;-;-;1;-
São Salvador do Tocantins (TO);154;90;231;2;19;186;50;-;5;-;3
São Sebastião do Tocantins (TO);156;22;41;4;3;145;6;1;-;-;-
São Valério (TO);275;81;347;3;31;136;60;-;22;37;4
Silvanópolis (TO);216;121;248;3;58;210;110;-;15;95;14
Sítio Novo do Tocantins (TO);243;50;165;2;8;166;6;-;-;3;2
Sucupira (TO);118;45;147;-;4;54;45;-;2;111;5
Taguatinga (TO);500;146;637;3;14;408;207;2;234;246;18
Taipas do Tocantins (TO);60;1;28;-;-;38;-;-;-;-;-
Talismã (TO);169;54;123;2;-;49;3;-;-;-;1
Palmas (TO);268;150;624;11;61;408;226;7;2;13;2
Tocantínia (TO);122;53;232;7;22;177;9;-;16;1;13
Tocantinópolis (TO);164;20;349;-;15;234;9;-;2;41;22
Tupirama (TO);63;43;107;1;4;84;13;-;-;-;1
Tupiratins (TO);114;12;281;-;-;241;2;-;-;-;12
Wanderlândia (TO);321;143;506;12;103;307;135;2;7;34;11
Xambioá (TO);219;44;166;-;54;63;24;-;-;2;3
Açailândia (MA);820;174;354;6;49;512;63;-;15;18;24
Afonso Cunha (MA);20;187;322;1;-;341;247;-;-;237;44
Água Doce do Maranhão (MA);96;20;60;11;192;951;7;-;-;-;109
Alcântara (MA);260;400;841;8;90;916;53;-;5;34;67
Aldeias Altas (MA);158;483;919;-;11;1314;195;-;-;563;62
Altamira do Maranhão (MA);196;7;16;5;5;281;5;-;-;237;82
Alto Alegre do Maranhão (MA);51;19;124;1;27;222;8;-;1;73;3
Alto Alegre do Pindaré (MA);352;30;161;5;51;644;8;-;-;345;31
Alto Parnaíba (MA);407;81;591;-;34;511;180;1;88;353;94
Amapá do Maranhão (MA);93;28;55;7;39;279;8;-;-;95;8
Amarante do Maranhão (MA);1428;426;1579;68;336;2276;190;-;36;490;358
Anajatuba (MA);148;189;21;5;35;1631;7;-;-;1;972
Anapurus (MA);52;201;41;19;52;1050;214;-;3;130;181
Apicum-Açu (MA);7;-;-;-;-;94;4;-;5;10;28
Araguanã (MA);234;3;37;16;78;324;4;-;-;8;2
Araioses (MA);257;321;1068;33;360;3294;105;-;-;67;1020
Arame (MA);435;168;356;1;55;1846;82;11;14;30;128
Arari (MA);151;50;76;15;26;434;63;-;-;84;34
Axixá (MA);110;131;441;9;58;632;157;1;18;234;117
Bacabal (MA);462;377;644;14;25;1462;300;-;20;2483;304
Bacabeira (MA);27;18;30;6;3;33;15;1;2;-;1
Bacuri (MA);127;89;211;3;46;417;136;3;1;295;157
Bacurituba (MA);47;77;104;2;13;131;3;-;3;263;56
Balsas (MA);686;370;1505;20;114;1299;432;-;80;645;72
Barão de Grajaú (MA);190;575;986;2;32;1368;5;-;1;502;175
Barra do Corda (MA);855;209;927;8;123;2052;77;1;5;27;10
Barreirinhas (MA);101;107;577;22;411;960;126;-;1;17;392
Belágua (MA);21;80;176;-;78;442;126;-;53;35;34
Bela Vista do Maranhão (MA);40;5;4;-;15;218;30;-;-;113;59
Benedito Leite (MA);191;119;289;3;26;319;59;-;5;294;33
Bequimão (MA);420;981;1922;38;253;1789;239;9;230;616;593
Bernardo do Mearim (MA);192;43;171;1;7;208;2;-;-;282;18
Boa Vista do Gurupi (MA);44;29;49;5;38;148;4;-;3;89;20
Bom Jardim (MA);487;90;313;25;19;1049;38;-;-;422;22
Bom Jesus das Selvas (MA);404;125;443;2;41;741;62;-;1;1;5
Bom Lugar (MA);228;117;384;3;7;858;8;1;2;1172;6
Brejo (MA);206;874;1126;18;221;1591;74;-;6;668;702
Brejo de Areia (MA);318;104;130;6;37;153;2;-;-;8;5
Buriti (MA);179;975;1648;25;91;2545;499;-;2;1089;248
Buriti Bravo (MA);247;113;627;5;78;1159;14;-;6;375;43
Buriticupu (MA);535;161;473;1;558;1063;7;-;25;13;170
Buritirana (MA);276;94;304;6;86;500;31;-;-;49;9
Cachoeira Grande (MA);27;13;247;-;-;1064;1;-;37;203;687
Cajapió (MA);94;209;473;8;40;712;250;-;1;183;414
Cajari (MA);310;540;1302;49;108;1135;190;-;193;945;600
Campestre do Maranhão (MA);206;134;233;6;37;241;60;-;2;37;33
Cândido Mendes (MA);130;116;311;-;13;687;39;-;179;225;69
Cantanhede (MA);57;57;407;5;3;2493;411;-;1;48;107
Capinzal do Norte (MA);136;89;272;2;20;512;20;-;6;232;9
Carolina (MA);615;137;858;6;71;796;244;-;89;68;26
Carutapera (MA);107;51;154;54;20;325;90;-;14;170;54
Caxias (MA);372;1033;2613;21;155;4730;805;1;25;1752;507
Cedral (MA);14;38;82;2;38;594;71;-;2;11;174
Central do Maranhão (MA);55;80;195;5;11;986;73;-;1;141;91
Centro do Guilherme (MA);236;24;188;6;-;268;11;-;-;18;7
Centro Novo do Maranhão (MA);264;44;367;11;7;290;31;-;-;85;3
Chapadinha (MA);286;1409;3059;31;45;3798;845;-;-;2613;483
Cidelândia (MA);453;87;334;5;28;174;59;-;2;52;5
Codó (MA);353;713;3297;8;96;5429;1236;-;35;3362;288
Coelho Neto (MA);95;201;213;2;11;1111;99;-;-;25;24
Colinas (MA);369;60;138;1;42;1455;31;-;-;412;14
Conceição do Lago-Açu (MA);147;26;183;2;11;387;29;-;1;202;15
Coroatá (MA);487;322;950;27;64;2759;246;1;14;1652;222
Cururupu (MA);92;97;249;4;50;679;223;1;136;196;233
Davinópolis (MA);75;52;81;4;17;44;44;1;-;-;2
Dom Pedro (MA);75;66;193;1;71;381;31;-;-;421;27
Duque Bacelar (MA);60;243;412;4;2;972;42;-;13;106;5
Esperantinópolis (MA);263;138;510;12;61;650;177;-;7;511;44
Estreito (MA);814;224;1025;12;93;787;108;-;13;226;108
Feira Nova do Maranhão (MA);501;196;708;4;34;501;21;-;53;29;12
Fernando Falcão (MA);97;13;89;1;24;334;24;-;10;38;11
Formosa da Serra Negra (MA);1166;422;1507;4;96;1304;19;-;558;255;509
Fortaleza dos Nogueiras (MA);690;322;998;3;71;830;85;-;558;272;6
Fortuna (MA);145;29;162;-;22;453;28;1;9;108;61
Godofredo Viana (MA);69;19;82;7;25;185;5;-;42;85;22
Gonçalves Dias (MA);347;153;331;2;35;651;22;-;1;281;8
Governador Archer (MA);132;58;151;2;19;247;3;-;-;204;28
Governador Edison Lobão (MA);128;14;77;10;21;87;15;-;-;1;-
Governador Eugênio Barros (MA);126;50;122;1;9;509;-;-;1;1081;100
Governador Luiz Rocha (MA);124;33;130;-;14;517;16;-;3;91;9
Governador Newton Bello (MA);225;38;138;7;11;228;71;-;1;24;53
Governador Nunes Freire (MA);221;61;416;12;182;603;166;-;2;153;56
Graça Aranha (MA);160;49;191;2;44;376;12;-;1;365;17
Grajaú (MA);851;286;1566;21;132;2001;248;-;44;695;767
Guimarães (MA);45;56;290;4;6;709;29;-;6;6;285
Humberto de Campos (MA);40;83;34;-;16;663;11;-;134;2;39
Icatu (MA);20;58;90;1;18;1492;59;1;2;19;479
Igarapé do Meio (MA);61;3;4;1;1;133;-;-;-;754;77
Igarapé Grande (MA);196;78;261;5;27;535;24;-;-;597;110
Imperatriz (MA);368;141;264;23;110;260;166;3;5;52;13
Itaipava do Grajaú (MA);443;282;525;2;7;871;78;-;-;2;4
Itapecuru Mirim (MA);237;314;1788;17;112;2857;209;2;80;789;696
Itinga do Maranhão (MA);310;198;395;1;136;597;19;-;63;-;4
Jatobá (MA);86;42;49;2;14;497;2;-;-;2;2
Jenipapo dos Vieiras (MA);500;212;323;3;34;1220;5;1;2;-;1
João Lisboa (MA);241;58;180;14;18;82;23;-;1;15;2
Joselândia (MA);404;110;217;1;55;1010;25;-;-;1019;14
Junco do Maranhão (MA);66;11;43;51;19;91;6;-;-;17;7
Lago da Pedra (MA);463;418;937;19;57;1517;31;-;-;221;5
Lago do Junco (MA);188;120;281;11;16;484;26;2;1;616;53
Lago Verde (MA);97;16;87;1;7;202;2;-;1;578;15
Lagoa do Mato (MA);324;152;322;2;43;1271;1;-;1;723;195
Lago dos Rodrigues (MA);147;63;108;7;40;313;74;-;2;311;43
Lagoa Grande do Maranhão (MA);168;86;153;-;22;373;8;-;-;-;2
Lajeado Novo (MA);425;102;458;5;36;389;19;-;1;121;32
Lima Campos (MA);208;168;317;6;141;620;27;-;-;386;11
Loreto (MA);341;148;585;9;59;652;116;12;1;153;58
Luís Domingues (MA);30;12;52;5;35;333;8;-;1;220;-
Magalhães de Almeida (MA);99;71;66;3;41;1620;3;-;-;4;100
Maracaçumé (MA);59;9;90;12;22;137;82;-;-;11;18
Marajá do Sena (MA);235;217;373;-;2;242;1;-;10;1;70
Maranhãozinho (MA);255;89;343;39;36;194;30;2;-;27;5
Mata Roma (MA);39;314;487;10;138;793;22;1;-;131;123
Matinha (MA);411;190;835;91;29;1265;30;1;6;288;471
Matões (MA);227;632;1897;4;216;2362;164;-;11;1391;1367
Matões do Norte (MA);105;117;677;2;14;1125;539;1;1;35;147
Milagres do Maranhão (MA);51;161;199;6;31;446;230;-;-;95;11
Mirador (MA);615;76;1532;3;122;1784;14;3;20;1083;677
Miranda do Norte (MA);51;12;47;-;11;292;4;-;-;-;94
Mirinzal (MA);105;90;232;10;14;962;312;-;8;182;381
Monção (MA);366;155;753;3;66;2373;234;-;2;1294;1101
Montes Altos (MA);491;234;565;7;160;548;124;-;40;136;54
Morros (MA);45;103;247;5;8;1650;124;-;8;4;593
Nina Rodrigues (MA);36;94;496;1;23;690;171;4;2;306;254
Nova Colinas (MA);260;171;381;9;27;338;20;-;6;88;4
Nova Iorque (MA);83;54;66;-;11;104;-;-;1;24;33
Nova Olinda do Maranhão (MA);418;34;357;70;164;547;13;-;-;58;6
Olho d'Água das Cunhãs (MA);196;40;63;15;21;157;8;-;-;34;7
Olinda Nova do Maranhão (MA);180;217;397;9;28;934;94;-;69;164;469
Paço do Lumiar (MA);124;214;473;52;604;264;823;45;28;93;11
Palmeirândia (MA);284;591;1483;15;90;1486;629;-;7;856;707
Paraibano (MA);220;96;796;-;20;972;14;-;-;11;12
Parnarama (MA);331;456;1585;4;36;3276;57;-;-;1394;573
Passagem Franca (MA);407;160;1097;-;68;1247;77;-;9;1186;582
Pastos Bons (MA);280;42;393;2;56;712;11;-;7;13;7
Paulino Neves (MA);114;235;712;16;292;917;399;-;10;521;401
Paulo Ramos (MA);145;67;149;4;17;100;18;-;1;56;1
Pedreiras (MA);173;86;528;4;218;782;89;-;-;590;179
Pedro do Rosário (MA);434;329;2168;44;123;2908;247;-;21;607;836
Penalva (MA);245;164;947;23;57;2096;551;-;3;1750;538
Peri Mirim (MA);142;329;969;40;105;1333;366;5;12;420;560
Peritoró (MA);112;96;173;2;3;259;13;-;-;110;7
Pindaré-Mirim (MA);86;12;14;9;10;666;6;1;-;350;1
Pinheiro (MA);362;489;926;96;79;1922;572;-;17;923;514
Pio XII (MA);113;8;21;5;13;206;14;-;2;1035;19
Pirapemas (MA);169;282;323;3;18;1209;136;-;1;103;71
Poção de Pedras (MA);263;64;115;5;22;437;16;-;-;784;5
Porto Franco (MA);585;261;653;9;77;588;61;1;1;276;166
Porto Rico do Maranhão (MA);6;17;45;-;-;347;20;-;1;3;19
Presidente Dutra (MA);222;135;488;8;34;665;39;-;1;804;3
Presidente Juscelino (MA);56;184;25;11;11;1353;90;-;2;290;547
Presidente Médici (MA);152;27;95;14;23;234;39;-;-;24;4
Presidente Sarney (MA);359;272;1226;16;57;1126;151;-;3;116;215
Presidente Vargas (MA);21;35;52;-;1;1176;7;-;-;77;209
Primeira Cruz (MA);62;133;114;1;211;526;121;-;9;121;197
Raposa (MA);7;3;16;4;14;55;235;1;1;2;-
Riachão (MA);683;150;1192;9;11;1320;51;-;772;-;5
Ribamar Fiquene (MA);211;82;276;7;46;208;90;1;4;2;31
Rosário (MA);38;81;184;10;70;733;165;1;39;100;205
Sambaíba (MA);321;145;493;6;76;466;242;-;43;70;4
Santa Filomena do Maranhão (MA);123;12;28;1;5;177;-;-;-;181;80
Santa Helena (MA);361;421;984;12;79;1434;245;-;19;157;219
Santa Inês (MA);135;13;49;8;10;208;3;-;-;106;20
Santa Luzia (MA);878;292;437;14;112;1249;58;-;7;975;205
Santa Luzia do Paruá (MA);293;48;372;165;166;420;58;-;-;156;56
Santa Quitéria do Maranhão (MA);108;218;291;8;33;2194;99;-;2;132;312
Santa Rita (MA);161;127;147;28;32;1350;92;1;7;102;377
Santana do Maranhão (MA);50;100;605;-;159;890;136;-;31;206;297
Santo Amaro do Maranhão (MA);57;155;36;1;271;722;5;-;2;31;151
Santo Antônio dos Lopes (MA);224;216;643;3;164;1020;7;-;1;1218;81
São Benedito do Rio Preto (MA);59;459;596;6;5;1271;3;-;-;309;71
São Bento (MA);219;219;960;60;52;1240;215;-;85;233;478
São Bernardo (MA);209;529;1372;8;416;2094;126;1;9;165;394
São Domingos do Azeitão (MA);129;91;206;4;5;195;15;-;-;83;6
São Domingos do Maranhão (MA);320;125;324;2;121;961;71;-;14;197;27
São Félix de Balsas (MA);252;150;570;-;18;482;41;1;9;252;16
São Francisco do Brejão (MA);333;59;145;1;2;31;6;-;2;-;1
São Francisco do Maranhão (MA);214;433;823;3;33;1130;81;-;2;367;4
São João Batista (MA);116;163;439;24;63;1581;27;-;3;11;797
São João do Carú (MA);255;50;119;12;18;483;22;-;6;8;51
São João do Paraíso (MA);835;282;911;10;102;769;112;-;11;186;54
São João do Soter (MA);60;42;119;1;4;1426;1;-;-;101;1
São João dos Patos (MA);243;53;212;1;25;447;12;-;1;40;5
São José de Ribamar (MA);16;26;37;11;45;124;216;3;-;16;1
São José dos Basílios (MA);183;114;147;1;17;763;-;-;-;590;70
São Luís (MA);23;70;132;34;160;569;596;12;1;104;57
São Luís Gonzaga do Maranhão (MA);368;148;1534;7;137;2023;86;-;1;1680;370
São Mateus do Maranhão (MA);163;71;242;-;46;338;3;-;6;90;109
São Pedro da Água Branca (MA);115;31;96;1;8;68;9;-;1;1;2
São Pedro dos Crentes (MA);244;89;228;3;14;179;70;-;9;186;2
São Raimundo das Mangabeiras (MA);301;105;593;11;61;627;42;-;34;172;7
São Raimundo do Doca Bezerra (MA);107;41;79;-;3;96;9;-;-;1;2
São Roberto (MA);65;31;63;2;15;307;6;-;4;3;75
São Vicente Ferrer (MA);169;450;598;8;59;2270;212;-;5;63;1411
Satubinha (MA);147;30;145;13;14;583;93;-;3;296;26
Senador Alexandre Costa (MA);123;55;228;-;42;609;85;-;-;535;97
Senador La Rocque (MA);347;115;234;2;88;350;57;1;-;27;3
Serrano do Maranhão (MA);64;43;117;-;20;1058;69;-;2;121;32
Sítio Novo (MA);1153;289;1268;15;165;1659;229;3;38;1266;1107
Sucupira do Norte (MA);206;55;96;-;53;874;5;-;11;394;135
Sucupira do Riachão (MA);77;20;120;-;3;166;7;-;1;30;5
Tasso Fragoso (MA);185;48;238;-;41;289;52;1;24;131;8
Timbiras (MA);162;307;1327;4;15;2470;1;-;-;802;17
Timon (MA);195;597;1250;35;214;2006;400;2;74;447;205
Trizidela do Vale (MA);91;27;159;3;16;293;85;1;3;347;1
Tufilândia (MA);62;5;4;1;4;118;-;-;-;64;11
Tuntum (MA);769;260;1142;2;24;1457;336;-;6;111;9
Turiaçu (MA);417;311;1063;5;295;3383;1017;9;231;536;690
Turilândia (MA);180;62;637;6;82;775;164;-;3;93;117
Tutóia (MA);115;74;659;14;134;1829;414;-;413;569;1063
Urbano Santos (MA);55;268;724;37;43;1410;24;-;1;255;569
Vargem Grande (MA);138;436;979;7;22;2946;485;-;1;988;114
Viana (MA);414;495;1253;116;186;2219;564;-;32;913;538
Vila Nova dos Martírios (MA);235;77;61;2;3;53;2;-;2;-;1
Vitória do Mearim (MA);221;85;531;38;68;1020;161;-;29;510;377
Vitorino Freire (MA);461;109;238;33;15;485;15;-;1;258;82
Zé Doca (MA);768;142;769;34;309;1112;218;1;-;600;157
Acauã (PI);657;770;956;8;1;1105;40;-;57;461;1
Agricolândia (PI);21;44;129;1;27;325;2;-;1;42;78
Água Branca (PI);20;17;22;-;20;324;12;-;-;2;1
Alagoinha do Piauí (PI);334;507;971;75;1169;2299;32;-;114;693;26
Alegrete do Piauí (PI);154;160;210;1;21;305;4;-;20;14;1
Alto Longá (PI);247;1171;1525;12;348;1516;77;1;11;264;49
Altos (PI);166;634;644;10;199;1512;57;-;2;198;48
Alvorada do Gurguéia (PI);263;47;215;6;21;323;12;-;1;4;26
Amarante (PI);328;726;1500;5;156;1820;98;-;233;237;432
Angical do Piauí (PI);86;54;35;4;9;378;5;-;-;14;-
Anísio de Abreu (PI);150;322;542;99;9;928;6;-;11;6;7
Antônio Almeida (PI);58;19;164;-;18;158;53;-;-;4;-
Aroazes (PI);132;181;186;7;22;554;16;-;-;-;2
Aroeiras do Itaim (PI);150;268;551;15;35;630;4;-;4;20;1
Arraial (PI);105;346;385;1;10;557;1;-;-;41;1
Assunção do Piauí (PI);183;224;379;-;67;1118;46;-;1;3;5
Avelino Lopes (PI);379;470;1084;36;2;1146;113;-;236;252;52
Baixa Grande do Ribeiro (PI);339;116;617;1;65;493;95;2;6;240;19
Barra D'Alcântara (PI);78;204;240;2;8;498;5;-;5;101;22
Barras (PI);499;1642;2821;16;579;3479;344;1;77;1558;1308
Barreiras do Piauí (PI);138;91;88;-;11;96;27;-;4;5;2
Barro Duro (PI);26;55;204;2;26;378;12;1;2;23;13
Batalha (PI);548;1600;2174;57;396;2243;70;5;38;178;183
Bela Vista do Piauí (PI);390;419;435;145;14;563;19;-;14;446;2
Belém do Piauí (PI);139;240;363;29;78;374;28;-;77;6;12
Beneditinos (PI);142;627;679;-;127;754;106;-;-;85;24
Bertolínia (PI);181;79;357;1;9;262;112;-;115;201;43
Betânia do Piauí (PI);638;834;972;35;2;1639;57;-;265;4;9
Boa Hora (PI);41;266;484;-;104;481;3;-;-;53;147
Bocaina (PI);212;224;320;17;123;879;74;-;6;142;7
Bom Jesus (PI);364;105;696;8;98;749;133;-;228;420;7
Bom Princípio do Piauí (PI);143;302;375;2;247;758;376;1;4;11;71
Bonfim do Piauí (PI);181;667;919;251;67;1112;105;-;-;52;35
Boqueirão do Piauí (PI);75;428;701;-;94;731;2;-;-;3;22
Brasileira (PI);78;434;537;19;135;643;68;-;7;77;92
Brejo do Piauí (PI);204;268;408;1;38;453;173;-;8;429;20
Buriti dos Lopes (PI);126;224;306;1;64;1461;43;-;-;20;109
Buriti dos Montes (PI);378;582;972;2;128;1310;265;-;6;177;26
Cabeceiras do Piauí (PI);208;826;1126;3;247;1248;10;-;-;286;403
Cajazeiras do Piauí (PI);137;292;420;1;8;526;87;-;3;15;2
Cajueiro da Praia (PI);72;159;258;6;180;573;8;-;-;2;39
Caldeirão Grande do Piauí (PI);166;359;726;6;1;1020;4;-;88;1;2
Campinas do Piauí (PI);452;522;671;84;17;1085;36;-;4;40;27
Campo Alegre do Fidalgo (PI);220;537;689;6;4;899;1;-;2;498;2
Campo Grande do Piauí (PI);198;279;558;95;627;1031;10;1;11;10;3
Campo Largo do Piauí (PI);86;477;644;3;8;734;7;-;-;344;374
Campo Maior (PI);534;1795;2389;35;680;1826;432;7;14;339;78
Canavieira (PI);175;146;237;-;7;409;-;-;-;2;2
Canto do Buriti (PI);613;838;1644;53;191;2483;259;-;10;547;48
Capitão de Campos (PI);114;333;186;-;238;890;18;-;21;20;4
Capitão Gervásio Oliveira (PI);197;549;610;-;4;648;-;-;131;49;-
Caracol (PI);293;274;901;57;17;1218;86;-;24;-;21
Caraúbas do Piauí (PI);194;352;403;1;44;695;4;-;-;80;10
Caridade do Piauí (PI);226;413;450;19;2;577;28;-;8;259;24
Castelo do Piauí (PI);194;680;1067;4;76;1245;74;-;-;26;5
Caxingó (PI);68;139;247;1;61;768;-;-;-;7;7
Cocal (PI);451;1330;1708;18;1281;2851;222;1;85;59;246
Cocal de Telha (PI);41;210;326;1;70;295;20;-;-;32;4
Cocal dos Alves (PI);87;342;188;-;525;577;-;-;-;2;26
Coivaras (PI);99;314;393;3;128;408;6;-;-;186;163
Colônia do Gurguéia (PI);115;32;38;2;50;159;5;-;12;58;4
Colônia do Piauí (PI);318;505;861;116;157;991;6;-;13;25;19
Conceição do Canindé (PI);253;277;373;199;23;574;6;-;9;224;27
Coronel José Dias (PI);153;555;634;77;34;658;3;-;-;-;3
Corrente (PI);742;401;1151;5;149;1133;109;-;28;480;46
Cristalândia do Piauí (PI);518;311;730;-;21;611;31;-;30;8;31
Cristino Castro (PI);215;46;169;5;103;312;15;1;235;20;23
Curimatá (PI);555;325;857;1;12;792;127;-;71;12;14
Currais (PI);197;56;314;-;49;414;15;-;29;378;42
Curralinhos (PI);48;147;295;11;32;533;-;-;-;39;358
Curral Novo do Piauí (PI);267;469;567;11;1;734;29;-;10;243;3
Demerval Lobão (PI);50;185;276;5;123;344;7;-;18;91;14
Dirceu Arcoverde (PI);294;1008;904;62;27;1153;120;-;11;227;34
Dom Expedito Lopes (PI);64;43;96;5;189;219;16;-;14;24;2
Domingos Mourão (PI);143;443;480;1;68;529;4;-;33;54;18
Dom Inocêncio (PI);575;1432;1440;39;4;1688;24;-;21;566;2
Elesbão Veloso (PI);260;428;492;6;22;1246;5;-;16;31;13
Eliseu Martins (PI);160;151;238;3;98;409;24;-;92;84;7
Esperantina (PI);278;868;1081;48;276;1672;160;-;5;589;259
Fartura do Piauí (PI);172;746;854;120;15;802;36;-;-;-;109
Flores do Piauí (PI);157;275;443;18;129;660;10;12;22;9;1
Floresta do Piauí (PI);154;259;383;26;11;422;39;-;-;82;22
Floriano (PI);358;763;1106;37;182;1168;271;3;16;319;140
Francinópolis (PI);121;173;282;3;17;606;30;-;1;51;6
Francisco Ayres (PI);127;268;410;1;4;726;1;-;1;2;-
Francisco Macedo (PI);107;141;317;2;-;337;5;-;1;61;11
Francisco Santos (PI);193;77;416;24;635;794;32;-;-;4;8
Fronteiras (PI);307;460;698;12;4;1100;116;-;71;64;4
Geminiano (PI);235;257;559;110;332;897;13;-;-;224;8
Gilbués (PI);282;347;839;-;27;868;78;-;4;196;43
Guadalupe (PI);70;104;142;4;41;136;7;-;-;46;55
Guaribas (PI);24;60;239;1;1;586;-;-;34;-;39
Hugo Napoleão (PI);31;40;42;-;34;374;9;-;1;1;4
Ilha Grande (PI);45;27;33;5;35;258;10;-;-;1;26
Inhuma (PI);386;693;1273;90;1336;1806;453;-;28;695;278
Ipiranga do Piauí (PI);137;210;356;14;728;1216;54;1;38;253;82
Isaías Coelho (PI);400;884;1090;253;71;1390;9;1;46;131;39
Itainópolis (PI);668;1196;1888;401;221;2333;230;-;18;1150;24
Itaueira (PI);463;822;1192;25;246;1455;94;1;152;54;184
Jacobina do Piauí (PI);689;843;764;114;29;951;1;-;10;324;21
Jaicós (PI);237;714;1257;96;1198;2070;4;-;11;287;14
Jardim do Mulato (PI);71;62;77;3;64;535;6;-;-;17;253
Jatobá do Piauí (PI);145;474;551;6;47;651;4;-;-;21;29
Jerumenha (PI);103;120;140;1;14;123;6;-;1;30;2
João Costa (PI);149;308;350;28;7;530;5;-;13;168;-
Joaquim Pires (PI);237;765;1045;21;146;1203;10;-;-;37;91
Joca Marques (PI);62;275;452;2;8;630;-;-;2;3;6
José de Freitas (PI);275;1218;1246;11;51;2042;338;-;24;191;490
Juazeiro do Piauí (PI);92;268;181;4;12;314;2;-;1;11;-
Júlio Borges (PI);501;438;736;1;17;621;41;2;1;1;68
Jurema (PI);142;237;501;131;4;787;33;-;51;23;2
Lagoinha do Piauí (PI);6;14;53;-;4;213;2;-;-;-;-
Lagoa Alegre (PI);40;361;365;3;1;704;-;-;-;121;140
Lagoa do Barro do Piauí (PI);283;437;736;26;7;779;35;-;-;620;4
Lagoa de São Francisco (PI);53;374;54;35;207;631;20;-;-;35;3
Lagoa do Piauí (PI);57;306;404;2;75;468;127;1;13;177;70
Lagoa do Sítio (PI);189;497;690;25;617;1237;180;-;190;274;138
Landri Sales (PI);157;176;453;1;47;517;70;-;-;255;158
Luís Correia (PI);347;911;1537;8;542;2180;288;-;5;33;150
Luzilândia (PI);255;880;1607;9;31;1848;129;1;1;185;69
Madeiro (PI);110;381;621;6;113;803;360;1;43;248;297
Manoel Emídio (PI);177;76;148;8;81;399;3;-;2;47;7
Marcolândia (PI);63;71;132;2;-;373;-;-;2;-;3
Marcos Parente (PI);64;101;100;-;6;235;1;-;-;2;2
Massapê do Piauí (PI);257;494;663;8;20;911;6;-;135;123;81
Matias Olímpio (PI);64;310;436;5;34;602;98;-;2;232;24
Miguel Alves (PI);251;1659;3008;16;93;3707;39;-;40;2450;943
Miguel Leão (PI);8;13;21;-;8;88;-;-;-;2;42
Milton Brandão (PI);204;780;961;4;422;1091;124;-;8;136;82
Monsenhor Gil (PI);103;373;616;11;83;811;27;1;2;75;240
Monsenhor Hipólito (PI);362;335;960;83;918;1302;37;-;11;3;24
Monte Alegre do Piauí (PI);407;192;898;8;144;904;172;-;79;101;28
Morro Cabeça no Tempo (PI);135;96;235;7;2;301;3;-;66;1;5
Morro do Chapéu do Piauí (PI);71;277;266;10;27;308;2;-;4;46;52
Murici dos Portelas (PI);109;236;250;13;181;852;3;-;-;5;114
Nazaré do Piauí (PI);202;286;426;3;67;492;49;1;1;12;7
Nossa Senhora de Nazaré (PI);96;445;570;1;90;340;24;-;2;117;24
Nossa Senhora dos Remédios (PI);82;501;744;3;11;877;34;-;5;745;322
Novo Oriente do Piauí (PI);242;288;335;9;99;858;57;-;-;11;47
Novo Santo Antônio (PI);180;448;547;1;33;542;98;-;2;33;93
Oeiras (PI);874;1695;2844;115;748;3002;412;3;123;702;363
Olho D'Água do Piauí (PI);47;47;62;2;39;390;7;-;-;-;4
Padre Marcos (PI);248;386;512;10;39;645;6;-;35;2;-
Paes Landim (PI);187;289;432;165;33;514;11;-;-;-;20
Pajeú do Piauí (PI);137;232;426;11;51;591;8;-;1;14;18
Palmeira do Piauí (PI);224;67;512;1;354;518;48;-;1;437;89
Palmeirais (PI);99;155;382;6;39;1362;5;-;1;63;6
Paquetá (PI);333;495;759;46;365;930;4;-;10;603;194
Parnaguá (PI);521;221;626;2;16;392;94;-;147;99;23
Parnaíba (PI);192;121;442;9;309;716;88;1;-;31;79
Passagem Franca do Piauí (PI);57;218;367;-;24;381;63;-;-;86;163
Patos do Piauí (PI);474;786;883;291;126;1273;14;-;76;338;41
Pau D'Arco do Piauí (PI);97;263;31;2;188;474;1;-;4;54;124
Paulistana (PI);827;1104;1254;64;7;1654;29;-;2;121;19
Pavussu (PI);183;457;527;13;112;616;51;-;1;107;145
Pedro II (PI);283;1733;2025;42;906;2612;209;3;28;274;88
Pedro Laurentino (PI);175;274;302;54;7;348;16;-;2;106;17
Nova Santa Rita (PI);369;412;660;30;7;735;1;-;7;138;2
Picos (PI);654;682;2005;124;433;2883;187;1;78;250;119
Pimenteiras (PI);349;585;973;190;232;2042;318;1;3;318;14
Pio IX (PI);409;1041;1678;45;827;2983;94;1;212;514;43
Piracuruca (PI);315;1031;1267;48;580;1189;129;1;77;401;66
Piripiri (PI);279;1050;1462;12;346;2596;369;-;8;285;212
Porto (PI);47;213;377;4;17;777;42;-;2;220;521
Porto Alegre do Piauí (PI);52;46;168;1;4;210;-;-;-;2;1
Prata do Piauí (PI);42;125;100;1;3;107;3;-;-;19;52
Queimada Nova (PI);894;1151;1365;2;31;1721;3;-;243;311;29
Redenção do Gurguéia (PI);222;73;432;1;104;381;131;-;162;96;4
Regeneração (PI);115;286;376;6;71;627;23;-;2;118;110
Riacho Frio (PI);409;102;541;1;13;239;51;-;118;266;52
Ribeira do Piauí (PI);106;139;252;10;2;366;-;-;2;119;4
Ribeiro Gonçalves (PI);150;41;244;2;69;231;29;1;3;143;16
Rio Grande do Piauí (PI);156;259;495;20;147;575;4;-;41;42;22
Santa Cruz do Piauí (PI);204;268;398;74;68;503;14;-;-;47;40
Santa Cruz dos Milagres (PI);43;104;167;7;4;217;37;-;18;20;15
Santa Filomena (PI);184;78;358;3;22;365;58;-;76;30;6
Santa Luz (PI);215;40;168;1;7;323;10;-;7;5;5
Santana do Piauí (PI);153;111;215;14;210;920;50;-;50;207;198
Santa Rosa do Piauí (PI);149;222;296;-;20;546;47;-;-;4;3
Santo Antônio de Lisboa (PI);200;142;241;56;676;712;94;-;2;10;15
Santo Antônio dos Milagres (PI);5;20;21;-;3;90;-;-;-;-;-
Santo Inácio do Piauí (PI);159;247;258;124;46;426;6;-;19;69;3
São Braz do Piauí (PI);102;231;295;128;72;817;3;-;6;-;5
São Félix do Piauí (PI);152;205;200;3;13;206;14;-;1;26;25
São Francisco de Assis do Piauí (PI);354;655;775;177;11;970;7;-;5;29;1
São Francisco do Piauí (PI);246;542;915;42;51;937;77;-;7;8;70
São Gonçalo do Gurguéia (PI);133;2;229;-;-;2;137;-;3;1;2
São Gonçalo do Piauí (PI);64;38;48;4;54;291;1;-;-;4;2
São João da Canabrava (PI);138;174;278;5;210;855;17;-;1;3;11
São João da Fronteira (PI);74;173;199;6;145;284;3;-;1;23;6
São João da Serra (PI);304;564;685;4;7;752;26;-;1;9;7
São João da Varjota (PI);124;280;470;6;266;555;81;1;103;102;20
São João do Arraial (PI);58;275;550;1;21;631;3;-;-;373;229
São João do Piauí (PI);519;908;1108;81;58;1495;157;1;175;90;10
São José do Divino (PI);113;276;342;5;26;480;37;-;-;26;2
São José do Peixe (PI);131;157;156;9;3;325;19;-;-;2;-
São José do Piauí (PI);284;201;576;107;549;2147;51;-;6;11;176
São Julião (PI);166;277;447;2;150;563;42;-;2;79;12
São Lourenço do Piauí (PI);197;851;875;76;11;887;185;-;1;-;4
São Luis do Piauí (PI);126;292;354;-;7;526;23;-;-;-;3
São Miguel da Baixa Grande (PI);46;160;173;1;10;250;5;-;-;8;2
São Miguel do Fidalgo (PI);125;177;220;67;27;246;1;-;1;1;6
São Miguel do Tapuio (PI);418;932;1546;19;149;2303;112;-;12;61;56
São Pedro do Piauí (PI);138;194;380;8;113;743;28;-;8;113;28
São Raimundo Nonato (PI);327;1318;2130;433;842;2932;144;3;26;172;80
Sebastião Barros (PI);414;308;600;1;22;403;72;-;-;4;18
Sebastião Leal (PI);114;27;44;-;4;325;2;-;-;12;1
Sigefredo Pacheco (PI);224;801;837;8;247;1239;111;-;4;42;12
Simões (PI);350;670;1267;36;20;1740;45;1;92;38;65
Simplício Mendes (PI);399;440;504;152;53;884;9;-;3;116;5
Socorro do Piauí (PI);102;274;334;25;3;442;4;-;7;60;4
Sussuapara (PI);148;238;722;19;73;1019;73;1;65;-;16
Tamboril do Piauí (PI);138;272;333;-;25;488;6;-;215;222;8
Tanque do Piauí (PI);48;176;265;2;25;380;43;-;-;56;34
Teresina (PI);307;1142;2460;81;602;3097;2111;39;15;588;242
União (PI);340;1672;2544;7;231;2930;447;3;8;986;530
Uruçuí (PI);290;130;798;4;35;901;360;-;25;328;18
Valença do Piauí (PI);142;359;507;14;226;1019;26;-;5;169;13
Várzea Branca (PI);201;536;817;181;41;853;175;1;32;212;71
Várzea Grande (PI);89;312;418;2;37;418;7;-;8;66;28
Vera Mendes (PI);170;468;506;117;118;644;16;-;95;160;9
Vila Nova do Piauí (PI);199;244;537;11;249;654;5;-;1;303;4
Wall Ferraz (PI);269;586;727;84;297;750;100;-;4;51;17
Abaiara (CE);190;134;397;3;63;750;6;-;5;-;5
Acarape (CE);36;78;93;6;111;464;9;-;4;15;17
Acaraú (CE);354;405;1909;17;1705;3434;263;1;17;14;178
Acopiara (CE);2011;1350;2644;87;56;5559;317;3;705;402;110
Aiuaba (CE);614;1368;1539;52;153;2075;162;-;143;540;33
Alcântaras (CE);159;329;770;7;731;1056;104;2;200;150;26
Altaneira (CE);77;232;355;1;24;483;4;-;-;8;1
Alto Santo (CE);838;677;1055;197;404;1501;22;-;18;15;15
Amontada (CE);725;791;2075;8;1690;3673;394;3;208;59;547
Antonina do Norte (CE);102;214;317;1;17;523;25;-;-;269;3
Apuiarés (CE);248;358;383;18;100;960;30;-;4;121;44
Aquiraz (CE);195;147;768;4;324;523;156;15;3;22;14
Aracati (CE);131;186;294;58;591;1068;47;3;38;16;80
Aracoiaba (CE);323;225;483;17;663;1643;13;-;20;129;15
Ararendá (CE);257;301;305;12;37;1244;44;3;82;70;17
Araripe (CE);90;40;3;6;8;1716;4;-;15;49;10
Aratuba (CE);215;242;790;4;358;1242;403;5;246;2;2
Arneiroz (CE);336;430;407;7;16;877;61;1;10;317;7
Assaré (CE);566;700;1652;20;57;2320;81;-;304;134;13
Aurora (CE);1017;783;2382;49;82;2672;113;1;389;326;29
Baixio (CE);407;137;409;29;23;681;4;-;8;88;5
Banabuiú (CE);895;649;1065;12;93;1201;37;-;16;149;27
Barbalha (CE);319;495;958;14;398;1847;122;5;93;133;51
Barreira (CE);204;221;818;27;1672;1151;38;-;11;520;69
Barro (CE);727;493;1527;27;65;1979;137;2;121;167;10
Barroquinha (CE);71;221;555;10;330;737;11;-;-;52;360
Baturité (CE);242;355;620;4;682;1601;67;2;309;73;11
Beberibe (CE);453;669;1731;28;2216;1920;233;2;234;164;570
Bela Cruz (CE);320;453;613;4;1350;846;45;-;33;42;112
Boa Viagem (CE);2141;2498;4117;36;78;6943;745;2;1060;1271;36
Brejo Santo (CE);586;331;1015;9;261;1605;48;2;103;181;49
Camocim (CE);162;696;1584;19;1412;1892;258;-;37;17;434
Campos Sales (CE);231;554;645;26;33;1476;59;2;121;105;1
Canindé (CE);1237;1214;3127;13;38;5310;216;2;211;87;2
Capistrano (CE);304;632;1425;6;466;1967;72;2;98;280;3
Caridade (CE);241;408;602;9;1;913;20;-;213;125;11
Cariré (CE);491;753;959;-;29;1518;4;-;56;466;36
Caririaçu (CE);597;1291;2374;52;419;3039;489;1;90;885;184
Cariús (CE);694;525;1800;42;125;2434;279;-;209;147;63
Carnaubal (CE);243;159;273;7;146;1131;65;2;4;199;112
Cascavel (CE);321;340;798;9;1423;1289;115;2;34;67;195
Catarina (CE);494;538;885;29;48;1320;105;1;14;383;11
Catunda (CE);317;365;406;9;34;679;10;-;8;145;7
Caucaia (CE);712;981;2304;35;571;2937;982;20;31;576;253
Cedro (CE);688;419;1439;12;18;2153;99;6;111;250;55
Chaval (CE);60;228;312;13;68;421;-;-;-;3;22
Choró (CE);798;612;1186;24;55;1568;247;7;129;441;47
Chorozinho (CE);86;63;170;14;644;359;23;-;24;11;42
Coreaú (CE);407;566;984;3;34;1250;7;-;19;75;48
Crateús (CE);1526;1479;3136;83;143;4625;88;17;372;268;92
Crato (CE);439;429;1405;16;220;2761;104;4;379;211;110
Croatá (CE);234;103;166;8;259;1676;158;1;6;53;40
Cruz (CE);221;359;818;13;1277;1041;45;1;-;10;154
Deputado Irapuan Pinheiro (CE);813;765;947;16;18;1499;79;-;116;58;13
Ereré (CE);392;226;411;14;14;425;39;-;117;29;28
Eusébio (CE);45;26;135;1;112;111;72;25;1;3;-
Farias Brito (CE);276;380;321;12;41;2105;37;-;26;8;4
Forquilha (CE);217;175;59;3;2;709;5;-;14;9;4
Fortaleza (CE);110;85;179;3;145;99;121;22;2;-;-
Fortim (CE);38;56;92;18;345;276;10;-;10;7;54
Frecheirinha (CE);110;186;437;-;4;852;1;-;5;2;20
General Sampaio (CE);100;73;81;2;3;256;4;-;-;1;-
Graça (CE);271;482;743;23;319;1354;48;2;198;348;89
Granja (CE);543;1570;2453;40;1276;4240;268;1;17;119;377
Granjeiro (CE);128;196;419;13;23;581;37;-;18;5;3
Groaíras (CE);217;278;83;1;6;748;1;-;118;7;6
Guaiúba (CE);193;128;388;10;139;768;83;-;15;36;68
Guaraciaba do Norte (CE);363;237;305;5;508;1807;534;1;12;10;94
Guaramiranga (CE);18;20;69;3;120;19;22;5;-;-;-
Hidrolândia (CE);547;483;589;7;26;1886;1;-;5;752;18
Horizonte (CE);63;69;132;6;123;116;16;-;4;2;9
Ibaretama (CE);441;344;600;12;342;744;29;-;38;202;11
Ibiapina (CE);332;298;575;3;739;2010;309;-;2;5;49
Ibicuitinga (CE);431;269;442;59;452;740;8;-;23;10;14
Icapuí (CE);111;126;486;17;826;354;43;4;4;228;39
Icó (CE);2079;1603;3720;99;251;5534;302;7;655;958;48
Iguatu (CE);1798;1175;2825;65;347;4611;147;2;141;180;133
Independência (CE);1596;1898;2807;28;54;3249;147;1;222;723;11
Ipaporanga (CE);284;414;481;33;37;1000;2;2;20;115;37
Ipaumirim (CE);298;117;410;33;15;865;12;-;122;10;3
Ipu (CE);417;287;882;11;488;1707;353;-;110;183;82
Ipueiras (CE);605;443;1438;7;301;2908;93;-;164;432;13
Iracema (CE);500;300;465;17;98;519;21;1;55;32;38
Irauçuba (CE);510;592;797;8;29;1186;66;-;14;31;37
Itaiçaba (CE);63;48;101;5;118;118;-;-;4;6;8
Itaitinga (CE);28;16;27;1;10;64;1;-;1;-;-
Itapajé (CE);198;282;618;6;392;1790;27;-;27;24;4
Itapipoca (CE);1211;1962;4383;26;4105;6778;206;1;172;69;673
Itapiúna (CE);606;709;1288;44;163;1950;197;-;196;657;2
Itarema (CE);372;280;1226;9;1343;1766;112;1;6;30;232
Itatira (CE);322;478;535;17;42;2046;110;-;154;24;9
Jaguaretama (CE);1422;861;1146;48;60;1463;37;-;33;43;64
Jaguaribara (CE);316;117;140;9;46;478;2;-;23;1;1
Jaguaribe (CE);1551;988;1286;13;15;2143;103;1;130;197;49
Jaguaruana (CE);491;467;444;26;319;1245;30;-;1;92;6
Jardim (CE);687;1164;2655;25;141;3125;163;13;22;368;85
Jati (CE);178;71;223;-;30;481;8;-;2;54;5
Jijoca de Jericoacoara (CE);66;215;851;5;1082;660;98;2;21;167;115
Juazeiro do Norte (CE);319;548;1110;2;287;1743;161;19;329;155;56
Jucás (CE);733;490;1442;26;50;1953;121;-;185;26;21
Lavras da Mangabeira (CE);1117;516;1306;18;162;1646;51;-;157;10;38
Limoeiro do Norte (CE);860;611;723;58;735;1268;83;1;5;30;13
Madalena (CE);576;560;597;1;2;1652;12;-;49;36;7
Maracanaú (CE);29;10;39;1;39;115;25;4;-;6;1
Maranguape (CE);385;403;855;38;369;2236;141;14;89;346;25
Marco (CE);349;385;881;5;431;1347;19;-;38;94;182
Martinópole (CE);88;265;400;-;474;378;76;3;10;76;21
Massapê (CE);232;439;680;8;107;1319;14;1;11;6;5
Mauriti (CE);1054;772;2437;29;355;3174;51;9;109;213;46
Meruoca (CE);88;202;506;13;675;901;171;6;5;188;40
Milagres (CE);606;396;1061;25;237;2510;29;-;31;290;29
Milhã (CE);938;333;1192;3;8;1656;31;-;173;2;16
Miraíma (CE);320;292;421;1;13;821;16;1;2;12;6
Missão Velha (CE);703;895;2657;12;480;3518;153;-;590;1102;82
Mombaça (CE);2162;2318;4201;329;123;5266;420;4;292;1696;47
Monsenhor Tabosa (CE);606;529;814;28;140;1489;78;2;379;1;48
Morada Nova (CE);2159;1545;2100;206;1179;3812;38;1;23;329;56
Moraújo (CE);122;223;329;15;42;792;1;-;1;78;18
Morrinhos (CE);275;301;830;2;373;1264;3;-;4;34;19
Mucambo (CE);198;285;615;2;100;1304;34;-;96;5;84
Mulungu (CE);124;249;516;3;287;517;144;-;253;7;1
Nova Olinda (CE);180;233;622;7;18;802;14;-;65;49;1
Nova Russas (CE);464;552;664;13;45;1479;6;-;39;264;22
Novo Oriente (CE);744;947;1825;79;201;3431;112;11;285;89;13
Ocara (CE);453;269;657;100;1382;1779;50;-;39;5;3
Orós (CE);559;266;445;8;22;743;37;-;92;11;18
Pacajus (CE);54;62;104;5;188;338;3;2;30;4;6
Pacatuba (CE);107;86;396;9;99;419;217;3;1;83;3
Pacoti (CE);52;223;445;6;261;577;75;6;13;3;8
Pacujá (CE);76;121;130;7;51;236;5;-;18;49;16
Palhano (CE);270;354;476;12;515;1053;164;-;30;11;254
Palmácia (CE);82;235;594;-;162;786;38;3;69;186;67
Paracuru (CE);91;97;248;6;125;782;26;2;-;2;60
Paraipaba (CE);217;198;810;17;1122;1000;39;5;-;2;58
Parambu (CE);939;1444;2027;97;304;3416;175;-;420;692;33
Paramoti (CE);357;414;637;20;4;902;3;-;52;286;2
Pedra Branca (CE);1455;1759;2837;64;54;3732;63;1;1439;198;11
Penaforte (CE);186;169;459;4;11;533;14;3;14;11;5
Pentecoste (CE);594;823;1741;25;233;2282;24;1;35;187;93
Pereiro (CE);722;511;1620;28;167;2275;124;-;251;953;17
Pindoretama (CE);113;29;220;3;187;213;19;4;-;6;10
Piquet Carneiro (CE);704;308;684;70;44;2254;32;-;207;139;13
Pires Ferreira (CE);335;146;452;-;70;986;7;-;197;19;4
Poranga (CE);150;431;754;1;57;958;4;1;47;96;41
Porteiras (CE);568;498;1140;7;256;1319;38;2;9;143;10
Potengi (CE);188;290;451;14;8;1021;46;-;13;5;1
Potiretama (CE);313;266;280;57;345;519;16;-;8;56;25
Quiterianópolis (CE);1056;1714;2552;49;103;3190;585;2;179;1676;41
Quixadá (CE);1970;1527;2947;88;457;4641;518;1;372;620;110
Quixelô (CE);1136;545;792;16;17;1719;20;1;11;122;24
Quixeramobim (CE);2494;1683;3728;24;65;6206;398;1;656;352;16
Quixeré (CE);218;217;217;2;165;763;13;-;5;4;2
Redenção (CE);101;287;263;1;555;1152;76;2;105;57;104
Reriutaba (CE);431;504;1093;48;183;1601;26;-;130;130;15
Russas (CE);1105;1368;2062;55;642;3267;161;2;37;157;28
Saboeiro (CE);651;723;1129;10;39;1513;72;1;135;564;17
Salitre (CE);326;692;1633;41;27;2005;21;-;11;390;61
Santana do Acaraú (CE);974;663;1617;6;215;2761;48;-;35;120;93
Santana do Cariri (CE);268;282;707;27;111;1441;48;2;25;109;107
Santa Quitéria (CE);1702;1972;2829;124;55;3933;120;1;578;965;47
São Benedito (CE);784;508;944;-;574;3701;1091;9;15;38;196
São Gonçalo do Amarante (CE);241;518;1187;12;703;2033;161;3;38;81;165
São João do Jaguaribe (CE);453;524;654;37;293;827;118;4;12;42;14
São Luís do Curu (CE);66;85;117;6;146;199;63;-;-;-;1
Senador Pompeu (CE);817;503;1040;52;35;1989;203;-;174;6;6
Senador Sá (CE);98;224;320;-;190;514;-;-;1;9;20
Sobral (CE);1086;817;1939;7;167;3752;339;5;285;72;84
Solonópole (CE);1516;1027;1553;28;11;1916;96;-;510;138;26
Tabuleiro do Norte (CE);846;574;849;248;504;1319;62;-;13;99;17
Tamboril (CE);539;439;267;6;11;1890;8;-;30;92;21
Tarrafas (CE);372;325;1022;16;17;1548;65;-;401;680;2
Tauá (CE);1814;2407;2444;29;87;5901;312;1;822;623;17
Tejuçuoca (CE);382;496;572;13;66;743;34;1;15;74;35
Tianguá (CE);629;602;1483;11;1063;3311;679;2;70;13;93
Trairi (CE);544;377;1294;12;2099;2117;167;-;40;177;738
Tururu (CE);202;272;512;4;468;927;7;1;-;4;207
Ubajara (CE);398;427;777;4;875;1986;762;5;24;98;152
Umari (CE);375;206;427;8;17;1149;4;-;31;34;15
Umirim (CE);197;263;544;5;139;1300;21;-;1;127;20
Uruburetama (CE);51;74;201;1;381;699;8;-;40;52;35
Uruoca (CE);185;457;835;9;279;1213;79;-;1;136;12
Varjota (CE);142;104;203;3;68;370;65;-;18;8;1
Várzea Alegre (CE);1025;1022;2425;22;117;3876;99;2;260;713;149
Viçosa do Ceará (CE);600;1067;1900;5;1439;5169;574;3;98;132;472
Acari (RN);258;92;174;3;54;172;88;-;12;1;4
Açu (RN);230;112;90;3;72;312;36;1;8;1;-
Afonso Bezerra (RN);356;204;332;6;28;589;10;-;14;-;1
Água Nova (RN);92;22;27;8;14;160;4;-;5;6;5
Alexandria (RN);417;111;297;6;17;523;31;4;19;76;3
Almino Afonso (RN);207;42;170;2;10;247;13;-;4;16;-
Alto do Rodrigues (RN);99;76;64;5;154;170;6;5;-;1;4
Angicos (RN);123;69;19;3;2;72;5;-;-;-;1
Antônio Martins (RN);295;49;288;15;121;494;26;-;66;48;16
Apodi (RN);1190;875;1533;426;502;2490;86;1;44;114;13
Areia Branca (RN);69;100;203;20;144;134;4;-;16;-;23
Arês (RN);16;7;21;30;64;95;9;1;-;-;4
Campo Grande (RN);407;223;428;1;43;405;80;-;100;4;4
Baía Formosa (RN);2;1;3;4;5;7;2;-;-;-;-
Baraúna (RN);271;200;163;46;91;646;18;-;8;4;2
Barcelona (RN);194;80;206;3;32;316;17;-;47;11;2
Bento Fernandes (RN);279;119;138;3;33;262;12;-;68;78;21
Bodó (RN);41;12;50;-;112;90;-;-;-;-;1
Bom Jesus (RN);131;72;203;4;214;282;78;-;18;16;17
Brejinho (RN);163;56;221;1;92;318;118;-;11;-;-
Caiçara do Norte (RN);10;54;1;1;4;6;-;-;-;-;-
Caiçara do Rio do Vento (RN);144;54;118;-;24;228;77;-;-;38;8
Caicó (RN);662;395;528;12;48;534;110;-;81;42;67
Campo Redondo (RN);281;145;240;-;101;952;97;-;12;223;44
Canguaretama (RN);26;9;19;15;6;86;9;-;-;-;1
Caraúbas (RN);872;472;664;103;282;1239;83;-;178;244;70
Carnaúba dos Dantas (RN);186;60;150;10;30;263;47;1;158;36;10
Carnaubais (RN);173;67;37;7;73;193;26;-;-;47;1
Ceará-Mirim (RN);213;52;149;16;311;718;86;1;3;16;8
Cerro Corá (RN);475;284;833;9;863;1399;149;4;112;145;12
Coronel Ezequiel (RN);181;114;213;-;251;822;22;-;9;71;18
Coronel João Pessoa (RN);160;59;131;1;3;262;2;-;56;32;4
Cruzeta (RN);333;185;105;-;19;228;58;-;39;67;32
Currais Novos (RN);271;134;223;-;14;297;21;-;-;-;2
Doutor Severiano (RN);314;177;566;1;22;657;2;-;-;-;2
Parnamirim (RN);7;1;3;1;1;2;1;-;-;-;-
Encanto (RN);158;63;136;8;17;373;21;-;13;1;4
Equador (RN);232;137;243;1;50;278;97;-;-;2;7
Espírito Santo (RN);52;27;19;1;16;75;18;-;-;-;2
Extremoz (RN);35;24;20;19;82;22;56;-;-;-;-
Felipe Guerra (RN);119;227;314;12;6;409;-;-;42;5;2
Fernando Pedroza (RN);19;11;6;-;-;-;-;-;-;-;-
Florânia (RN);244;107;205;8;34;297;14;2;29;5;11
Francisco Dantas (RN);162;94;131;16;50;174;40;-;1;114;16
Frutuoso Gomes (RN);142;23;85;4;29;196;6;-;1;-;2
Galinhos (RN);10;5;7;3;6;4;6;-;-;1;1
Goianinha (RN);41;7;7;5;23;55;7;-;-;-;-
Governador Dix-Sept Rosado (RN);212;478;544;26;100;987;40;3;9;137;11
Grossos (RN);27;63;31;1;3;50;1;-;-;-;-
Guamaré (RN);52;29;10;5;10;98;-;-;2;4;-
Ielmo Marinho (RN);239;83;562;5;114;1081;218;5;-;1;1
Ipanguaçu (RN);219;177;204;66;126;458;20;-;3;3;5
Ipueira (RN);72;38;11;2;1;13;1;-;-;-;-
Itajá (RN);18;10;6;-;1;5;1;-;-;-;-
Itaú (RN);108;69;80;12;63;95;1;-;15;-;2
Jaçanã (RN);136;132;188;3;461;429;12;-;2;-;10
Jandaíra (RN);111;67;5;6;8;140;8;-;-;1;2
Janduís (RN);219;156;177;10;12;196;12;-;-;-;11
Januário Cicco (RN);275;77;375;-;409;974;9;-;2;-;1
Japi (RN);118;137;161;1;-;50;1;-;10;1;9
Jardim de Angicos (RN);89;33;86;-;35;245;-;-;-;1;-
Jardim de Piranhas (RN);144;54;53;7;4;120;6;-;3;-;-
Jardim do Seridó (RN);425;235;351;7;43;339;104;-;266;100;12
João Câmara (RN);226;81;195;17;230;386;20;-;8;-;2
João Dias (RN);76;23;77;7;16;232;1;-;1;52;-
José da Penha (RN);339;110;293;4;80;451;191;-;1;183;15
Jucurutu (RN);554;164;428;6;112;370;9;-;1;2;6
Jundiá (RN);52;8;91;-;5;57;-;-;-;-;-
Lagoa d'Anta (RN);181;142;255;-;166;406;26;5;-;106;8
Lagoa de Pedras (RN);231;132;437;9;197;509;81;-;-;27;2
Lagoa de Velhos (RN);115;39;90;4;10;54;15;-;23;-;8
Lagoa Nova (RN);399;302;742;-;1433;1446;265;-;51;-;15
Lagoa Salgada (RN);171;62;288;11;402;360;28;1;16;12;15
Lajes (RN);192;216;65;21;23;278;31;-;1;81;42
Lajes Pintadas (RN);113;97;200;-;16;377;6;-;-;-;-
Lucrécia (RN);118;47;138;23;5;168;20;-;-;28;4
Luís Gomes (RN);82;39;135;2;104;336;29;-;9;10;42
Macaíba (RN);240;64;100;12;345;635;106;3;-;3;11
Macau (RN);32;19;14;11;2;34;1;-;14;1;-
Major Sales (RN);56;18;34;1;6;80;3;-;-;2;2
Marcelino Vieira (RN);329;96;297;13;17;376;24;-;75;57;21
Martins (RN);120;73;264;13;295;367;47;31;37;89;5
Maxaranguape (RN);11;3;7;-;44;12;3;-;-;-;-
Messias Targino (RN);61;31;42;-;1;52;5;-;-;-;2
Montanhas (RN);65;28;197;-;58;347;238;-;1;-;11
Monte Alegre (RN);262;187;378;2;770;747;150;2;25;18;17
Monte das Gameleiras (RN);151;131;162;-;34;211;15;1;4;105;3
Mossoró (RN);539;426;740;102;345;893;34;-;154;40;2
Natal (RN);13;15;9;17;2;1;10;1;1;-;-
Nísia Floresta (RN);76;29;48;103;220;89;40;2;2;22;1
Nova Cruz (RN);162;72;272;11;38;440;114;-;10;77;4
Olho d'Água do Borges (RN);169;34;245;5;14;197;10;-;18;30;2
Ouro Branco (RN);235;151;250;-;33;320;10;-;4;4;1
Paraná (RN);160;75;203;-;17;206;15;-;4;139;19
Paraú (RN);78;43;41;-;-;50;3;-;-;7;7
Parazinho (RN);43;37;48;-;12;65;2;-;4;-;2
Parelhas (RN);333;152;272;18;14;269;125;-;11;37;2
Rio do Fogo (RN);19;8;6;2;113;87;15;-;-;15;1
Passa e Fica (RN);181;52;203;2;74;430;2;-;1;2;3
Passagem (RN);50;9;54;-;1;65;3;-;-;-;-
Patu (RN);282;52;221;6;6;281;6;-;1;1;1
Santa Maria (RN);90;38;1;-;3;161;4;-;1;2;1
Pau dos Ferros (RN);303;93;336;12;14;350;21;1;3;83;8
Pedra Grande (RN);31;13;31;4;34;108;-;-;-;-;-
Pedra Preta (RN);97;115;150;5;64;78;-;-;-;2;-
Pedro Avelino (RN);170;189;81;14;2;279;1;-;19;116;92
Pedro Velho (RN);116;62;173;1;171;753;58;1;3;2;2
Pendências (RN);89;35;8;-;3;16;1;-;1;-;-
Pilões (RN);101;43;79;10;6;97;4;-;3;53;4
Poço Branco (RN);74;16;88;1;166;178;20;-;19;3;2
Portalegre (RN);226;212;399;18;633;436;54;-;25;2;4
Porto do Mangue (RN);112;100;139;16;96;178;11;-;-;-;-
Serra Caiada (RN);180;89;5;-;122;319;-;-;22;1;11
Pureza (RN);76;32;198;1;338;272;26;-;-;-;4
Rafael Fernandes (RN);211;126;288;19;19;288;31;-;1;106;6
Rafael Godeiro (RN);191;32;167;22;5;198;5;-;3;121;3
Riacho da Cruz (RN);72;49;54;7;15;79;4;-;6;53;3
Riacho de Santana (RN);313;197;436;44;60;472;13;-;10;203;30
Riachuelo (RN);138;3;4;2;-;53;5;-;1;3;-
Rodolfo Fernandes (RN);88;77;68;1;41;108;-;-;-;-;-
Tibau (RN);42;29;63;-;1;45;12;-;-;-;-
Ruy Barbosa (RN);234;183;308;-;55;428;94;-;1;274;30
Santa Cruz (RN);353;152;249;-;23;177;8;-;5;13;3
Santana do Matos (RN);714;339;564;6;127;906;27;-;20;4;1
Santana do Seridó (RN);124;49;92;1;2;103;3;-;8;-;-
Santo Antônio (RN);312;79;474;-;41;847;199;1;70;141;8
São Bento do Norte (RN);38;27;70;13;104;208;56;-;3;-;3
São Bento do Trairí (RN);163;13;101;1;7;217;2;-;2;-;-
São Fernando (RN);172;48;71;-;1;88;4;-;-;-;4
São Francisco do Oeste (RN);117;50;98;-;15;113;-;-;1;29;8
São Gonçalo do Amarante (RN);106;62;84;6;75;128;32;8;4;1;-
São João do Sabugi (RN);234;92;157;9;2;222;95;-;-;2;3
São José de Mipibu (RN);89;32;45;5;81;344;175;1;-;1;3
São José do Campestre (RN);171;70;205;14;-;354;2;2;9;-;3
São José do Seridó (RN);192;93;144;10;15;151;12;-;3;2;10
São Miguel (RN);697;597;1439;55;230;2190;127;2;398;588;10
São Miguel do Gostoso (RN);160;57;148;8;413;418;7;-;-;-;9
São Paulo do Potengi (RN);177;73;123;14;26;238;128;-;21;7;2
São Pedro (RN);127;51;81;-;14;459;153;1;1;1;1
São Rafael (RN);339;244;287;15;6;321;57;-;-;-;17
São Tomé (RN);562;341;842;3;61;782;67;-;12;407;12
São Vicente (RN);177;47;147;2;237;282;12;-;1;-;2
Senador Elói de Souza (RN);177;59;207;4;221;799;78;-;4;38;1
Senador Georgino Avelino (RN);8;4;2;22;42;2;-;-;-;-;-
Serra de São Bento (RN);159;124;187;-;64;531;14;-;11;-;6
Serra do Mel (RN);218;43;12;104;1058;576;1;-;11;2;12
Serra Negra do Norte (RN);307;96;87;1;-;116;4;-;40;1;4
Serrinha (RN);213;65;138;1;109;245;6;-;7;4;11
Serrinha dos Pintos (RN);241;147;280;-;155;426;20;-;7;191;4
Severiano Melo (RN);252;121;101;23;226;451;4;-;13;1;2
Sítio Novo (RN);154;42;179;2;8;309;7;-;14;-;4
Taboleiro Grande (RN);87;19;20;-;6;86;3;-;6;13;-
Taipu (RN);122;57;121;1;67;292;12;-;1;-;3
Tangará (RN);233;93;241;4;2;165;8;-;60;2;2
Tenente Ananias (RN);295;41;171;1;10;301;8;-;58;3;12
Tenente Laurentino Cruz (RN);129;85;243;1;345;400;7;-;3;4;3
Tibau do Sul (RN);23;1;7;38;12;14;4;1;-;1;-
Timbaúba dos Batistas (RN);76;14;17;1;1;89;8;-;-;-;5
Touros (RN);232;39;146;5;967;1391;227;-;16;23;6
Triunfo Potiguar (RN);195;94;242;1;55;215;78;-;38;48;9
Umarizal (RN);252;100;191;18;56;339;30;-;5;32;1
Upanema (RN);275;169;114;21;86;686;4;-;42;15;8
Várzea (RN);73;14;190;2;11;190;1;-;5;1;-
Venha-Ver (RN);261;199;477;21;33;584;178;-;235;222;22
Vera Cruz (RN);64;34;47;1;105;397;31;-;3;-;2
Viçosa (RN);13;3;3;2;-;17;1;-;-;1;-
Vila Flor (RN);3;1;2;1;2;4;1;-;-;-;-
Água Branca (PB);417;304;663;2;145;939;32;-;50;38;11
Aguiar (PB);415;179;450;1;26;620;8;-;239;120;2
Alagoa Grande (PB);475;199;821;13;198;1410;191;-;49;182;10
Alagoa Nova (PB);361;84;421;59;1156;1079;398;2;18;2;17
Alagoinha (PB);317;123;504;7;246;1021;406;-;13;16;25
Alcantil (PB);207;95;105;-;1;103;2;-;-;-;11
Algodão de Jandaíra (PB);45;74;65;6;13;33;-;-;-;-;2
Alhandra (PB);79;14;20;4;161;469;442;-;-;1;1
São João do Rio do Peixe (PB);969;442;1216;25;67;1429;57;-;159;196;107
Amparo (PB);120;83;154;-;1;230;1;-;-;1;-
Aparecida (PB);178;37;98;6;50;160;11;-;2;-;2
Araçagi (PB);615;188;1019;8;354;1982;894;1;49;14;39
Arara (PB);455;115;526;8;90;1022;214;1;30;-;67
Araruna (PB);312;166;207;3;144;810;25;-;15;60;13
Areia (PB);653;222;835;41;667;1649;398;3;27;158;93
Areia de Baraúnas (PB);81;86;123;-;4;125;3;-;-;-;3
Areial (PB);226;74;236;3;66;565;57;-;4;2;28
Aroeiras (PB);963;610;1524;10;5;1848;64;-;57;136;26
Assunção (PB);84;60;97;5;52;174;20;-;1;4;-
Baía da Traição (PB);25;9;29;6;100;176;35;-;-;6;1
Bananeiras (PB);866;339;1134;63;1109;1901;197;1;243;4;106
Baraúna (PB);98;79;149;-;157;351;1;-;-;-;2
Barra de Santana (PB);749;218;812;-;3;981;2;-;8;1;24
Barra de Santa Rosa (PB);361;384;686;3;30;606;9;-;141;132;7
Barra de São Miguel (PB);298;338;164;5;20;139;42;-;18;13;4
Bayeux (PB);4;2;2;-;12;46;2;3;1;-;-
Belém (PB);188;42;317;1;178;597;12;-;94;4;3
Belém do Brejo do Cruz (PB);195;112;154;7;-;130;1;-;-;1;1
Bernardino Batista (PB);128;51;212;-;26;364;8;-;-;251;12
Boa Ventura (PB);221;127;366;1;19;431;15;-;32;1;14
Boa Vista (PB);310;220;399;1;3;282;2;-;51;1;28
Bom Jesus (PB);100;15;92;-;11;124;1;1;-;54;1
Bom Sucesso (PB);271;50;137;2;2;324;9;-;12;-;2
Bonito de Santa Fé (PB);397;196;393;3;25;567;22;-;5;2;4
Boqueirão (PB);454;244;460;6;85;529;163;2;8;9;8
Igaracy (PB);258;108;290;5;5;338;35;-;1;16;3
Borborema (PB);130;41;125;14;242;129;10;-;17;1;10
Brejo do Cruz (PB);287;87;199;-;2;243;1;-;6;4;4
Brejo dos Santos (PB);186;36;123;11;37;249;16;-;20;22;-
Caaporã (PB);22;2;9;3;97;218;182;-;-;-;1
Cabaceiras (PB);402;357;260;5;30;203;62;-;78;66;48
Cabedelo (PB);-;2;1;-;-;-;-;-;-;-;-
Cachoeira dos Índios (PB);281;146;243;5;13;422;13;-;27;62;8
Cacimba de Areia (PB);214;75;63;6;22;262;50;-;-;-;11
Cacimba de Dentro (PB);456;259;725;1;187;1208;69;3;44;57;20
Cacimbas (PB);176;284;437;2;151;693;19;1;66;19;5
Caiçara (PB);179;33;366;3;65;504;246;-;18;26;39
Cajazeiras (PB);518;168;682;5;82;1004;30;1;91;32;6
Cajazeirinhas (PB);258;84;217;5;18;228;27;-;9;23;8
Caldas Brandão (PB);39;17;59;-;3;216;51;-;-;-;-
Camalaú (PB);281;356;528;5;25;638;321;-;47;154;36
Campina Grande (PB);642;208;876;13;55;1605;429;14;113;6;9
Capim (PB);18;16;12;2;15;76;-;-;-;-;11
Caraúbas (PB);202;266;221;10;3;222;21;-;9;-;1
Carrapateira (PB);99;15;35;-;1;103;-;-;-;4;1
Casserengue (PB);209;92;130;-;7;601;2;-;-;2;1
Catingueira (PB);157;66;156;2;15;288;6;-;-;-;7
Catolé do Rocha (PB);449;131;299;42;16;655;35;-;2;25;4
Caturité (PB);248;106;219;3;1;274;5;-;2;-;4
Conceição (PB);702;420;983;4;42;1142;60;-;298;137;18
Condado (PB);172;28;15;-;35;158;3;-;-;-;1
Conde (PB);45;27;66;12;188;416;198;-;4;84;6
Congo (PB);267;318;369;1;29;353;204;-;14;-;17
Coremas (PB);536;191;630;47;79;759;37;-;63;100;15
Coxixola (PB);114;79;138;-;3;200;8;-;1;3;6
Cruz do Espírito Santo (PB);224;89;446;6;150;813;498;-;26;22;5
Cubati (PB);223;122;288;2;71;485;46;41;58;129;2
Cuité (PB);687;471;1037;7;511;2006;81;3;82;26;10
Cuitegi (PB);84;53;106;-;78;218;24;-;6;-;3
Cuité de Mamanguape (PB);50;10;8;-;2;511;26;-;-;-;2
Curral de Cima (PB);162;58;214;4;106;516;329;-;29;4;12
Curral Velho (PB);127;102;202;-;2;222;2;-;98;1;7
Damião (PB);251;250;420;2;18;252;5;-;13;14;2
Desterro (PB);178;64;152;3;11;332;13;-;6;-;1
Vista Serrana (PB);98;41;76;2;2;102;4;-;-;-;2
Diamante (PB);201;177;361;-;12;557;11;-;35;2;1
Dona Inês (PB);553;342;842;20;465;1150;232;2;165;332;92
Duas Estradas (PB);78;6;42;2;112;164;1;-;4;-;1
Emas (PB);62;8;33;2;4;106;2;-;-;-;-
Esperança (PB);530;192;709;11;172;1815;667;4;14;51;26
Fagundes (PB);257;155;349;1;11;519;6;-;7;-;4
Frei Martinho (PB);123;91;114;-;118;215;33;-;7;1;5
Gado Bravo (PB);727;468;1064;14;3;927;173;38;41;271;15
Guarabira (PB);334;138;547;1;150;903;566;1;61;49;16
Gurinhém (PB);124;50;124;7;11;1349;129;-;44;-;2
Gurjão (PB);213;154;206;1;-;212;1;-;21;85;10
Ibiara (PB);352;167;436;1;10;608;8;-;8;2;2
Imaculada (PB);554;354;964;80;496;1372;144;-;89;356;67
Ingá (PB);194;108;317;-;3;976;76;-;142;11;6
Itabaiana (PB);196;113;407;4;28;693;280;-;1;1;4
Itaporanga (PB);643;239;852;5;46;830;34;-;39;201;6
Itapororoca (PB);310;96;813;7;114;1125;561;2;6;6;67
Itatuba (PB);236;113;255;-;12;790;131;-;1;16;2
Jacaraú (PB);211;49;253;15;479;624;194;-;7;1;63
Jericó (PB);408;66;346;83;22;444;24;-;10;8;6
João Pessoa (PB);32;17;28;2;16;50;20;3;6;1;1
Juarez Távora (PB);80;48;95;-;4;340;-;-;-;-;-
Juazeirinho (PB);617;327;954;64;282;1239;122;-;19;25;9
Junco do Seridó (PB);170;56;226;-;221;448;38;-;8;1;1
Juripiranga (PB);29;4;11;-;2;278;112;-;-;-;-
Juru (PB);513;119;792;4;41;1338;85;-;26;7;10
Lagoa (PB);261;72;260;1;17;335;15;-;2;1;4
Lagoa de Dentro (PB);303;97;498;9;401;734;81;-;48;3;6
Lagoa Seca (PB);517;204;462;7;532;1228;688;22;34;16;5
Lastro (PB);141;43;178;2;12;292;12;-;8;-;9
Livramento (PB);385;185;454;2;6;654;14;-;114;113;1
Logradouro (PB);142;55;233;3;4;325;148;3;1;-;2
Lucena (PB);35;11;30;3;51;161;2;1;-;-;-
Mãe d'Água (PB);160;178;363;6;149;473;38;-;7;157;37
Malta (PB);85;35;55;-;8;81;7;-;-;-;1
Mamanguape (PB);93;15;28;1;172;389;160;-;-;-;2
Manaíra (PB);515;479;971;3;24;1328;100;-;146;145;30
Marcação (PB);7;-;-;12;28;180;-;-;-;-;-
Mari (PB);159;40;214;5;22;616;241;-;5;8;2
Marizópolis (PB);109;11;7;3;44;95;3;-;27;-;-
Massaranduba (PB);442;180;1081;32;573;1638;1239;1;202;188;22
Mataraca (PB);31;5;33;1;33;80;6;-;1;-;10
Matinhas (PB);161;38;205;3;608;380;40;-;57;-;1
Mato Grosso (PB);141;4;147;-;-;172;-;-;-;1;-
Maturéia (PB);122;131;310;2;230;406;46;-;13;1;3
Mogeiro (PB);258;156;389;19;23;1169;53;-;22;117;26
Montadas (PB);211;58;182;2;144;497;212;1;20;13;41
Monte Horebe (PB);113;31;126;3;38;344;52;-;108;17;4
Monteiro (PB);1195;691;1946;7;68;2311;103;2;17;161;71
Mulungu (PB);260;139;430;11;55;543;57;1;41;22;3
Natuba (PB);102;49;31;3;185;123;14;-;-;-;-
Nazarezinho (PB);165;44;185;4;22;246;19;-;68;2;8
Nova Floresta (PB);113;79;135;5;274;401;6;1;-;2;3
Nova Olinda (PB);176;169;339;-;23;410;6;-;-;4;5
Nova Palmeira (PB);288;103;361;-;12;383;74;1;144;4;15
Olho d'Água (PB);469;115;530;-;3;629;4;-;35;66;2
Olivedos (PB);201;162;218;-;6;359;2;-;-;-;6
Ouro Velho (PB);169;99;195;1;14;294;20;-;36;-;12
Parari (PB);72;27;112;-;-;126;-;-;2;-;-
Passagem (PB);68;74;53;6;10;100;10;-;3;4;-
Patos (PB);334;75;232;3;29;337;59;4;21;16;13
Paulista (PB);715;159;700;19;61;459;57;-;17;91;13
Pedra Branca (PB);165;61;228;-;19;379;1;-;-;1;140
Pedra Lavrada (PB);477;174;696;-;71;834;64;-;15;94;13
Pedras de Fogo (PB);146;35;202;1;122;1584;737;-;4;1;24
Piancó (PB);622;208;634;-;15;692;17;-;81;32;24
Picuí (PB);357;174;625;1;379;1416;60;-;134;21;3
Pilar (PB);145;39;242;1;19;450;276;-;8;18;1
Pilões (PB);125;77;474;1;467;678;69;1;-;-;9
Pilõezinhos (PB);117;76;213;-;492;391;160;-;19;25;2
Pirpirituba (PB);148;60;259;4;274;427;132;-;4;1;22
Pitimbu (PB);23;3;11;4;316;842;776;2;2;1;2
Pocinhos (PB);559;362;664;2;49;901;9;2;22;11;9
Poço Dantas (PB);98;52;18;-;17;216;10;-;8;72;2
Poço de José de Moura (PB);260;145;313;7;9;339;18;1;67;52;43
Pombal (PB);933;201;770;13;167;894;130;-;16;268;12
Prata (PB);132;134;158;9;7;303;17;-;5;-;2
Princesa Isabel (PB);315;165;346;2;22;1067;20;-;46;-;23
Puxinanã (PB);381;227;241;1;190;858;408;4;-;-;29
Queimadas (PB);1340;777;2090;22;21;3204;453;2;117;130;15
Quixaba (PB);43;42;34;1;3;19;-;-;1;-;-
Remígio (PB);286;129;444;13;112;873;168;1;64;4;6
Pedro Régis (PB);158;69;431;11;616;532;292;1;34;135;57
Riachão (PB);55;14;40;1;-;395;2;-;-;-;-
Riachão do Bacamarte (PB);76;73;219;2;7;256;1;-;1;6;1
Riachão do Poço (PB);103;36;181;2;125;510;335;-;-;-;8
Riacho de Santo Antônio (PB);8;4;2;-;1;9;1;-;-;-;-
Riacho dos Cavalos (PB);628;73;285;6;6;615;33;-;-;3;3
Rio Tinto (PB);39;13;73;2;98;387;81;-;-;5;6
Salgadinho (PB);185;135;296;1;188;360;145;-;14;95;11
Salgado de São Félix (PB);461;165;433;18;83;1045;51;-;129;62;8
Santa Cecília (PB);529;367;424;3;4;282;-;-;-;-;11
Santa Cruz (PB);304;76;116;6;13;375;52;-;42;12;5
Santa Helena (PB);204;74;294;21;21;395;5;-;5;69;16
Santa Inês (PB);161;98;140;2;10;272;4;-;38;-;8
Santa Luzia (PB);268;117;243;5;21;319;58;1;8;5;8
Santana de Mangueira (PB);371;147;448;-;11;593;2;-;86;19;2
Santana dos Garrotes (PB);456;98;453;2;10;681;12;-;36;15;4
Joca Claudino (PB);79;26;48;3;4;162;2;-;2;6;2
Santa Rita (PB);49;15;55;14;56;293;124;-;10;30;-
Santa Teresinha (PB);276;84;288;3;10;373;4;-;1;1;1
Santo André (PB);280;220;429;-;15;453;15;-;204;61;4
São Bento (PB);185;53;120;4;21;118;23;-;1;2;4
São Bentinho (PB);185;45;125;-;2;166;6;-;1;6;4
São Domingos do Cariri (PB);188;144;150;1;3;62;1;-;4;-;-
São Domingos (PB);163;31;125;-;6;248;3;-;10;76;1
São Francisco (PB);182;49;222;10;41;251;38;-;31;55;7
São João do Cariri (PB);346;172;413;3;13;225;22;-;10;301;7
São João do Tigre (PB);230;296;568;3;6;501;7;-;88;135;34
São José da Lagoa Tapada (PB);291;29;84;5;6;506;5;-;67;21;3
São José de Caiana (PB);314;124;632;-;16;734;62;1;5;268;20
São José de Espinharas (PB);381;116;257;9;19;350;112;5;20;51;13
São José dos Ramos (PB);34;25;5;-;4;344;44;-;1;-;-
São José de Piranhas (PB);808;224;1005;8;70;1265;103;3;80;75;54
São José de Princesa (PB);364;215;543;4;166;875;37;4;30;63;46
São José do Bonfim (PB);124;80;122;5;14;150;14;-;2;6;5
São José do Brejo do Cruz (PB);75;29;29;-;1;54;4;-;1;1;-
São José do Sabugi (PB);213;161;268;17;115;323;55;15;62;97;4
São José dos Cordeiros (PB);413;209;497;-;3;549;2;-;1;-;3
São Mamede (PB);268;168;257;8;5;302;63;-;6;4;8
São Miguel de Taipu (PB);154;85;308;2;19;409;115;-;-;1;5
São Sebastião de Lagoa de Roça (PB);393;153;460;2;233;1296;1121;-;106;4;83
São Sebastião do Umbuzeiro (PB);101;183;183;1;1;193;11;-;17;41;5
Sapé (PB);406;105;630;5;103;1405;445;1;18;127;16
São Vicente do Seridó (PB);450;284;863;5;158;1203;20;-;1;78;3
Serra Branca (PB);460;434;679;7;69;1002;171;1;184;44;15
Serra da Raiz (PB);74;21;149;4;99;199;110;-;3;-;1
Serra Grande (PB);182;116;198;1;11;285;17;1;1;143;8
Serra Redonda (PB);268;89;528;4;76;985;299;-;26;568;18
Serraria (PB);317;99;432;8;439;632;343;-;133;67;64
Sertãozinho (PB);124;44;189;3;227;243;137;-;37;29;21
Sobrado (PB);210;73;199;-;131;715;478;-;-;-;5
Solânea (PB);569;219;788;16;283;1203;324;-;143;196;34
Soledade (PB);521;471;626;8;-;588;5;-;-;36;20
Sossêgo (PB);151;115;231;7;27;404;7;-;23;1;1
Sousa (PB);548;103;328;9;264;594;20;2;11;4;10
Sumé (PB);492;447;673;11;56;803;32;-;2;5;7
Tacima (PB);241;54;185;-;1;657;3;-;1;-;3
Taperoá (PB);568;422;775;5;79;1116;188;-;39;138;7
Tavares (PB);788;295;1205;4;174;1664;105;2;63;60;7
Teixeira (PB);306;269;662;-;440;1089;218;-;9;94;6
Tenório (PB);125;94;193;-;167;257;26;-;27;-;17
Triunfo (PB);598;286;591;37;40;712;17;-;56;142;50
Uiraúna (PB);450;209;517;1;67;687;63;-;9;363;43
Umbuzeiro (PB);330;243;334;5;47;161;9;-;1;97;27
Várzea (PB);169;121;169;23;4;201;43;-;1;74;8
Vieirópolis (PB);273;120;317;4;46;342;30;-;31;44;17
Zabelê (PB);86;137;194;1;1;193;9;-;-;-;1
Abreu e Lima (PE);76;85;23;4;437;705;592;2;3;156;1
Afogados da Ingazeira (PE);479;288;838;22;174;1517;91;1;78;160;64
Afrânio (PE);1105;1915;2037;6;3;2786;123;-;289;324;32
Agrestina (PE);355;107;441;6;121;1027;575;-;3;1;33
Água Preta (PE);185;42;144;12;404;1507;181;-;-;1;6
Águas Belas (PE);1177;333;1047;1;106;1901;98;-;152;27;4
Alagoinha (PE);537;163;190;2;42;1458;8;-;1;3;23
Aliança (PE);143;46;36;-;47;402;296;-;-;-;1
Altinho (PE);756;454;1083;6;190;1893;201;6;56;317;100
Amaraji (PE);103;28;72;5;585;910;634;2;-;1;2
Angelim (PE);247;68;374;8;319;731;123;-;101;29;13
Araçoiaba (PE);15;3;9;-;4;82;22;-;-;-;-
Araripina (PE);897;1138;3927;105;115;5931;135;1;38;351;159
Arcoverde (PE);499;137;562;6;70;1016;150;12;5;-;17
Barra de Guabiraba (PE);47;9;32;-;84;69;137;4;1;1;1
Barreiros (PE);140;91;95;5;190;388;198;2;1;108;25
Belém de Maria (PE);129;26;91;4;259;310;151;-;19;26;2
Belém do São Francisco (PE);159;557;601;3;32;1016;263;-;67;1;10
Belo Jardim (PE);468;213;551;9;672;1333;343;4;160;288;20
Betânia (PE);250;368;688;4;15;1509;29;-;30;6;4
Bezerros (PE);240;123;408;6;51;670;294;4;8;11;3
Bodocó (PE);1396;932;2950;30;23;2794;43;-;151;296;114
Bom Conselho (PE);1243;311;1526;18;544;1555;76;-;20;8;82
Bom Jardim (PE);1304;1259;2510;24;795;3657;1971;17;304;402;31
Bonito (PE);248;62;135;2;490;922;1334;11;38;2;21
Brejão (PE);298;56;544;1;476;515;108;2;4;27;12
Brejinho (PE);304;243;530;1;482;714;27;2;75;170;14
Brejo da Madre de Deus (PE);441;203;105;-;192;655;169;2;5;3;7
Buenos Aires (PE);182;187;156;4;183;445;168;-;2;15;4
Buíque (PE);2987;807;3705;14;1019;3643;219;71;43;65;52
Cabo de Santo Agostinho (PE);109;45;192;15;587;1143;354;6;8;11;12
Cabrobó (PE);553;817;808;13;118;1075;112;2;25;4;27
Cachoeirinha (PE);485;264;667;1;3;733;41;-;14;94;54
Caetés (PE);1227;525;2044;7;41;3761;113;1;68;3;156
Calçado (PE);683;282;149;1;77;2020;215;23;37;32;22
Calumbi (PE);188;191;522;2;38;951;15;1;243;48;5
Camaragibe (PE);11;10;3;1;2;9;2;1;-;-;-
Camocim de São Félix (PE);37;5;5;1;23;131;435;6;-;-;-
Camutanga (PE);32;10;44;-;126;108;59;-;-;-;2
Canhotinho (PE);695;131;1104;42;659;1421;170;-;41;85;52
Capoeiras (PE);1759;734;2002;1;73;2466;125;1;12;227;187
Carnaíba (PE);664;581;1561;3;458;2094;119;-;54;204;108
Carnaubeira da Penha (PE);367;879;1591;4;338;1795;259;-;181;3;9
Carpina (PE);71;41;47;-;20;157;18;-;-;1;1
Caruaru (PE);776;345;1107;15;510;2813;852;95;223;59;15
Casinhas (PE);916;635;1615;6;514;1912;449;7;62;115;8
Catende (PE);45;25;46;5;135;821;66;-;-;-;10
Cedro (PE);225;196;413;1;12;749;8;-;-;12;6
Chã de Alegria (PE);111;48;93;2;108;391;236;-;8;1;6
Chã Grande (PE);255;83;275;4;268;613;871;13;4;2;11
Condado (PE);29;18;15;-;18;358;128;-;-;-;-
Correntes (PE);811;211;788;20;325;974;536;-;7;148;19
Cortês (PE);16;8;50;3;147;204;87;-;2;-;8
Cumaru (PE);1149;709;2047;25;36;2164;71;-;95;80;13
Cupira (PE);330;54;300;13;182;783;406;2;14;24;23
Custódia (PE);932;1071;2249;7;76;2493;218;-;155;29;17
Dormentes (PE);1093;2030;1932;5;6;2508;122;-;18;3;41
Escada (PE);38;12;20;11;116;454;77;-;1;1;2
Exu (PE);816;500;2105;7;67;2490;44;1;111;65;31
Feira Nova (PE);371;229;578;10;126;862;110;-;47;60;6
Fernando de Noronha (PE);8;8;14;1;10;27;14;2;-;-;2
Ferreiros (PE);27;8;6;1;16;76;60;1;-;-;1
Flores (PE);1032;624;2134;7;317;3189;85;-;306;559;95
Floresta (PE);362;720;718;6;63;745;90;-;55;145;21
Frei Miguelinho (PE);702;506;1220;2;59;1300;37;-;10;6;8
Gameleira (PE);71;18;318;2;103;609;4;-;-;-;3
Garanhuns (PE);852;186;912;10;509;2435;410;8;79;21;125
Glória do Goitá (PE);940;405;1035;13;316;2169;688;1;18;8;184
Goiana (PE);89;59;128;22;163;338;241;5;5;2;1
Granito (PE);332;256;365;2;1;245;10;-;99;5;44
Gravatá (PE);582;211;965;25;309;1149;906;233;3;1;4
Iati (PE);799;329;1332;7;173;1588;9;-;11;79;22
Ibimirim (PE);242;399;479;58;147;1067;39;1;12;2;6
Ibirajuba (PE);354;172;536;-;5;577;6;2;7;7;21
Igarassu (PE);18;26;20;9;236;303;73;5;-;-;2
Iguaracy (PE);648;382;1035;1;26;1357;76;1;36;325;117
Inajá (PE);151;409;398;20;52;1067;27;-;28;5;38
Ingazeira (PE);323;150;451;2;20;568;18;-;36;6;16
Ipojuca (PE);51;29;138;19;434;808;162;1;4;35;9
Ipubi (PE);391;309;1455;41;376;1680;129;-;22;60;55
Itacuruba (PE);13;31;5;2;3;53;3;-;-;-;-
Itaíba (PE);2446;612;2595;5;16;2881;41;-;24;24;12
Ilha de Itamaracá (PE);9;4;2;7;-;10;1;-;-;-;-
Itambé (PE);156;84;51;3;17;236;78;2;1;-;-
Itapetim (PE);845;367;1000;8;295;1620;148;2;167;57;43
Itapissuma (PE);-;2;3;-;19;55;18;-;-;-;-
Itaquitinga (PE);69;34;12;-;29;149;53;-;-;-;1
Jaboatão dos Guararapes (PE);64;49;186;9;371;511;126;4;4;17;5
Jaqueira (PE);55;27;5;3;96;205;59;-;6;-;3
Jataúba (PE);584;419;856;-;-;836;87;3;20;-;8
Jatobá (PE);162;301;269;9;165;668;63;-;73;212;55
João Alfredo (PE);998;882;1419;4;224;2476;1138;4;16;65;20
Joaquim Nabuco (PE);2;-;2;2;60;174;7;-;-;-;-
Jucati (PE);774;257;676;1;48;1456;39;-;17;3;71
Jupi (PE);515;217;471;-;47;1507;24;-;-;5;113
Jurema (PE);420;75;490;6;690;1187;276;2;88;12;33
Lagoa do Carro (PE);172;73;156;3;99;638;440;-;-;-;2
Lagoa de Itaenga (PE);153;66;178;4;37;644;354;-;1;-;5
Lagoa do Ouro (PE);658;187;202;9;21;1105;169;-;7;2;10
Lagoa dos Gatos (PE);275;65;313;17;865;1313;1090;10;47;6;88
Lagoa Grande (PE);97;352;246;-;264;603;26;-;10;1;1
Lajedo (PE);493;210;374;-;25;1664;75;1;3;-;23
Limoeiro (PE);510;392;1217;5;304;2450;847;3;27;163;2
Macaparana (PE);182;107;131;5;336;138;111;-;3;-;1
Machados (PE);160;108;94;13;554;25;129;1;29;-;1
Manari (PE);982;856;2271;5;70;2587;31;2;64;72;29
Maraial (PE);13;7;29;1;40;112;3;-;-;-;-
Mirandiba (PE);285;524;844;6;103;1122;101;-;74;636;27
Moreno (PE);183;73;112;17;472;807;245;4;2;2;5
Nazaré da Mata (PE);84;29;68;3;64;357;158;-;1;-;1
Olinda (PE);17;39;64;3;123;73;51;3;2;60;4
Orobó (PE);825;783;2224;11;364;2284;561;7;90;-;16
Orocó (PE);352;618;546;5;653;956;152;-;3;4;20
Ouricuri (PE);1913;1484;3889;91;61;4680;234;-;100;532;261
Palmares (PE);50;13;41;-;207;611;61;-;1;8;8
Palmeirina (PE);457;71;310;7;272;458;47;1;162;3;26
Panelas (PE);558;187;1081;7;420;2240;348;1;23;15;34
Paranatama (PE);707;307;1138;8;215;1768;39;-;65;-;118
Parnamirim (PE);552;1088;1314;37;19;1254;90;1;12;6;10
Passira (PE);792;576;2239;19;62;2382;291;-;42;24;3
Paudalho (PE);157;65;126;4;106;389;275;3;1;3;2
Paulista (PE);40;39;29;5;70;165;95;3;-;2;-
Pedra (PE);933;322;1116;78;259;702;21;-;34;1;7
Pesqueira (PE);1046;202;824;3;303;2777;248;15;767;90;42
Petrolândia (PE);87;143;73;10;347;608;37;-;-;-;3
Petrolina (PE);755;2115;1938;18;1951;2259;216;9;388;16;35
Poção (PE);286;100;245;-;8;671;25;-;16;1;13
Pombos (PE);357;132;344;2;382;1176;490;5;1;-;4
Primavera (PE);30;6;12;1;96;164;56;1;-;2;1
Quipapá (PE);346;84;649;56;509;1601;359;3;28;53;26
Quixaba (PE);455;248;779;15;82;1315;36;1;69;87;35
Recife (PE);37;33;23;6;18;74;96;12;-;-;-
Riacho das Almas (PE);812;420;1514;31;75;578;45;-;14;-;15
Ribeirão (PE);71;30;144;2;77;357;13;3;-;1;7
Rio Formoso (PE);35;12;51;7;210;408;151;-;1;-;11
Sairé (PE);174;74;150;4;389;557;117;1;1;4;2
Salgadinho (PE);289;189;677;3;25;1005;31;-;2;-;2
Salgueiro (PE);401;448;801;7;34;1266;76;-;9;2;20
Saloá (PE);731;259;639;12;167;1422;67;5;71;148;100
Sanharó (PE);525;216;249;2;11;604;45;-;16;6;24
Santa Cruz (PE);665;1133;1392;21;10;1551;88;-;15;6;16
Santa Cruz da Baixa Verde (PE);411;463;960;-;313;1364;57;6;19;8;209
Santa Cruz do Capibaribe (PE);264;243;253;-;4;327;2;-;-;-;26
Santa Filomena (PE);706;942;1502;22;6;1575;47;-;125;202;18
Santa Maria da Boa Vista (PE);670;1171;797;3;1684;1934;235;-;12;333;5
Santa Maria do Cambucá (PE);422;329;799;1;685;1595;8;-;3;2;30
Santa Terezinha (PE);314;134;402;4;296;755;37;-;11;2;2
São Benedito do Sul (PE);110;45;184;3;295;573;88;-;1;-;6
São Bento do Una (PE);2396;1225;2738;3;47;3719;267;3;217;33;182
São Caitano (PE);390;217;827;-;106;1543;46;4;19;321;96
São João (PE);850;353;932;14;424;3032;187;4;43;106;91
São Joaquim do Monte (PE);303;38;207;7;195;1296;595;-;3;31;12
São José da Coroa Grande (PE);49;15;5;1;76;208;73;1;-;-;34
São José do Belmonte (PE);956;649;2058;18;400;2634;84;16;48;76;45
São José do Egito (PE);1050;627;1696;14;98;2418;131;-;65;204;166
São Lourenço da Mata (PE);227;103;270;33;274;976;921;3;199;39;22
São Vicente Férrer (PE);81;33;81;2;463;144;21;1;-;1;4
Serra Talhada (PE);1703;1669;2856;7;110;3893;263;-;345;335;13
Serrita (PE);822;832;1472;-;15;1534;12;-;13;74;24
Sertânia (PE);788;732;1758;5;41;1929;60;3;55;172;68
Sirinhaém (PE);39;24;179;8;244;606;175;2;-;4;37
Moreilândia (PE);350;213;765;16;14;911;14;-;142;106;22
Solidão (PE);315;157;526;5;41;801;26;-;185;95;4
Surubim (PE);836;568;1647;3;53;2790;224;2;49;185;7
Tabira (PE);643;194;1253;4;66;1728;86;1;167;34;10
Tacaimbó (PE);323;141;277;1;11;1079;133;-;2;2;15
Tacaratu (PE);205;563;657;2;144;1402;16;-;28;45;23
Tamandaré (PE);162;52;132;10;256;547;203;-;-;-;6
Taquaritinga do Norte (PE);362;139;380;1;321;319;61;2;10;10;7
Terezinha (PE);361;100;208;2;49;329;19;1;14;1;3
Terra Nova (PE);157;242;140;3;1;350;10;-;10;4;4
Timbaúba (PE);76;22;19;2;62;270;179;-;2;1;1
Toritama (PE);8;2;4;-;1;19;18;-;-;-;-
Tracunhaém (PE);75;30;12;-;13;177;140;-;-;-;2
Trindade (PE);119;79;351;12;5;665;59;-;1;2;-
Triunfo (PE);422;235;911;7;805;1525;81;2;5;45;166
Tupanatinga (PE);1063;376;1170;4;235;1433;38;-;4;-;15
Tuparetama (PE);204;155;268;1;13;421;15;-;24;3;8
Venturosa (PE);593;145;251;6;29;462;2;-;1;1;8
Verdejante (PE);213;432;611;6;24;987;144;-;14;1;40
Vertente do Lério (PE);263;177;235;3;88;300;7;-;-;-;4
Vertentes (PE);403;161;403;2;171;538;7;-;7;1;4
Vicência (PE);245;91;35;2;31;487;45;-;1;1;2
Vitória de Santo Antão (PE);647;150;217;12;804;1427;1622;2;2;29;19
Xexéu (PE);16;9;43;18;59;116;-;1;-;-;4
Água Branca (AL);337;296;722;-;261;2346;16;-;17;2;100
Anadia (AL);177;12;-;2;35;111;9;-;-;-;6
Arapiraca (AL);589;292;507;17;55;3630;306;3;2;-;96
Atalaia (AL);51;17;19;2;57;255;197;3;-;2;2
Barra de Santo Antônio (AL);7;1;-;2;19;15;2;-;-;-;-
Barra de São Miguel (AL);-;1;-;1;10;16;-;-;-;-;-
Batalha (AL);412;166;405;3;2;343;10;-;6;-;2
Belém (AL);98;58;208;2;51;407;147;-;-;2;11
Belo Monte (AL);338;71;200;4;4;600;5;-;17;-;6
Boca da Mata (AL);66;26;24;-;17;167;3;-;-;-;-
Branquinha (AL);176;79;339;49;424;494;45;-;2;-;48
Cacimbinhas (AL);322;68;644;1;3;581;33;1;12;-;1
Cajueiro (AL);26;13;2;1;2;29;17;-;1;-;-
Campestre (AL);1;-;-;-;1;16;1;-;-;-;-
Campo Alegre (AL);15;12;62;1;130;608;115;1;-;-;6
Campo Grande (AL);397;79;688;5;8;898;191;-;24;3;138
Canapi (AL);1028;498;1345;1;2;1644;24;1;33;1;4
Capela (AL);51;13;31;2;19;188;8;-;3;-;2
Carneiros (AL);349;214;656;4;85;830;128;-;47;9;3
Chã Preta (AL);143;27;56;1;128;115;259;-;-;-;1
Coité do Nóia (AL);367;165;334;13;68;1929;118;1;45;18;197
Colônia Leopoldina (AL);37;15;54;2;189;329;10;-;7;-;4
Coqueiro Seco (AL);4;2;1;-;25;8;-;1;-;-;-
Coruripe (AL);84;29;89;9;528;582;22;-;-;1;5
Craíbas (AL);731;405;825;15;7;3982;165;-;15;47;1700
Delmiro Gouveia (AL);135;148;106;5;10;357;73;1;2;2;-
Dois Riachos (AL);502;214;1043;16;1;1480;30;-;170;4;4
Estrela de Alagoas (AL);675;520;1966;1;1744;2360;46;-;87;99;37
Feira Grande (AL);401;109;224;6;36;3237;185;-;3;-;74
Feliz Deserto (AL);6;10;6;4;221;87;22;-;-;-;8
Flexeiras (AL);36;29;26;3;44;240;23;-;-;-;2
Girau do Ponciano (AL);1040;270;1418;9;66;4602;431;-;16;62;637
Ibateguara (AL);87;6;68;5;46;87;7;-;1;-;2
Igaci (AL);1156;766;2484;29;1090;4512;324;2;151;124;89
Igreja Nova (AL);380;183;1013;26;60;1964;332;-;14;3;161
Inhapi (AL);591;395;908;2;7;1507;20;7;7;2;1
Jacaré dos Homens (AL);242;223;217;2;4;231;13;-;2;-;-
Jacuípe (AL);77;26;92;1;128;157;70;-;-;-;11
Japaratinga (AL);12;6;6;4;86;20;2;-;-;9;-
Jaramataia (AL);177;45;170;10;-;264;5;-;-;-;-
Jequiá da Praia (AL);9;6;5;-;64;41;-;-;-;-;-
Joaquim Gomes (AL);108;36;235;15;143;476;111;2;1;2;14
Jundiá (AL);12;9;12;1;47;110;-;-;-;-;3
Junqueiro (AL);205;76;147;7;53;1373;128;-;3;-;170
Lagoa da Canoa (AL);321;71;652;6;36;1926;95;2;1;-;191
Limoeiro de Anadia (AL);177;49;331;12;18;2365;51;-;-;2;14
Maceió (AL);18;11;17;6;85;30;10;5;-;-;3
Major Isidoro (AL);749;290;964;4;3;1368;5;-;-;-;2
Maragogi (AL);57;16;67;4;496;985;3;-;-;1;31
Maravilha (AL);653;286;665;6;5;917;16;-;20;-;8
Marechal Deodoro (AL);13;6;21;3;145;57;3;-;-;-;-
Maribondo (AL);165;27;10;1;100;88;19;-;-;-;8
Mar Vermelho (AL);161;46;28;-;18;161;214;-;2;1;11
Mata Grande (AL);866;826;2492;3;235;3028;97;2;25;137;79
Matriz de Camaragibe (AL);42;11;66;7;84;233;10;-;1;-;16
Messias (AL);8;4;44;-;5;106;2;-;-;-;-
Minador do Negrão (AL);373;177;422;1;68;717;44;-;2;2;4
Monteirópolis (AL);144;25;240;-;163;297;-;-;-;-;-
Murici (AL);56;24;8;6;105;98;12;1;-;-;2
Novo Lino (AL);36;16;6;1;66;413;1;2;-;-;4
Olho d'Água das Flores (AL);468;286;725;5;93;1141;34;1;5;1;19
Olho d'Água do Casado (AL);266;130;49;13;13;562;9;-;-;-;1
Olho d'Água Grande (AL);167;39;378;2;11;704;2;-;5;3;109
Olivença (AL);500;279;453;-;88;1209;5;-;7;28;15
Ouro Branco (AL);467;260;736;22;71;908;1;-;18;81;3
Palestina (AL);87;11;42;1;2;107;-;-;-;-;-
Palmeira dos Índios (AL);1141;614;2361;19;1431;3229;305;7;69;67;58
Pão de Açúcar (AL);609;234;670;44;18;1326;8;-;2;113;12
Pariconha (AL);191;178;99;2;12;772;10;-;2;-;24
Paripueira (AL);10;1;5;-;25;136;47;-;-;-;-
Passo de Camaragibe (AL);23;7;7;16;41;44;7;-;1;-;-
Paulo Jacinto (AL);186;72;178;1;27;237;1;1;14;-;7
Penedo (AL);116;23;327;7;252;1333;80;-;-;-;55
Piaçabuçu (AL);25;7;16;2;305;18;1;-;-;-;-
Pilar (AL);8;2;5;-;4;26;4;-;-;-;-
Pindoba (AL);52;16;50;-;22;105;107;2;8;4;2
Piranhas (AL);545;321;809;10;12;1061;10;-;22;-;6
Poço das Trincheiras (AL);631;411;1038;7;48;1270;63;-;77;33;7
Porto Calvo (AL);66;14;4;3;166;349;1;-;-;-;1
Porto de Pedras (AL);34;6;1;2;162;110;1;1;1;-;5
Porto Real do Colégio (AL);374;93;318;23;119;1167;129;-;2;1;263
Quebrangulo (AL);294;74;339;8;93;588;121;1;6;4;1
Rio Largo (AL);9;3;5;1;2;55;3;4;-;-;-
Roteiro (AL);-;-;-;-;-;22;-;-;-;-;-
Santa Luzia do Norte (AL);4;5;6;-;2;4;-;-;-;-;-
Santana do Ipanema (AL);1050;577;2015;3;91;2153;16;2;30;17;4
Santana do Mundaú (AL);325;72;672;20;992;530;365;-;59;1;1
São Brás (AL);130;23;84;12;19;173;119;-;2;-;32
São José da Laje (AL);67;28;42;2;66;272;64;-;4;-;17
São José da Tapera (AL);1388;615;2306;12;17;4477;47;-;75;1;10
São Luís do Quitunde (AL);39;10;74;2;174;903;280;1;1;-;11
São Miguel dos Campos (AL);15;3;2;4;1;72;2;1;-;-;-
São Miguel dos Milagres (AL);10;2;11;1;54;47;18;1;-;1;22
São Sebastião (AL);565;317;345;33;60;3215;77;-;1;-;546
Satuba (AL);14;3;2;1;1;47;3;-;1;-;1
Senador Rui Palmeira (AL);502;420;1271;3;8;1814;45;-;162;14;15
Tanque d'Arca (AL);103;32;60;-;56;179;24;-;4;-;16
Taquarana (AL);262;162;758;5;57;2262;234;-;1;-;158
Teotônio Vilela (AL);78;12;121;3;63;454;20;1;1;-;7
Traipu (AL);648;175;859;11;31;2742;67;-;7;4;66
União dos Palmares (AL);250;99;557;20;662;767;418;-;25;2;1
Viçosa (AL);158;28;96;4;68;566;762;2;2;-;1
Amparo do São Francisco (SE);39;7;23;3;-;100;1;-;-;-;-
Aquidabã (SE);775;238;554;33;55;576;41;-;3;3;14
Aracaju (SE);5;11;8;-;22;1;1;1;-;-;-
Arauá (SE);107;28;336;9;966;454;58;1;-;-;42
Areia Branca (SE);160;52;232;15;180;826;307;-;-;2;51
Barra dos Coqueiros (SE);37;30;30;4;243;2;-;-;-;74;-
Boquim (SE);235;71;391;3;1086;719;184;18;6;8;76
Brejo Grande (SE);88;24;29;32;355;109;5;-;-;-;9
Campo do Brito (SE);414;84;297;6;74;1077;43;1;13;1;177
Canhoba (SE);290;74;150;36;11;273;19;1;8;3;3
Canindé de São Francisco (SE);518;104;163;1;24;413;101;-;2;1;1
Capela (SE);263;60;269;6;220;673;15;-;2;-;21
Carira (SE);623;274;1060;13;6;1259;19;-;43;25;15
Carmópolis (SE);22;8;26;-;49;75;11;-;-;-;-
Cedro de São João (SE);111;6;25;12;3;29;8;-;-;-;-
Cristinápolis (SE);156;41;398;9;1038;709;250;-;6;1;172
Cumbe (SE);90;33;50;2;-;402;12;-;1;-;81
Divina Pastora (SE);78;17;53;3;35;72;64;-;2;1;19
Estância (SE);244;111;493;20;737;617;294;1;6;106;42
Feira Nova (SE);239;75;301;1;-;331;9;-;1;-;2
Frei Paulo (SE);294;68;117;1;-;552;2;2;-;-;2
Gararu (SE);1059;141;1139;38;13;1533;285;1;9;40;12
General Maynard (SE);33;4;22;1;30;30;2;-;-;-;6
Graccho Cardoso (SE);346;84;270;3;2;484;8;-;73;-;11
Ilha das Flores (SE);22;4;3;2;85;133;1;-;-;-;-
Indiaroba (SE);142;29;315;45;1048;696;178;-;2;42;46
Itabaiana (SE);1025;339;873;16;92;2013;2011;4;35;-;183
Itabaianinha (SE);813;269;1570;7;1726;1651;349;3;29;2;188
Itabi (SE);273;35;151;17;-;108;4;-;4;-;2
Itaporanga d'Ajuda (SE);289;189;600;18;801;1201;227;2;5;91;194
Japaratuba (SE);153;70;176;24;315;388;42;1;2;33;7
Japoatã (SE);255;38;333;32;702;699;15;-;15;16;64
Lagarto (SE);1449;385;1578;25;1876;5019;802;19;19;21;403
Laranjeiras (SE);22;6;55;-;49;101;12;-;-;-;1
Macambira (SE);225;131;292;1;12;565;7;-;34;2;29
Malhada dos Bois (SE);52;4;11;-;1;3;1;-;-;-;-
Malhador (SE);219;45;109;11;415;889;548;15;-;4;25
Maruim (SE);11;3;7;-;-;101;12;-;-;-;-
Moita Bonita (SE);519;97;308;2;147;1270;1378;-;28;1;79
Monte Alegre de Sergipe (SE);947;200;887;2;1;869;2;-;212;-;51
Muribeca (SE);88;43;61;2;20;85;45;-;4;-;42
Neópolis (SE);71;9;9;5;136;412;11;1;1;1;48
Nossa Senhora Aparecida (SE);700;192;816;1;1;1901;7;2;6;1;5
Nossa Senhora da Glória (SE);1470;561;1688;5;4;1994;5;-;7;-;3
Nossa Senhora das Dores (SE);463;129;342;6;154;940;122;-;18;7;96
Nossa Senhora de Lourdes (SE);224;92;207;3;-;315;1;-;7;-;5
Nossa Senhora do Socorro (SE);40;18;38;14;29;33;20;7;1;5;1
Pacatuba (SE);191;57;379;110;1566;518;80;-;4;140;137
Pedra Mole (SE);84;56;114;4;1;275;1;-;3;5;-
Pedrinhas (SE);84;29;127;-;408;160;15;-;-;-;8
Pinhão (SE);150;133;207;7;-;268;12;-;42;19;2
Pirambu (SE);41;31;72;5;407;300;90;-;-;164;18
Poço Redondo (SE);2225;520;2095;21;36;3010;170;1;5;1;22
Poço Verde (SE);498;421;930;17;7;1642;109;-;13;4;8
Porto da Folha (SE);1548;506;1336;41;16;1873;19;-;32;-;19
Propriá (SE);137;35;49;57;66;407;15;-;1;2;2
Riachão do Dantas (SE);506;176;380;1;717;1709;412;-;33;15;412
Riachuelo (SE);15;5;12;-;12;63;6;-;-;-;-
Ribeirópolis (SE);523;173;657;5;33;1116;112;5;16;3;98
Rosário do Catete (SE);24;9;44;-;7;90;10;-;-;-;-
Salgado (SE);267;73;503;8;1213;980;192;3;25;-;115
Santa Luzia do Itanhy (SE);96;14;186;5;636;447;63;-;23;1;1
Santana do São Francisco (SE);33;12;8;5;8;24;8;2;-;-;10
Santa Rosa de Lima (SE);56;7;7;-;21;55;1;-;-;-;-
Santo Amaro das Brotas (SE);85;28;50;4;288;161;194;1;-;-;5
São Cristóvão (SE);187;144;302;26;294;325;216;3;-;10;2
São Domingos (SE);296;82;148;2;79;1193;10;-;7;1;321
São Francisco (SE);54;10;12;3;5;35;1;-;-;-;-
São Miguel do Aleixo (SE);258;69;164;1;1;389;1;-;4;2;-
Simão Dias (SE);799;414;1175;8;305;3058;295;6;38;46;6
Siriri (SE);103;20;73;2;172;129;56;1;1;-;15
Telha (SE);44;6;4;20;3;68;3;-;-;-;-
Tobias Barreto (SE);1069;567;1316;15;44;879;43;-;73;3;69
Tomar do Geru (SE);523;220;532;-;758;1030;164;-;5;-;26
Umbaúba (SE);130;21;160;1;1113;273;84;-;-;2;21
Abaíra (BA);474;97;570;3;503;1185;275;-;171;64;28
Abaré (BA);102;523;181;-;301;411;65;-;2;1;8
Acajutiba (BA);100;22;70;2;1208;806;38;1;3;-;121
Adustina (BA);455;514;1157;6;4;3232;114;2;11;32;9
Água Fria (BA);354;278;1066;18;842;1809;293;1;126;179;158
Érico Cardoso (BA);701;531;1159;10;338;1234;493;2;16;702;273
Aiquara (BA);137;17;86;6;197;34;23;1;5;5;2
Alagoinhas (BA);96;59;572;14;753;1637;525;6;-;5;96
Alcobaça (BA);195;31;77;-;256;418;36;-;21;9;67
Almadina (BA);47;10;49;1;162;14;5;2;-;-;-
Amargosa (BA);375;109;792;13;1614;864;99;3;6;9;175
Amélia Rodrigues (BA);50;16;55;3;209;347;92;3;12;3;19
América Dourada (BA);288;198;407;6;17;845;114;1;6;-;8
Anagé (BA);959;729;2021;7;94;2064;93;-;127;6;19
Andaraí (BA);288;70;448;20;83;638;154;1;9;125;18
Andorinha (BA);375;675;500;15;3;284;14;-;8;9;2
Angical (BA);819;171;1092;-;6;420;133;-;42;4;24
Anguera (BA);263;162;580;-;8;703;257;-;1;225;4
Antas (BA);644;72;379;4;330;1319;8;-;-;-;16
Antônio Cardoso (BA);314;377;902;2;11;1383;297;1;-;3;5
Antônio Gonçalves (BA);187;24;82;11;166;469;171;1;6;16;9
Aporá (BA);661;240;488;4;306;1879;202;-;129;192;379
Apuarema (BA);108;4;205;3;394;85;91;-;3;18;14
Aracatu (BA);1102;856;1941;14;65;2223;502;-;132;1110;32
Araçás (BA);118;48;394;20;347;599;290;1;15;3;164
Araci (BA);1288;1361;2513;46;571;4228;106;-;14;166;500
Aramari (BA);91;48;244;18;174;651;121;2;14;18;141
Arataca (BA);73;11;281;2;680;78;117;-;74;27;6
Aratuípe (BA);140;112;311;11;296;557;163;1;36;73;232
Aurelino Leal (BA);132;4;43;-;294;6;30;-;2;2;1
Baianópolis (BA);669;578;2085;3;107;1720;230;-;276;125;187
Baixa Grande (BA);804;382;805;15;97;1151;66;-;9;3;81
Banzaê (BA);534;190;418;27;902;680;8;-;1;-;30
Barra (BA);571;336;1290;55;331;2785;201;1;169;375;407
Barra da Estiva (BA);214;117;926;6;2396;588;116;-;89;47;19
Barra do Choça (BA);260;75;317;22;973;246;46;-;-;-;5
Barra do Mendes (BA);365;150;613;5;257;1202;147;2;241;203;230
Barra do Rocha (BA);53;1;9;-;227;13;4;1;10;2;-
Barreiras (BA);590;361;1391;33;282;806;326;3;74;213;95
Barro Alto (BA);238;244;462;3;51;1576;43;-;12;1;6
Barrocas (BA);451;448;554;5;343;1200;48;1;46;2;75
Barro Preto (BA);46;3;23;1;202;18;50;1;3;4;-
Belmonte (BA);179;27;96;3;664;84;8;-;5;208;6
Belo Campo (BA);329;253;764;1;21;896;123;-;17;13;111
Biritinga (BA);501;240;871;37;568;1659;61;1;31;130;127
Boa Nova (BA);259;60;395;3;258;383;84;-;48;2;50
Boa Vista do Tupim (BA);572;154;672;6;19;513;72;-;102;102;10
Bom Jesus da Lapa (BA);658;202;213;9;756;1026;82;-;13;13;17
Bom Jesus da Serra (BA);187;95;552;-;7;413;23;-;416;48;10
Boninal (BA);357;118;386;10;78;499;272;-;27;136;48
Bonito (BA);93;31;282;14;1311;383;40;2;9;1;37
Boquira (BA);669;410;1239;4;33;1515;134;-;76;36;70
Botuporã (BA);763;375;1412;20;15;1487;156;-;123;8;10
Brejões (BA);46;15;106;1;485;121;29;3;4;-;4
Brejolândia (BA);882;310;937;-;13;511;36;-;17;5;16
Brotas de Macaúbas (BA);454;112;293;13;22;885;30;-;136;22;28
Brumado (BA);1215;654;2186;4;150;2577;359;1;113;281;29
Buerarema (BA);82;2;175;2;547;15;84;-;-;-;-
Buritirama (BA);476;505;1235;63;10;2116;168;1;641;187;254
Caatiba (BA);282;42;367;3;213;159;26;-;-;-;16
Cabaceiras do Paraguaçu (BA);273;438;102;16;626;2748;413;4;99;269;297
Cachoeira (BA);214;165;607;12;366;1251;294;4;25;236;172
Caculé (BA);974;617;1667;36;153;1729;712;-;225;160;175
Caém (BA);442;166;654;12;87;664;103;-;27;315;26
Caetanos (BA);540;822;1114;2;32;1149;143;1;88;1;5
Caetité (BA);1933;998;3757;10;353;3503;1094;24;129;862;429
Cafarnaum (BA);274;290;786;17;104;1439;53;1;49;45;14
Cairu (BA);3;2;7;2;75;14;4;3;1;21;3
Caldeirão Grande (BA);534;225;1010;4;11;1124;27;-;2;1363;181
Camacan (BA);186;19;63;3;682;64;61;1;6;45;2
Camaçari (BA);123;82;560;70;425;595;357;26;19;26;4
Camamu (BA);69;31;470;22;2067;577;128;7;10;193;117
Campo Alegre de Lourdes (BA);568;1924;2521;542;11;3344;127;1;376;137;12
Campo Formoso (BA);809;912;913;17;1169;2026;201;1;39;67;145
Canápolis (BA);435;519;1267;1;40;1331;326;1;47;550;517
Canarana (BA);290;463;1002;8;126;2514;90;1;54;87;6
Canavieiras (BA);254;45;351;26;733;189;119;-;4;305;23
Candeal (BA);396;191;280;2;7;507;142;-;72;71;55
Candeias (BA);116;57;144;9;134;201;105;3;4;1;12
Candiba (BA);1045;655;1422;11;72;1984;123;1;107;34;101
Cândido Sales (BA);261;68;438;-;24;549;51;1;21;5;56
Cansanção (BA);1110;1055;1898;11;366;3626;271;1;175;724;224
Canudos (BA);196;677;539;41;250;388;179;-;38;3;16
Capela do Alto Alegre (BA);866;460;589;3;12;476;19;-;26;-;15
Capim Grosso (BA);530;338;583;5;35;603;149;-;114;162;38
Caraíbas (BA);559;483;1446;15;60;1291;180;-;34;8;4
Caravelas (BA);247;22;350;6;116;249;19;-;11;1;9
Cardeal da Silva (BA);54;21;52;7;25;82;29;-;1;-;1
Carinhanha (BA);1395;567;1459;5;13;1550;150;1;112;73;45
Casa Nova (BA);1555;4713;4711;107;180;5174;108;2;61;1612;353
Castro Alves (BA);150;66;77;3;271;859;33;1;-;-;21
Catolândia (BA);164;77;346;-;23;226;21;-;65;6;24
Catu (BA);174;39;413;32;206;778;232;4;-;1;202
Caturama (BA);743;406;911;3;38;883;215;-;18;55;76
Central (BA);264;393;411;10;223;1694;45;-;2;4;3
Chorrochó (BA);289;942;644;-;10;233;19;-;295;343;16
Cícero Dantas (BA);1460;522;2199;49;2561;2733;375;-;79;308;155
Cipó (BA);270;93;543;9;230;570;123;-;110;96;5
Coaraci (BA);72;1;57;4;331;10;30;-;1;-;1
Cocos (BA);594;213;847;-;33;734;518;-;127;7;39
Conceição da Feira (BA);276;461;472;1;27;699;50;-;1;-;199
Conceição do Almeida (BA);317;259;853;5;475;1300;200;1;2;381;107
Conceição do Coité (BA);1385;1200;2594;16;1195;4211;429;1;139;78;375
Conceição do Jacuípe (BA);125;94;211;6;120;255;229;14;43;9;17
Conde (BA);110;65;424;5;986;592;53;-;100;71;149
Condeúba (BA);733;404;1503;9;70;1314;468;1;236;699;168
Contendas do Sincorá (BA);104;58;97;3;96;89;28;-;65;65;11
Coração de Maria (BA);410;765;2000;14;648;2741;499;2;56;52;616
Cordeiros (BA);545;252;777;-;13;736;95;-;313;80;40
Coribe (BA);1158;718;1387;4;18;1097;505;-;174;200;140
Coronel João Sá (BA);676;394;1435;2;-;2176;40;-;1;1;2
Correntina (BA);1114;420;2186;8;74;2546;780;2;278;396;116
Cotegipe (BA);831;483;1272;-;26;683;44;-;91;69;42
Cravolândia (BA);37;8;27;5;116;93;41;1;9;2;10
Crisópolis (BA);752;337;1670;3;668;3978;212;5;89;14;1694
Cristópolis (BA);498;283;1205;1;26;936;84;-;37;80;49
Cruz das Almas (BA);134;86;418;6;700;858;197;21;69;-;62
Curaçá (BA);718;2451;1872;2;417;1459;189;-;65;17;11
Dário Meira (BA);167;50;376;1;539;188;23;-;2;2;13
Dias d'Ávila (BA);16;11;47;4;12;19;13;1;-;-;3
Dom Basílio (BA);421;254;251;-;1066;490;97;4;-;-;19
Dom Macedo Costa (BA);127;51;128;2;104;210;19;-;-;-;36
Elísio Medrado (BA);240;140;504;7;788;695;95;1;4;9;245
Encruzilhada (BA);212;110;424;1;363;398;62;-;4;-;16
Entre Rios (BA);88;44;88;3;72;155;28;4;1;3;8
Esplanada (BA);199;69;337;8;713;1480;230;1;3;1;114
Euclides da Cunha (BA);2051;1183;2462;37;761;5142;151;1;36;31;25
Eunápolis (BA);272;61;326;3;132;187;38;2;2;2;17
Fátima (BA);794;499;1360;18;305;2778;194;-;142;58;37
Feira da Mata (BA);572;296;637;1;1;451;294;-;43;2;11
Feira de Santana (BA);1237;2211;5338;43;1987;7300;1522;168;313;606;706
Filadélfia (BA);495;99;560;9;10;872;16;1;88;24;21
Firmino Alves (BA);93;17;84;1;116;3;2;-;9;-;-
Floresta Azul (BA);97;8;78;8;180;24;13;-;3;5;1
Formosa do Rio Preto (BA);604;342;1230;9;32;973;116;1;156;61;24
Gandu (BA);94;11;194;2;828;83;105;3;58;17;8
Gavião (BA);383;323;421;4;146;167;5;-;-;-;2
Gentio do Ouro (BA);394;67;216;1;58;1071;4;-;-;17;50
Glória (BA);116;431;163;6;100;905;57;-;4;18;1
Gongogi (BA);65;9;20;3;207;70;1;-;2;-;2
Governador Mangabeira (BA);116;188;1083;5;817;2191;282;6;2;1;320
Guajeru (BA);595;310;1009;-;10;919;141;1;75;186;19
Guanambi (BA);2121;1129;3337;27;267;3656;528;15;114;320;173
Guaratinga (BA);813;252;1183;15;760;834;314;-;40;4;149
Heliópolis (BA);1019;393;1138;60;332;1576;188;-;71;26;88
Iaçu (BA);315;178;396;1;16;220;29;-;5;13;10
Ibiassucê (BA);844;484;1123;8;43;900;248;-;115;46;105
Ibicaraí (BA);136;17;97;6;190;9;47;-;-;-;1
Ibicoara (BA);87;27;226;3;1360;300;109;2;21;1;18
Ibicuí (BA);400;76;291;7;338;297;144;5;24;3;14
Ibipeba (BA);317;156;310;3;218;1176;14;-;1;5;15
Ibipitanga (BA);900;781;1476;-;7;1400;455;-;133;666;62
Ibiquera (BA);258;30;235;1;13;192;3;-;4;241;35
Ibirapitanga (BA);69;16;126;9;1397;156;91;1;266;25;32
Ibirapuã (BA);252;33;467;3;11;63;416;-;1;-;3
Ibirataia (BA);105;8;94;7;774;132;33;-;49;15;6
Ibitiara (BA);529;241;500;-;5;670;37;-;317;86;109
Ibititá (BA);505;225;644;4;56;2481;94;-;58;4;14
Ibotirama (BA);482;143;739;9;92;702;74;1;24;9;18
Ichu (BA);278;188;366;8;17;476;131;1;13;66;34
Igaporã (BA);646;256;1287;2;73;1051;127;-;99;180;105
Igrapiúna (BA);29;17;85;3;1049;107;40;2;11;129;4
Iguaí (BA);635;134;1116;11;796;690;326;131;143;54;62
Ilhéus (BA);324;30;563;15;2772;509;638;36;3;467;44
Inhambupe (BA);368;223;915;6;1079;1962;292;1;24;4;304
Ipecaetá (BA);822;562;1958;2;33;2715;538;4;96;14;21
Ipiaú (BA);145;27;130;1;403;39;60;2;2;-;3
Ipirá (BA);2612;1775;3656;14;180;3393;334;5;145;18;66
Ipupiara (BA);383;101;678;7;15;945;4;-;287;184;32
Irajuba (BA);124;14;139;4;229;325;37;-;-;32;74
Iramaia (BA);233;54;483;1;68;219;63;-;3;2;8
Iraquara (BA);296;274;1193;1;697;1988;123;1;29;130;229
Irará (BA);224;716;1830;3;433;3013;666;1;54;157;1105
Irecê (BA);186;75;192;9;52;561;65;-;12;1;1
Itabela (BA);74;19;113;2;177;25;16;-;1;3;4
Itaberaba (BA);909;421;1298;23;123;951;92;2;29;315;51
Itabuna (BA);240;22;276;10;615;157;238;3;2;5;1
Itacaré (BA);66;8;286;8;1464;236;114;3;7;54;47
Itaeté (BA);428;81;458;2;80;808;204;2;5;60;45
Itagi (BA);83;15;79;2;273;50;24;-;30;8;5
Itagibá (BA);252;83;442;8;609;175;114;3;7;6;16
Itagimirim (BA);113;13;89;-;5;15;11;-;1;-;2
Itaguaçu da Bahia (BA);263;462;479;5;44;930;14;-;1;1;25
Itaju do Colônia (BA);137;34;19;1;32;5;12;-;3;1;-
Itajuípe (BA);99;9;121;-;463;67;78;-;4;14;8
Itamaraju (BA);820;245;814;14;1164;600;210;2;18;12;47
Itamari (BA);80;4;165;3;601;132;9;-;26;3;18
Itambé (BA);554;47;206;3;114;218;406;3;5;28;10
Itanagra (BA);36;12;20;11;24;14;7;-;1;1;1
Itanhém (BA);780;213;963;14;318;606;251;-;1;119;65
Itaparica (BA);6;1;2;-;3;-;1;-;-;-;-
Itapé (BA);210;20;73;3;86;9;5;1;-;2;3
Itapebi (BA);124;15;30;-;56;11;10;2;1;2;-
Itapetinga (BA);225;35;94;3;4;11;20;-;-;-;-
Itapicuru (BA);728;251;1321;41;1281;2340;196;1;68;168;212
Itapitanga (BA);105;8;22;3;252;25;3;-;-;-;1
Itaquara (BA);114;11;119;3;276;384;268;3;9;1;4
Itarantim (BA);466;43;382;-;28;140;95;1;39;-;7
Itatim (BA);150;191;342;2;38;293;101;-;31;53;5
Itiruçu (BA);43;5;23;-;466;157;62;4;3;2;1
Itiúba (BA);1240;927;557;18;89;762;74;-;82;80;7
Itororó (BA);234;20;137;-;418;65;23;-;1;-;2
Ituaçu (BA);635;139;1042;3;1021;1163;178;3;61;1;21
Ituberá (BA);16;13;100;13;815;129;114;3;18;398;60
Iuiu (BA);561;397;812;5;33;473;185;-;158;51;71
Jaborandi (BA);671;400;921;1;22;725;305;-;64;278;87
Jacaraci (BA);1125;681;1762;6;155;1727;540;-;120;523;201
Jacobina (BA);908;272;1564;13;473;2007;335;6;90;307;98
Jaguaquara (BA);263;34;409;4;805;455;532;7;21;19;38
Jaguarari (BA);440;801;724;11;73;788;36;-;9;492;66
Jaguaripe (BA);88;34;217;18;556;558;111;1;3;115;160
Jandaíra (BA);50;4;22;3;365;114;12;-;-;-;1
Jequié (BA);212;55;230;7;638;335;333;2;10;-;4
Jeremoabo (BA);1172;678;1592;40;132;2511;203;8;28;170;17
Jiquiriçá (BA);124;64;494;6;2279;257;50;1;90;65;53
Jitaúna (BA);260;20;534;7;1286;275;51;3;62;26;18
João Dourado (BA);192;94;160;1;13;1070;152;-;-;-;2
Juazeiro (BA);1011;2506;1921;16;1554;1468;209;1;71;649;16
Jucuruçu (BA);386;161;728;12;418;446;62;-;1;2;42
Jussara (BA);141;235;406;2;86;1501;18;-;16;7;3
Jussari (BA);66;9;19;-;197;8;117;-;1;14;1
Jussiape (BA);577;108;611;-;198;720;161;-;53;84;147
Lafaiete Coutinho (BA);88;19;91;29;147;175;14;-;-;-;20
Lagoa Real (BA);492;334;1646;1;20;1335;112;-;189;258;75
Laje (BA);234;150;1283;8;2303;1773;209;2;134;82;501
Lajedão (BA);128;35;80;1;2;79;23;-;-;-;2
Lajedinho (BA);109;40;71;1;14;133;29;-;9;-;14
Lajedo do Tabocal (BA);105;19;28;3;201;113;6;-;-;-;6
Lamarão (BA);290;320;1254;2;178;1678;253;-;27;79;143
Lapão (BA);220;140;201;1;13;1075;295;-;1;-;2
Lauro de Freitas (BA);8;12;37;-;8;16;19;9;-;1;1
Lençóis (BA);42;21;97;8;163;137;103;-;2;3;10
Licínio de Almeida (BA);812;597;1252;8;141;1291;356;-;12;97;205
Livramento de Nossa Senhora (BA);1372;794;1162;4;1532;2213;241;6;40;8;76
Luís Eduardo Magalhães (BA);128;77;158;8;24;241;88;4;3;6;1
Macajuba (BA);344;260;657;2;7;645;22;1;6;1;81
Macarani (BA);328;13;82;-;4;11;28;-;10;1;-
Macaúbas (BA);2214;1116;4228;54;183;4105;1281;22;1052;720;211
Macururé (BA);166;739;492;3;5;301;7;-;44;92;7
Madre de Deus (BA);-;-;-;-;1;1;1;-;-;-;-
Maetinga (BA);238;279;727;-;6;707;117;-;36;-;11
Maiquinique (BA);181;19;102;-;19;21;-;-;-;-;3
Mairi (BA);1142;464;1349;23;79;1262;82;-;18;140;24
Malhada (BA);700;396;1125;1;6;1425;40;-;15;2;10
Malhada de Pedras (BA);324;207;955;3;8;1169;31;1;5;10;14
Manoel Vitorino (BA);539;392;522;2;16;390;46;-;61;285;31
Mansidão (BA);945;493;1022;35;56;1185;114;2;2;90;128
Maracás (BA);478;87;693;14;255;687;117;23;157;30;64
Maragogipe (BA);579;252;1211;24;1151;3100;2040;43;154;1239;974
Maraú (BA);112;17;253;5;1521;431;109;-;2;260;153
Marcionílio Souza (BA);496;240;420;-;19;239;47;-;-;22;5
Mascote (BA);127;17;95;-;264;9;9;-;14;2;4
Mata de São João (BA);145;17;120;4;111;185;38;2;2;3;19
Matina (BA);855;246;1428;3;15;1475;151;-;39;15;42
Medeiros Neto (BA);442;91;321;4;17;176;146;1;3;-;6
Miguel Calmon (BA);758;164;806;12;306;955;134;10;8;49;35
Milagres (BA);37;15;17;-;8;3;3;-;1;-;-
Mirangaba (BA);377;152;273;4;483;864;157;1;5;1;20
Mirante (BA);289;226;609;1;58;482;61;-;13;6;13
Monte Santo (BA);1802;3983;4054;18;279;6533;494;1;119;616;316
Morpará (BA);347;51;346;14;-;325;3;-;204;1;3
Morro do Chapéu (BA);445;195;567;4;399;1084;99;8;38;2;13
Mortugaba (BA);1009;707;1556;9;147;1533;594;1;383;500;133
Mucugê (BA);134;37;95;6;188;191;82;1;2;-;2
Mucuri (BA);196;33;248;6;69;551;398;1;1;1;2
Mulungu do Morro (BA);127;183;664;4;374;1418;61;2;10;56;29
Mundo Novo (BA);835;243;927;6;396;1163;219;9;61;413;157
Muniz Ferreira (BA);218;117;227;4;330;349;96;1;13;2;73
Muquém do São Francisco (BA);373;143;603;6;15;247;94;-;3;3;26
Muritiba (BA);64;53;169;2;684;1260;27;3;-;1;91
Mutuípe (BA);248;126;1341;14;3074;459;122;4;40;176;61
Nazaré (BA);98;20;116;4;142;204;24;-;1;11;21
Nilo Peçanha (BA);85;20;265;8;720;62;39;-;37;191;24
Nordestina (BA);457;450;924;7;72;1230;41;-;46;192;154
Nova Canaã (BA);665;93;1175;2;764;389;136;1;61;16;26
Nova Fátima (BA);476;363;319;3;105;366;70;1;-;-;7
Nova Ibiá (BA);89;9;148;13;673;39;28;-;10;3;1
Nova Itarana (BA);79;31;191;-;108;147;2;-;5;1;8
Nova Redenção (BA);374;129;361;1;16;576;22;1;16;3;5
Nova Soure (BA);629;328;1306;68;547;1591;48;-;24;6;11
Nova Viçosa (BA);170;44;263;5;128;200;154;-;9;2;26
Novo Horizonte (BA);502;165;649;-;62;739;287;1;260;6;28
Novo Triunfo (BA);549;94;449;12;648;811;96;1;28;-;3
Olindina (BA);447;206;912;3;456;1233;141;1;13;84;123
Oliveira dos Brejinhos (BA);971;527;1404;13;65;1561;124;-;199;268;69
Ouriçangas (BA);178;194;718;2;206;974;113;-;1;110;244
Ourolândia (BA);161;194;372;1;115;765;15;1;3;41;7
Palmas de Monte Alto (BA);1203;634;1923;14;31;2214;74;3;130;82;94
Palmeiras (BA);108;20;113;24;76;148;28;1;4;-;9
Paramirim (BA);795;290;1119;1;48;1065;164;3;37;17;53
Paratinga (BA);1457;506;2097;1;5;2121;36;-;69;306;374
Paripiranga (BA);709;935;2103;9;554;5882;533;34;30;43;48
Pau Brasil (BA);200;19;217;-;361;19;64;-;-;2;3
Paulo Afonso (BA);508;392;780;77;81;1451;171;1;20;8;8
Pé de Serra (BA);1105;680;1107;9;13;1115;141;-;1;7;126
Pedrão (BA);129;94;362;1;54;428;49;-;1;32;128
Pedro Alexandre (BA);614;174;1281;1;7;1490;25;-;-;-;2
Piatã (BA);733;321;1536;8;1331;1827;966;3;254;233;157
Pilão Arcado (BA);803;1873;2410;151;36;3429;588;1;28;342;167
Pindaí (BA);1196;766;2069;19;48;2406;243;-;4;68;41
Pindobaçu (BA);293;67;340;7;51;911;28;-;25;25;74
Pintadas (BA);748;330;729;15;13;625;108;-;295;31;31
Piraí do Norte (BA);58;1;42;-;859;46;8;-;6;28;9
Piripá (BA);469;216;1146;-;28;1038;295;-;124;43;15
Piritiba (BA);459;114;346;1;69;738;62;-;3;3;8
Planaltino (BA);215;55;464;1;217;500;17;-;2;4;332
Planalto (BA);316;145;709;2;494;583;79;1;166;4;25
Poções (BA);517;189;1052;4;377;1138;311;-;147;153;60
Pojuca (BA);71;18;50;8;34;157;86;1;-;2;5
Ponto Novo (BA);549;248;723;12;84;794;131;1;143;347;11
Porto Seguro (BA);198;51;105;1;309;230;84;6;1;10;30
Potiraguá (BA);135;5;7;-;3;-;-;-;-;-;-
Prado (BA);243;106;336;7;459;465;90;-;10;12;35
Presidente Dutra (BA);111;186;277;1;704;944;21;-;11;3;7
Presidente Jânio Quadros (BA);1006;634;1875;3;12;1913;601;1;198;1010;16
Presidente Tancredo Neves (BA);224;185;1557;73;3217;1355;368;-;95;274;698
Queimadas (BA);1303;1104;1624;44;270;1326;214;-;65;53;95
Quijingue (BA);1812;1846;2024;92;284;3734;88;14;36;356;88
Quixabeira (BA);755;363;805;19;3;1024;107;-;92;703;93
Rafael Jambeiro (BA);661;702;1598;3;135;1665;29;2;45;65;20
Remanso (BA);761;2072;2086;257;18;2319;314;-;63;32;129
Retirolândia (BA);454;398;625;9;617;905;126;-;60;108;23
Riachão das Neves (BA);681;443;1337;-;77;1227;121;-;25;4;55
Riachão do Jacuípe (BA);1637;1027;1298;18;137;1430;191;-;243;73;27
Riacho de Santana (BA);1432;504;1753;16;87;1999;255;3;45;70;44
Ribeira do Amparo (BA);689;285;956;125;443;1435;79;-;74;590;18
Ribeira do Pombal (BA);1455;696;2445;213;2317;2570;282;4;181;136;123
Ribeirão do Largo (BA);357;101;462;6;268;407;70;-;31;2;51
Rio de Contas (BA);503;113;382;-;384;982;303;63;38;100;110
Rio do Antônio (BA);977;464;1580;2;16;1677;110;-;92;147;128
Rio do Pires (BA);601;305;1111;2;37;849;421;3;582;421;44
Rio Real (BA);352;102;257;5;2055;1199;52;3;9;9;136
Rodelas (BA);85;115;16;-;295;225;5;-;-;1;-
Ruy Barbosa (BA);387;94;469;9;45;511;73;1;37;6;128
Salinas da Margarida (BA);9;4;4;12;3;17;-;-;-;-;-
Salvador (BA);2;-;2;-;5;1;-;-;-;-;-
Santa Bárbara (BA);510;323;1172;6;115;1241;233;1;116;153;82
Santa Brígida (BA);650;253;1078;17;143;1456;25;-;32;54;19
Santa Cruz Cabrália (BA);225;54;356;2;222;332;83;1;15;213;13
Santa Cruz da Vitória (BA);106;21;95;9;102;48;7;-;-;-;7
Santa Inês (BA);43;5;16;8;50;38;7;-;8;7;10
Santaluz (BA);775;1107;1184;9;624;1080;71;1;58;21;4
Santa Luzia (BA);124;27;306;8;916;110;164;1;23;381;5
Santa Maria da Vitória (BA);1026;840;2332;7;36;1702;612;-;370;202;159
Santana (BA);1125;739;2075;8;107;1534;397;1;132;545;292
Santanópolis (BA);370;359;793;9;34;1360;285;-;28;75;332
Santa Rita de Cássia (BA);1361;651;2012;1;61;1657;438;-;525;260;144
Santa Terezinha (BA);124;134;245;5;198;262;73;1;4;102;12
Santo Amaro (BA);149;47;172;8;306;459;226;12;3;4;31
Santo Antônio de Jesus (BA);162;139;930;4;1516;1209;456;6;16;19;403
Santo Estêvão (BA);528;869;3247;4;602;4243;353;3;28;-;187
São Desidério (BA);643;289;1260;9;33;1091;324;-;439;67;67
São Domingos (BA);362;396;292;3;519;286;29;-;109;56;16
São Félix (BA);321;86;586;20;500;754;641;104;324;90;259
São Félix do Coribe (BA);289;175;406;1;17;294;141;-;66;27;17
São Felipe (BA);586;430;1098;9;835;2419;843;1;197;105;660
São Francisco do Conde (BA);34;12;37;-;213;194;56;1;6;1;17
São Gabriel (BA);214;229;420;8;117;2105;48;-;9;5;1
São Gonçalo dos Campos (BA);312;289;720;5;96;1108;261;2;109;49;204
São José da Vitória (BA);39;7;94;1;162;29;32;-;49;5;2
São José do Jacuípe (BA);376;210;390;5;32;371;8;-;23;1;14
São Miguel das Matas (BA);168;51;459;11;899;711;52;1;8;11;307
São Sebastião do Passé (BA);241;58;183;11;96;454;35;-;6;-;104
Sapeaçu (BA);133;66;282;4;993;611;123;32;14;1;59
Sátiro Dias (BA);492;278;1542;38;389;2343;135;1;70;175;99
Saubara (BA);14;7;8;-;25;19;3;1;-;1;1
Saúde (BA);361;110;602;16;122;766;136;1;4;408;36
Seabra (BA);529;196;1320;6;1010;2045;343;7;279;89;237
Sebastião Laranjeiras (BA);504;389;918;2;289;1064;147;-;4;8;13
Senhor do Bonfim (BA);420;160;335;14;114;503;42;5;4;16;12
Serra do Ramalho (BA);1169;178;157;-;10;626;25;-;94;49;6
Sento Sé (BA);685;454;545;-;35;873;39;-;66;8;6
Serra Dourada (BA);935;510;1373;1;25;763;79;-;88;169;154
Serra Preta (BA);696;468;1138;14;22;1266;144;-;25;20;6
Serrinha (BA);658;632;2264;13;405;4082;657;8;60;323;513
Serrolândia (BA);586;238;577;5;7;534;13;-;17;215;26
Simões Filho (BA);54;24;111;6;124;205;64;11;2;2;3
Sítio do Mato (BA);677;207;575;-;4;293;51;-;25;45;18
Sítio do Quinto (BA);430;188;532;12;242;1638;36;-;4;77;8
Sobradinho (BA);108;144;142;2;79;184;23;-;4;18;4
Souto Soares (BA);202;399;1453;-;133;2831;101;1;29;386;236
Tabocas do Brejo Velho (BA);607;662;1868;1;36;1246;281;-;114;95;371
Tanhaçu (BA);623;329;1065;-;416;1207;372;-;2;49;35
Tanque Novo (BA);1133;585;2118;12;116;2081;468;-;331;566;173
Tanquinho (BA);215;195;293;10;9;310;40;-;2;-;6
Taperoá (BA);85;37;259;15;1677;461;136;-;13;206;204
Tapiramutá (BA);221;20;191;5;240;388;32;1;8;30;16
Teixeira de Freitas (BA);399;92;309;4;111;180;36;2;5;4;13
Teodoro Sampaio (BA);174;38;72;7;23;170;15;-;-;-;67
Teofilândia (BA);545;429;1205;5;242;1812;129;1;36;35;44
Teolândia (BA);125;36;390;28;1689;513;121;-;62;43;186
Terra Nova (BA);43;4;4;-;1;10;1;-;-;-;-
Tremedal (BA);644;345;1942;5;30;1375;73;-;574;2;44
Tucano (BA);2117;1453;2135;251;704;3630;157;1;168;237;53
Uauá (BA);725;2395;1910;22;61;1657;258;1;124;399;77
Ubaíra (BA);282;104;832;21;2489;887;392;5;269;9;289
Ubaitaba (BA);27;2;23;-;270;22;18;-;-;1;-
Ubatã (BA);179;18;361;17;1392;158;214;-;380;-;16
Uibaí (BA);195;262;318;4;463;1300;16;1;16;5;37
Umburanas (BA);244;114;358;1;111;1110;91;-;47;198;3
Una (BA);73;17;93;3;1155;169;61;2;18;377;5
Urandi (BA);897;642;1463;7;130;1247;150;1;4;42;43
Uruçuca (BA);79;7;176;4;629;86;213;3;-;29;8
Utinga (BA);243;102;415;14;229;541;138;-;5;28;170
Valença (BA);216;95;1460;16;4787;1620;203;18;293;49;176
Valente (BA);614;805;772;7;717;985;258;-;9;249;14
Várzea da Roça (BA);1005;259;1022;17;95;1400;184;4;293;303;84
Várzea do Poço (BA);438;143;480;16;15;545;70;1;89;120;79
Várzea Nova (BA);139;123;218;3;209;319;7;-;18;-;1
Varzedo (BA);116;50;405;2;700;744;4;1;2;3;127
Vera Cruz (BA);17;3;17;2;27;17;4;-;-;4;-
Vereda (BA);263;53;194;-;63;55;9;-;1;1;10
Vitória da Conquista (BA);1000;497;1838;22;795;2373;731;72;168;2;180
Wagner (BA);161;49;139;10;80;215;79;-;40;-;86
Wanderley (BA);626;424;1046;3;45;750;98;2;26;127;44
Wenceslau Guimarães (BA);148;32;391;32;2346;627;216;-;59;45;160
Xique-Xique (BA);393;257;492;2;9;1354;115;3;2;57;20
Abadia dos Dourados (MG);682;358;752;2;50;475;354;-;75;22;61
Abaeté (MG);585;84;290;4;25;409;123;-;13;7;7
Abre Campo (MG);524;225;635;16;744;752;667;-;38;7;13
Acaiaca (MG);95;8;140;2;20;74;21;1;1;-;1
Açucena (MG);355;55;404;15;51;150;158;3;63;3;7
Água Boa (MG);630;473;1361;8;411;934;876;2;51;497;43
Água Comprida (MG);81;12;15;1;-;62;20;-;-;2;-
Aguanil (MG);200;73;190;3;127;210;83;1;16;-;4
Águas Formosas (MG);453;101;573;26;124;453;200;-;8;2;171
Águas Vermelhas (MG);139;46;346;3;41;235;164;-;12;1;42
Aimorés (MG);945;166;658;8;273;548;231;1;3;2;6
Aiuruoca (MG);310;76;151;9;16;202;151;2;7;2;23
Alagoa (MG);239;106;178;6;2;212;121;-;-;1;93
Albertina (MG);61;19;35;3;160;18;21;-;2;-;1
Além Paraíba (MG);243;37;77;10;18;89;66;1;1;-;6
Alfenas (MG);527;214;454;15;310;445;315;9;8;1;6
Alfredo Vasconcelos (MG);160;29;51;1;11;196;148;22;7;-;8
Almenara (MG);582;157;608;5;207;504;301;3;90;136;99
Alpercata (MG);157;36;126;3;15;76;112;1;2;-;2
Alpinópolis (MG);516;143;533;6;476;445;228;1;3;-;5
Alterosa (MG);599;369;731;24;782;636;484;-;10;-;2
Alto Caparaó (MG);54;37;95;3;295;134;85;1;-;-;4
Alto Rio Doce (MG);787;580;918;27;38;1214;1125;1;53;476;378
Alvarenga (MG);237;4;177;-;50;99;242;-;35;63;3
Alvinópolis (MG);426;84;340;36;39;582;441;1;34;18;11
Alvorada de Minas (MG);154;65;166;1;69;128;136;-;2;1;18
Amparo do Serra (MG);222;75;151;2;173;183;119;-;4;-;2
Andradas (MG);538;157;371;13;994;258;379;13;15;-;10
Cachoeira de Pajeú (MG);188;65;296;1;28;265;150;-;2;-;13
Andrelândia (MG);494;125;304;12;34;533;380;1;24;60;11
Angelândia (MG);184;143;529;10;546;518;438;-;154;113;47
Antônio Carlos (MG);216;15;135;12;30;136;145;2;5;-;3
Antônio Dias (MG);235;92;276;23;83;197;273;-;20;7;37
Antônio Prado de Minas (MG);130;35;100;19;79;172;102;-;7;-;7
Araçaí (MG);61;20;55;1;7;72;21;-;3;-;3
Aracitaba (MG);89;11;43;4;3;29;35;-;4;1;2
Araçuaí (MG);669;345;1927;12;97;1355;1300;1;415;7;75
Araguari (MG);537;50;74;7;211;164;261;2;-;6;6
Arantina (MG);112;5;50;1;-;112;1;-;-;-;-
Araponga (MG);226;267;664;5;1155;722;708;-;13;9;10
Araporã (MG);78;59;84;1;-;62;4;-;-;-;7
Arapuá (MG);202;98;209;-;92;98;15;-;2;-;-
Araújos (MG);197;12;116;2;-;196;137;-;2;-;-
Araxá (MG);300;34;112;1;52;132;110;-;8;-;22
Arceburgo (MG);103;30;110;5;62;121;86;-;-;-;4
Arcos (MG);497;158;368;7;30;510;505;2;6;-;16
Areado (MG);282;113;247;19;316;256;200;3;21;-;4
Argirita (MG);98;4;37;1;-;3;28;-;1;-;-
Aricanduva (MG);262;212;529;11;258;502;495;-;112;2;117
Arinos (MG);913;457;1409;11;44;766;748;-;138;13;70
Astolfo Dutra (MG);79;6;16;-;49;41;23;34;2;1;1
Ataléia (MG);678;136;362;7;168;449;387;-;8;3;44
Augusto de Lima (MG);55;2;15;1;5;50;13;-;-;-;-
Baependi (MG);458;44;172;10;53;195;198;2;14;7;11
Baldim (MG);244;74;165;8;75;277;182;2;18;25;20
Bambuí (MG);958;365;839;10;121;694;345;3;23;5;13
Bandeira (MG);200;96;368;23;73;232;142;18;15;4;22
Bandeira do Sul (MG);54;30;57;-;46;35;59;-;5;-;8
Barão de Cocais (MG);42;3;13;-;4;24;17;-;-;-;2
Barão do Monte Alto (MG);175;33;144;18;11;147;96;-;3;1;2
Barbacena (MG);573;120;314;9;66;479;854;35;31;4;12
Barra Longa (MG);395;45;121;7;20;132;69;-;1;-;8
Barroso (MG);80;27;39;1;6;69;49;-;2;-;5
Bela Vista de Minas (MG);22;4;15;2;5;22;20;-;-;-;2
Belmiro Braga (MG);100;3;36;6;2;70;1;-;-;-;-
Belo Horizonte (MG);29;6;7;-;-;12;3;2;-;-;2
Belo Oriente (MG);207;30;293;11;67;251;249;-;6;1;10
Belo Vale (MG);464;144;651;10;533;540;927;5;129;2;39
Berilo (MG);644;608;1611;77;174;1487;647;-;102;122;96
Bertópolis (MG);208;57;213;1;4;53;20;-;-;-;4
Berizal (MG);138;102;195;-;49;226;123;-;10;5;37
Betim (MG);163;54;149;12;47;174;179;14;2;-;8
Bias Fortes (MG);313;148;226;3;2;235;183;-;5;1;7
Bicas (MG);102;17;69;10;19;86;99;-;3;1;6
Biquinhas (MG);262;194;278;-;9;211;129;-;5;-;19
Boa Esperança (MG);368;89;297;11;747;323;191;-;8;-;7
Bocaina de Minas (MG);300;45;66;20;4;113;73;1;18;3;8
Bocaiúva (MG);606;274;626;8;85;634;315;1;43;11;40
Bom Despacho (MG);530;74;446;5;4;180;96;-;11;1;5
Bom Jardim de Minas (MG);222;76;151;14;18;218;150;-;3;2;95
Bom Jesus da Penha (MG);279;117;283;14;334;327;221;2;85;41;5
Bom Jesus do Amparo (MG);180;6;127;15;65;132;148;1;2;-;5
Bom Jesus do Galho (MG);462;41;385;9;466;355;372;-;9;3;9
Bom Repouso (MG);636;177;646;3;27;479;587;-;19;9;8
Bom Sucesso (MG);381;15;285;1;201;271;264;-;7;-;4
Bonfim (MG);284;78;94;5;49;385;255;-;5;-;10
Bonfinópolis de Minas (MG);394;299;458;1;15;388;297;-;14;-;28
Bonito de Minas (MG);301;125;594;-;27;577;289;-;47;387;75
Borda da Mata (MG);368;105;362;6;145;247;128;-;11;-;2
Botelhos (MG);372;134;329;6;538;305;306;1;17;1;7
Botumirim (MG);235;113;528;7;118;458;400;-;6;12;13
Brasilândia de Minas (MG);216;84;237;7;6;117;129;-;1;-;3
Brasília de Minas (MG);718;689;2308;8;87;2147;525;1;53;569;121
Brás Pires (MG);232;85;356;9;43;546;579;-;4;2;10
Braúnas (MG);330;157;494;62;78;503;418;1;88;111;53
Brazópolis (MG);288;45;79;18;287;178;269;-;14;1;5
Brumadinho (MG);321;64;188;8;115;167;92;1;4;7;12
Bueno Brandão (MG);721;228;726;4;585;608;399;1;20;2;15
Buenópolis (MG);183;8;192;-;5;162;18;-;3;-;3
Bugre (MG);101;18;15;-;22;90;127;-;6;4;-
Buritis (MG);739;563;1108;11;31;780;750;-;187;4;14
Buritizeiro (MG);237;96;384;15;27;190;118;-;13;12;10
Cabeceira Grande (MG);217;119;199;1;3;128;122;-;4;77;8
Cabo Verde (MG);545;287;550;73;1233;470;535;-;29;2;4
Cachoeira da Prata (MG);29;4;1;1;-;27;4;-;-;-;-
Cachoeira de Minas (MG);270;97;166;15;227;318;154;-;3;-;4
Cachoeira Dourada (MG);48;31;53;-;1;61;5;-;-;-;5
Caetanópolis (MG);52;24;42;1;2;37;3;2;1;-;6
Caeté (MG);107;39;80;15;39;63;72;3;8;44;9
Caiana (MG);108;35;68;4;406;93;131;-;5;-;4
Cajuri (MG);91;66;117;3;148;182;136;4;6;-;5
Caldas (MG);702;53;183;8;145;298;367;4;2;-;6
Camacho (MG);195;110;208;4;234;279;46;-;8;-;3
Camanducaia (MG);284;45;227;8;3;176;51;1;2;-;12
Cambuí (MG);355;32;101;5;22;273;372;-;19;-;11
Cambuquira (MG);105;26;35;1;236;88;28;-;4;-;1
Campanário (MG);97;15;82;1;31;90;93;-;8;1;3
Campanha (MG);196;41;75;11;405;141;96;1;2;1;2
Campestre (MG);747;60;101;17;1426;472;146;-;13;-;4
Campina Verde (MG);1364;280;527;17;15;340;479;1;3;27;20
Campo Azul (MG);220;75;391;1;6;305;58;-;13;52;23
Campo Belo (MG);484;124;328;8;389;489;384;-;18;1;10
Campo do Meio (MG);123;53;132;6;337;265;116;-;5;5;4
Campo Florido (MG);202;18;170;3;7;93;76;-;-;-;4
Campos Altos (MG);180;3;11;1;144;27;95;-;1;-;7
Campos Gerais (MG);700;292;834;20;1499;795;659;1;6;1;12
Canaã (MG);164;38;130;12;306;273;122;-;5;3;3
Canápolis (MG);145;48;120;1;5;156;26;-;-;-;2
Cana Verde (MG);222;45;147;3;214;209;59;-;3;-;5
Candeias (MG);522;249;285;19;637;743;303;-;38;4;3
Cantagalo (MG);143;69;199;9;85;227;142;-;2;-;47
Caparaó (MG);64;20;50;4;338;143;120;-;-;-;-
Capela Nova (MG);245;70;431;9;41;447;471;-;16;1;45
Capelinha (MG);502;214;806;23;567;802;595;-;78;8;20
Capetinga (MG);162;22;75;4;137;76;87;-;2;-;1
Capim Branco (MG);52;20;48;2;3;25;32;-;-;-;3
Capinópolis (MG);168;80;109;2;3;178;79;-;-;3;6
Capitão Andrade (MG);226;48;190;4;25;212;227;-;3;-;3
Capitão Enéas (MG);242;107;262;2;10;239;164;-;6;-;7
Capitólio (MG);278;33;160;11;136;182;227;1;4;1;3
Caputira (MG);170;39;201;5;553;417;240;-;2;-;1
Caraí (MG);533;497;1915;17;1233;2091;1453;3;25;814;423
Caranaíba (MG);172;37;102;-;5;123;99;1;5;-;3
Carandaí (MG);325;46;92;11;21;333;186;3;32;5;10
Carangola (MG);298;131;392;31;789;404;534;2;9;1;32
Caratinga (MG);801;210;837;26;1331;964;902;2;19;75;75
Carbonita (MG);320;106;431;15;130;432;374;-;59;357;105
Careaçu (MG);219;36;117;2;148;109;21;-;7;-;2
Carlos Chagas (MG);659;156;236;7;3;229;219;-;7;-;6
Carmésia (MG);157;78;128;16;24;120;83;-;18;10;8
Carmo da Cachoeira (MG);213;48;104;4;393;104;59;3;13;2;5
Carmo da Mata (MG);293;25;20;21;72;309;10;2;11;1;5
Carmo de Minas (MG);132;15;15;3;108;48;24;-;1;1;2
Carmo do Cajuru (MG);414;56;122;9;17;408;349;-;12;-;5
Carmo do Paranaíba (MG);816;142;397;1;230;361;181;-;11;1;28
Carmo do Rio Claro (MG);505;98;255;17;680;297;394;-;4;-;9
Carmópolis de Minas (MG);633;232;531;19;83;593;415;2;34;9;35
Carneirinho (MG);606;248;416;1;3;205;187;-;-;1;2
Carrancas (MG);156;38;88;4;11;82;20;-;-;-;-
Carvalhópolis (MG);134;84;138;7;201;133;164;-;4;-;1
Carvalhos (MG);390;145;90;8;3;187;44;-;4;3;20
Casa Grande (MG);176;44;56;3;5;111;72;-;5;-;2
Cascalho Rico (MG);105;12;21;-;9;22;132;-;-;1;2
Cássia (MG);313;60;271;4;182;190;47;2;8;1;2
Conceição da Barra de Minas (MG);221;85;212;7;29;223;203;1;3;1;11
Cataguases (MG);508;57;107;9;38;188;102;6;5;2;6
Catas Altas (MG);16;3;6;6;8;1;1;-;1;-;1
Catas Altas da Noruega (MG);86;12;67;7;14;103;77;1;11;5;12
Catuji (MG);114;61;373;2;202;316;161;-;85;28;25
Catuti (MG);239;133;435;-;6;462;54;-;2;85;27
Caxambu (MG);69;5;43;2;12;20;51;1;-;-;3
Cedro do Abaeté (MG);50;1;43;-;1;10;1;-;-;-;-
Central de Minas (MG);192;25;133;2;19;127;93;-;6;-;-
Centralina (MG);106;38;97;-;3;95;15;-;-;2;5
Chácara (MG);113;7;117;11;21;19;137;1;13;-;1
Chalé (MG);234;35;209;5;439;169;217;-;16;-;1
Chapada do Norte (MG);637;345;1593;16;149;2064;923;-;32;300;345
Chapada Gaúcha (MG);262;74;636;8;21;358;415;-;68;51;4
Chiador (MG);143;38;75;16;4;52;43;-;1;-;3
Cipotânea (MG);336;188;235;6;20;665;502;1;4;17;7
Claraval (MG);154;33;65;-;297;75;235;-;2;-;10
Claro dos Poções (MG);343;155;429;2;33;458;193;-;47;105;59
Cláudio (MG);528;154;491;13;45;507;170;1;22;-;8
Coimbra (MG);165;47;122;2;159;375;166;-;6;1;3
Coluna (MG);421;359;772;19;168;652;779;-;79;44;56
Comendador Gomes (MG);325;97;160;4;7;123;107;-;5;3;4
Comercinho (MG);387;226;914;7;109;854;366;-;61;231;63
Conceição da Aparecida (MG);243;95;209;2;811;132;173;1;5;-;2
Conceição das Pedras (MG);148;17;47;-;184;30;7;-;3;-;2
Conceição das Alagoas (MG);157;37;57;-;2;104;36;-;-;-;8
Conceição de Ipanema (MG);348;56;300;6;272;227;358;-;49;1;5
Conceição do Mato Dentro (MG);635;157;437;7;154;849;643;2;19;30;143
Conceição do Pará (MG);193;14;10;11;2;228;5;-;-;-;4
Conceição do Rio Verde (MG);159;91;60;9;178;174;77;-;7;-;3
Conceição dos Ouros (MG);127;54;75;2;15;80;18;-;3;-;4
Cônego Marinho (MG);174;125;360;2;5;364;208;1;27;16;74
Confins (MG);11;-;-;-;-;3;2;-;-;-;-
Congonhal (MG);516;107;485;6;172;417;318;-;11;-;11
Congonhas (MG);42;4;3;2;3;5;6;-;-;-;-
Congonhas do Norte (MG);237;182;408;2;161;471;366;10;252;381;236
Conquista (MG);138;33;79;2;1;96;10;-;-;-;2
Conselheiro Lafaiete (MG);227;23;86;2;10;118;106;3;2;6;5
Conselheiro Pena (MG);750;105;524;9;282;345;267;1;14;-;3
Consolação (MG);173;34;137;1;36;129;138;-;26;-;6
Contagem (MG);47;25;47;1;1;57;30;-;-;-;5
Coqueiral (MG);368;105;407;22;585;445;310;2;8;-;3
Coração de Jesus (MG);991;642;1667;12;75;1673;583;-;42;635;240
Cordisburgo (MG);315;48;283;4;9;248;119;-;2;1;6
Cordislândia (MG);100;6;46;-;113;87;37;-;-;-;1
Corinto (MG);334;98;216;2;20;303;156;-;7;3;14
Coroaci (MG);313;26;225;1;50;102;108;-;22;2;9
Coromandel (MG);1312;733;1180;19;226;1009;834;1;60;52;100
Coronel Fabriciano (MG);58;9;72;10;42;95;106;1;6;27;2
Coronel Murta (MG);246;102;535;4;56;376;392;-;123;11;15
Coronel Pacheco (MG);41;6;8;1;16;18;4;-;-;-;2
Coronel Xavier Chaves (MG);94;4;10;-;7;130;27;-;1;-;4
Córrego Danta (MG);235;61;200;-;105;194;94;-;7;-;6
Córrego do Bom Jesus (MG);192;7;110;2;11;112;103;1;34;-;2
Córrego Fundo (MG);208;175;229;3;27;229;170;-;13;-;10
Córrego Novo (MG);131;17;182;-;45;183;170;-;1;-;-
Couto de Magalhães de Minas (MG);46;39;105;2;15;69;83;-;3;-;3
Crisólita (MG);236;82;248;6;17;150;140;-;71;-;17
Cristais (MG);361;93;471;3;329;476;415;-;10;2;1
Cristália (MG);97;38;229;3;29;249;193;1;1;-;7
Cristiano Otoni (MG);140;13;99;6;6;99;98;-;5;-;-
Cristina (MG);408;30;239;1;191;217;71;-;3;-;2
Crucilândia (MG);368;91;241;3;17;514;308;-;6;-;65
Cruzeiro da Fortaleza (MG);150;39;81;2;21;80;5;-;-;-;4
Cruzília (MG);295;80;165;4;67;273;136;-;22;2;8
Cuparaque (MG);184;46;99;6;143;141;125;-;3;-;8
Curral de Dentro (MG);116;40;291;-;33;220;98;-;9;2;10
Curvelo (MG);687;116;487;5;26;345;456;1;12;25;17
Datas (MG);110;49;288;-;98;301;358;-;9;-;49
Delfim Moreira (MG);292;27;122;16;6;154;166;1;5;-;1
Delfinópolis (MG);320;49;43;2;22;85;72;-;1;-;3
Delta (MG);45;15;26;1;-;8;35;-;-;-;3
Descoberto (MG);184;7;50;2;20;91;128;-;3;1;4
Desterro de Entre Rios (MG);708;377;869;13;146;975;844;-;164;6;248
Desterro do Melo (MG);227;15;22;-;27;102;168;1;5;-;5
Diamantina (MG);293;109;569;3;118;569;979;1;24;9;12
Diogo de Vasconcelos (MG);161;52;120;3;29;254;185;-;101;1;5
Dionísio (MG);269;40;303;25;77;214;254;-;14;3;3
Divinésia (MG);160;24;123;1;29;160;90;1;27;37;8
Divino (MG);413;316;542;23;1275;946;444;1;45;4;24
Divino das Laranjeiras (MG);171;29;104;5;12;29;32;-;-;-;-
Divinolândia de Minas (MG);62;15;35;5;18;32;35;-;12;-;5
Divinópolis (MG);560;125;597;27;110;585;571;6;28;9;90
Divisa Alegre (MG);28;9;29;8;5;27;13;-;-;1;4
Divisa Nova (MG);204;93;103;4;153;193;117;-;3;-;2
Divisópolis (MG);53;16;190;2;168;147;2;-;1;-;4
Dom Bosco (MG);293;188;279;-;10;164;183;-;6;2;11
Dom Cavati (MG);78;7;69;3;48;101;7;-;-;-;9
Dom Joaquim (MG);129;49;124;4;22;123;54;-;33;4;5
Dom Silvério (MG);233;33;190;4;46;233;177;-;6;1;9
Dom Viçoso (MG);109;8;19;3;38;72;23;-;2;-;-
Dona Euzébia (MG);55;-;8;-;18;14;8;83;-;-;-
Dores de Campos (MG);112;11;51;-;-;128;25;-;2;-;5
Dores de Guanhães (MG);205;34;87;6;10;95;94;-;2;-;4
Dores do Indaiá (MG);380;78;397;1;17;133;163;1;-;-;4
Dores do Turvo (MG);277;42;169;8;30;330;303;-;112;43;6
Doresópolis (MG);115;34;96;1;10;102;1;-;1;-;1
Douradoquara (MG);196;136;199;3;27;148;83;-;1;1;8
Durandé (MG);136;52;152;3;475;219;161;-;17;1;9
Elói Mendes (MG);396;77;193;8;680;176;204;-;23;-;5
Engenheiro Caldas (MG);189;33;180;5;35;99;170;4;29;-;1
Engenheiro Navarro (MG);175;84;230;3;36;192;168;-;3;36;36
Entre Folhas (MG);63;12;24;1;129;98;31;-;-;-;1
Entre Rios de Minas (MG);564;293;638;7;71;662;852;1;26;3;113
Ervália (MG);329;370;794;12;1412;1050;1020;-;33;1;15
Esmeraldas (MG);334;55;84;10;12;278;41;6;3;-;15
Espera Feliz (MG);165;112;190;22;936;236;219;1;7;1;5
Espinosa (MG);1142;731;2647;2;135;2250;339;-;207;446;62
Espírito Santo do Dourado (MG);289;41;146;1;121;193;137;-;1;-;4
Estiva (MG);555;51;617;10;14;533;817;35;3;1;6
Estrela Dalva (MG);86;10;59;3;2;50;3;-;1;-;-
Estrela do Indaiá (MG);196;50;153;2;26;148;53;-;-;-;2
Estrela do Sul (MG);291;122;273;2;85;160;192;-;3;-;9
Eugenópolis (MG);314;69;42;8;392;262;131;-;4;-;-
Ewbank da Câmara (MG);17;5;5;2;1;9;12;-;3;1;1
Extrema (MG);297;31;261;11;13;170;42;2;7;6;8
Fama (MG);58;6;22;3;97;62;37;1;-;-;-
Faria Lemos (MG);58;12;20;1;87;33;14;-;2;-;-
Felício dos Santos (MG);230;178;603;16;426;545;414;-;4;19;96
São Gonçalo do Rio Preto (MG);29;3;14;-;2;141;74;-;-;1;49
Felisburgo (MG);171;67;150;2;51;215;110;-;7;4;46
Felixlândia (MG);426;218;413;12;63;454;248;1;10;15;19
Fernandes Tourinho (MG);66;17;56;-;12;42;41;-;1;-;3
Ferros (MG);490;95;426;47;59;301;440;1;137;78;22
Fervedouro (MG);348;155;494;13;990;667;569;-;29;-;8
Florestal (MG);63;7;26;3;2;9;10;1;3;-;-
Formiga (MG);1177;422;1247;12;176;988;999;6;49;7;29
Formoso (MG);196;47;250;-;4;360;90;-;18;36;10
Fortaleza de Minas (MG);289;65;175;3;141;292;189;-;4;-;2
Fortuna de Minas (MG);115;13;93;8;9;118;76;-;20;1;4
Francisco Badaró (MG);451;121;1068;21;97;1100;765;1;222;11;97
Francisco Dumont (MG);146;62;165;3;19;120;61;-;1;-;19
Francisco Sá (MG);914;284;848;1;44;706;209;3;23;3;40
Franciscópolis (MG);290;140;485;47;161;389;356;-;34;1;41
Frei Gaspar (MG);241;19;98;3;2;114;48;-;-;-;1
Frei Inocêncio (MG);124;12;21;4;4;10;20;-;1;-;1
Frei Lagonegro (MG);209;181;283;23;101;223;234;-;13;163;28
Fronteira (MG);80;9;2;-;1;44;1;-;-;1;4
Fronteira dos Vales (MG);164;54;157;2;8;270;44;-;3;-;25
Fruta de Leite (MG);197;75;780;-;70;768;59;-;1;-;18
Frutal (MG);839;204;545;10;33;370;364;2;5;5;3
Funilândia (MG);108;13;66;5;8;104;51;-;2;-;4
Galiléia (MG);257;1;68;2;9;84;1;-;-;-;1
Gameleiras (MG);358;274;517;2;17;479;50;-;48;93;51
Glaucilândia (MG);63;33;91;1;-;35;51;1;-;-;3
Goiabeira (MG);88;2;8;-;5;61;9;-;-;-;-
Goianá (MG);59;7;26;3;12;48;30;-;5;2;5
Gonçalves (MG);139;51;136;10;78;118;116;1;14;7;10
Gonzaga (MG);193;69;370;1;69;266;374;-;3;-;14
Gouveia (MG);125;5;118;2;111;188;213;-;3;5;5
Governador Valadares (MG);990;201;731;36;191;447;560;5;11;26;43
Grão Mogol (MG);433;253;1055;17;238;1039;570;-;83;27;52
Grupiara (MG);80;52;76;-;6;42;51;-;2;-;2
Guanhães (MG);335;61;336;16;46;219;270;1;41;2;5
Guapé (MG);629;196;433;27;606;609;391;1;8;2;10
Guaraciaba (MG);371;116;536;20;142;977;393;2;32;64;33
Guaraciama (MG);183;80;285;3;15;209;32;-;44;7;27
Guaranésia (MG);163;68;136;2;213;117;80;1;3;-;1
Guarani (MG);220;17;114;3;24;230;160;-;4;-;4
Guarará (MG);91;21;68;7;27;82;61;-;21;-;6
Guarda-Mor (MG);502;305;605;2;15;415;216;-;42;6;27
Guaxupé (MG);130;51;102;4;175;75;126;-;5;-;2
Guidoval (MG);251;51;237;15;259;239;237;7;4;1;9
Guimarânia (MG);353;184;329;5;88;273;104;-;4;18;37
Guiricema (MG);700;229;542;10;219;757;391;-;19;-;7
Gurinhatã (MG);750;154;517;2;3;251;79;-;8;-;3
Heliodora (MG);129;38;148;2;338;112;40;-;5;-;3
Iapu (MG);310;25;371;1;98;191;237;1;5;2;2
Ibertioga (MG);236;13;122;4;4;235;138;-;1;-;2
Ibiá (MG);413;165;290;3;91;262;104;-;1;1;43
Ibiaí (MG);121;42;166;-;13;169;60;-;1;-;13
Ibiracatu (MG);144;180;355;3;28;309;73;-;43;62;9
Ibiraci (MG);210;13;133;1;554;26;136;-;-;-;-
Ibirité (MG);7;4;8;-;3;8;14;2;-;-;-
Ibitiúra de Minas (MG);197;57;182;1;329;157;121;-;3;-;10
Ibituruna (MG);132;17;68;1;91;40;9;1;-;-;1
Icaraí de Minas (MG);464;384;807;2;22;686;357;-;6;148;155
Igarapé (MG);92;20;51;8;7;28;107;10;-;-;2
Igaratinga (MG);174;13;28;1;1;31;30;-;-;-;2
Iguatama (MG);270;96;196;6;22;169;102;-;6;-;4
Ijaci (MG);95;19;29;1;16;73;19;-;-;-;2
Ilicínea (MG);361;204;455;23;556;337;288;1;11;2;22
Imbé de Minas (MG);154;112;295;-;357;331;334;-;4;-;35
Inconfidentes (MG);343;54;386;9;505;306;265;1;6;-;3
Indaiabira (MG);333;285;963;-;126;1024;350;-;6;56;145
Indianópolis (MG);200;120;228;2;135;72;226;-;2;5;13
Ingaí (MG);125;24;71;-;47;136;68;-;2;-;1
Inhapim (MG);679;193;676;8;756;712;436;1;222;31;77
Inhaúma (MG);102;18;68;3;11;105;33;-;2;-;4
Inimutaba (MG);183;21;54;-;3;102;42;-;1;4;3
Ipaba (MG);116;61;145;7;22;98;154;-;1;-;9
Ipanema (MG);558;223;521;8;209;470;406;-;10;8;7
Ipatinga (MG);92;12;8;17;67;54;117;1;9;-;10
Ipiaçu (MG);109;56;84;1;-;85;50;-;1;-;2
Ipuiúna (MG);272;28;106;1;7;172;121;-;15;15;7
Iraí de Minas (MG);349;120;300;-;40;204;153;-;79;1;11
Itabira (MG);524;37;336;6;105;510;353;-;13;20;19
Itabirinha (MG);253;48;239;4;146;104;139;-;1;-;1
Itabirito (MG);74;17;72;8;11;37;93;2;6;1;3
Itacambira (MG);208;23;433;1;47;241;128;-;131;6;15
Itacarambi (MG);158;92;328;1;9;227;64;-;1;3;9
Itaguara (MG);557;272;528;7;55;584;437;1;34;27;29
Itaipé (MG);230;148;701;7;844;752;738;-;9;9;75
Itajubá (MG);528;74;199;4;56;251;342;-;12;3;6
Itamarandiba (MG);933;256;1360;34;400;1192;1242;4;68;30;247
Itamarati de Minas (MG);154;22;79;1;51;89;35;53;4;1;3
Itambacuri (MG);456;122;470;18;378;457;455;1;71;17;24
Itambé do Mato Dentro (MG);178;28;225;1;102;198;228;3;4;1;8
Itamogi (MG);212;21;211;7;544;117;192;-;23;-;3
Itamonte (MG);276;132;162;62;18;233;139;3;1;10;11
Itanhandu (MG);166;17;41;6;6;127;19;-;7;1;2
Itanhomi (MG);345;30;362;2;110;405;437;-;8;-;6
Itaobim (MG);219;299;744;4;156;688;355;-;3;42;74
Itapagipe (MG);1130;315;783;7;30;263;362;1;1;6;12
Itapecerica (MG);814;260;784;25;115;805;506;2;50;1;16
Itapeva (MG);238;5;90;1;3;99;47;4;-;-;1
Itatiaiuçu (MG);142;32;21;2;4;40;23;1;-;-;2
Itaú de Minas (MG);64;22;33;5;4;53;39;-;3;-;3
Itaúna (MG);409;49;276;8;10;325;306;4;11;-;9
Itaverava (MG);197;29;230;3;43;310;342;2;56;1;8
Itinga (MG);443;202;889;2;81;826;386;1;10;249;93
Itueta (MG);394;88;431;11;359;223;93;-;10;2;10
Ituiutaba (MG);1128;441;900;7;38;657;447;1;20;13;41
Itumirim (MG);238;106;203;2;44;223;143;-;19;-;3
Iturama (MG);391;222;410;6;11;168;285;1;7;2;6
Itutinga (MG);210;42;91;3;5;97;84;-;14;1;1
Jaboticatubas (MG);454;82;357;6;66;391;283;2;4;3;41
Jacinto (MG);446;117;501;1;40;370;97;-;26;-;41
Jacuí (MG);413;95;486;4;444;394;338;-;3;-;19
Jacutinga (MG);191;45;119;8;344;50;62;-;10;-;16
Jaguaraçu (MG);86;9;40;8;29;61;85;-;3;-;7
Jaíba (MG);789;569;1410;12;347;1069;478;3;10;30;39
Jampruca (MG);204;44;222;8;33;210;209;-;1;1;7
Janaúba (MG);856;491;1114;10;143;869;514;2;134;323;83
Januária (MG);1389;805;2254;38;60;2450;1087;-;210;324;177
Japaraíba (MG);141;19;106;-;5;135;86;-;-;-;5
Japonvar (MG);196;115;506;2;22;470;88;-;8;104;29
Jeceaba (MG);273;62;236;5;6;222;261;6;10;1;5
Jenipapo de Minas (MG);201;98;511;-;39;420;212;-;1;151;5
Jequeri (MG);567;291;1044;10;623;1087;1096;1;37;154;25
Jequitaí (MG);204;61;301;3;17;327;238;-;4;2;14
Jequitibá (MG);304;71;306;8;46;360;276;2;3;8;37
Jequitinhonha (MG);643;364;1128;30;293;1229;616;1;217;219;200
Jesuânia (MG);115;10;15;2;208;84;9;-;1;-;2
Joaíma (MG);442;194;587;3;66;433;386;-;2;-;115
Joanésia (MG);269;57;674;10;35;454;704;-;1;-;8
João Monlevade (MG);28;3;15;2;4;11;8;-;1;-;1
João Pinheiro (MG);1318;396;1131;14;44;638;501;2;37;159;68
Joaquim Felício (MG);146;19;147;-;3;153;181;-;-;1;6
Jordânia (MG);371;50;387;7;62;277;81;-;141;11;48
José Gonçalves de Minas (MG);119;48;187;3;45;185;124;-;3;10;16
José Raydan (MG);211;173;280;19;78;283;213;-;111;9;13
Josenópolis (MG);196;176;375;2;69;410;230;-;5;353;75
Nova União (MG);146;22;117;10;213;116;141;2;7;-;7
Juatuba (MG);23;2;5;-;1;5;11;-;-;-;-
Juiz de Fora (MG);538;35;222;13;16;152;371;1;10;1;6
Juramento (MG);166;85;190;2;22;176;105;-;1;-;10
Juruaia (MG);347;184;371;5;742;231;148;-;7;-;3
Juvenília (MG);191;163;299;1;22;281;114;-;6;64;10
Ladainha (MG);486;340;1719;19;650;1550;1290;-;340;59;66
Lagamar (MG);779;519;746;8;67;550;468;1;15;23;63
Lagoa da Prata (MG);261;53;168;4;15;234;127;1;1;16;13
Lagoa dos Patos (MG);126;8;42;1;-;110;4;-;1;1;2
Lagoa Dourada (MG);444;95;158;4;6;591;203;-;21;2;10
Lagoa Formosa (MG);1087;289;724;3;77;652;327;-;53;1;43
Lagoa Grande (MG);448;198;430;9;5;175;130;-;17;3;3
Lagoa Santa (MG);30;1;6;-;4;9;17;1;1;1;2
Lajinha (MG);276;153;265;5;997;341;352;1;11;-;5
Lambari (MG);256;38;240;5;504;154;154;-;1;-;3
Lamim (MG);109;7;51;2;5;205;21;-;39;12;3
Laranjal (MG);176;22;48;1;4;20;202;-;-;-;1
Lassance (MG);174;103;266;5;13;321;166;3;4;5;10
Lavras (MG);534;90;224;10;274;480;341;3;5;3;5
Leandro Ferreira (MG);169;14;125;4;1;116;94;-;-;-;6
Leme do Prado (MG);145;73;236;11;68;279;179;-;39;27;4
Leopoldina (MG);816;48;373;11;69;359;401;2;6;4;3
Liberdade (MG);283;72;205;16;13;227;178;-;19;31;45
Lima Duarte (MG);606;145;377;42;40;641;425;-;101;54;64
Limeira do Oeste (MG);481;193;447;3;10;205;213;1;3;3;4
Lontra (MG);159;106;236;-;35;260;113;-;5;46;30
Luisburgo (MG);32;8;4;-;864;70;242;-;-;1;-
Luislândia (MG);212;169;348;10;22;305;99;-;16;70;23
Luminárias (MG);214;81;182;3;62;178;72;-;5;-;3
Luz (MG);460;79;309;2;49;290;160;-;11;16;8
Machacalis (MG);185;59;195;1;16;183;62;-;67;-;1
Machado (MG);375;100;291;8;847;311;239;1;9;-;4
Madre de Deus de Minas (MG);166;78;135;6;13;160;106;-;7;2;3
Malacacheta (MG);595;163;610;12;166;318;334;1;11;6;23
Mamonas (MG);607;662;987;-;24;999;133;1;99;338;69
Manga (MG);516;305;808;-;18;708;270;1;14;6;15
Manhuaçu (MG);326;148;339;30;2962;617;871;3;8;-;20
Manhumirim (MG);65;16;55;2;429;60;83;2;5;1;3
Mantena (MG);589;108;344;7;656;148;214;-;12;19;8
Maravilhas (MG);183;56;152;-;-;128;118;-;-;-;7
Mar de Espanha (MG);202;30;134;13;31;170;155;1;1;1;5
Maria da Fé (MG);188;10;7;1;36;238;110;2;7;1;4
Mariana (MG);185;59;184;9;21;205;217;-;12;1;10
Marilac (MG);89;20;45;4;9;54;53;-;3;-;9
Mário Campos (MG);11;9;32;4;16;31;40;1;4;-;2
Maripá de Minas (MG);86;27;78;23;31;91;88;1;4;5;4
Marliéria (MG);60;3;10;2;4;13;18;-;1;-;-
Marmelópolis (MG);148;44;84;12;55;173;128;1;17;106;4
Martinho Campos (MG);270;48;134;2;11;154;47;1;8;1;3
Martins Soares (MG);40;41;98;9;250;84;72;-;-;-;-
Mata Verde (MG);63;30;80;1;104;69;12;-;1;10;13
Materlândia (MG);131;45;129;4;13;150;191;-;2;75;4
Mateus Leme (MG);228;31;96;8;28;165;184;13;1;3;4
Matias Barbosa (MG);70;4;9;3;15;29;15;1;2;-;-
Matias Cardoso (MG);221;187;555;19;52;218;138;-;3;1;6
Matipó (MG);194;60;198;4;555;285;73;-;3;16;3
Mato Verde (MG);557;337;651;7;29;631;268;-;9;134;29
Matozinhos (MG);59;9;20;-;1;15;19;-;-;-;-
Matutina (MG);221;109;181;1;70;152;143;-;6;-;11
Medeiros (MG);387;101;262;2;104;199;183;1;4;3;29
Medina (MG);262;150;820;4;88;686;408;-;151;1;77
Mendes Pimentel (MG);354;75;350;10;44;317;198;-;49;46;14
Mercês (MG);442;152;610;9;58;527;685;1;8;68;10
Mesquita (MG);316;63;393;18;138;328;413;-;3;70;8
Minas Novas (MG);1023;857;2785;17;352;2605;1888;2;83;172;211
Minduri (MG);72;2;29;-;3;66;1;-;1;-;1
Mirabela (MG);254;161;393;5;36;536;138;-;4;19;19
Miradouro (MG);370;171;442;31;542;559;350;2;58;48;130
Miraí (MG);357;69;229;4;273;280;234;-;5;2;4
Miravânia (MG);189;103;385;-;12;309;178;-;266;47;45
Moeda (MG);135;18;98;5;46;89;77;1;4;1;5
Moema (MG);258;20;92;2;1;183;31;-;2;1;2
Monjolos (MG);120;4;24;-;6;15;6;-;-;-;-
Monsenhor Paulo (MG);138;40;92;4;235;177;86;-;2;-;2
Montalvânia (MG);322;224;881;1;4;640;292;-;3;172;17
Monte Alegre de Minas (MG);938;94;266;6;22;478;110;2;2;3;7
Monte Azul (MG);1301;1093;1993;9;163;1829;377;1;265;189;126
Monte Belo (MG);707;387;735;29;822;729;581;-;10;-;9
Monte Carmelo (MG);743;339;714;5;319;638;411;-;13;6;46
Monte Formoso (MG);159;64;347;1;151;324;256;1;271;68;51
Monte Santo de Minas (MG);358;54;131;3;616;88;154;-;6;1;2
Montes Claros (MG);1664;831;2601;20;216;2019;1629;15;160;116;100
Monte Sião (MG);253;36;255;9;269;151;232;1;7;-;3
Montezuma (MG);399;332;907;1;71;868;593;-;104;207;113
Morada Nova de Minas (MG);231;56;154;5;16;134;45;1;4;-;11
Morro da Garça (MG);152;30;85;-;15;177;72;1;3;3;5
Morro do Pilar (MG);71;30;34;5;14;46;60;1;5;2;7
Munhoz (MG);236;31;229;1;10;98;208;2;3;1;14
Muriaé (MG);806;105;272;51;338;557;454;-;22;3;15
Mutum (MG);1228;184;771;29;1131;1034;895;1;43;9;11
Muzambinho (MG);681;385;806;35;920;686;812;2;48;6;9
Nacip Raydan (MG);122;9;61;1;8;102;39;-;8;2;6
Nanuque (MG);314;29;78;1;4;52;37;-;-;-;4
Naque (MG);41;3;37;1;12;37;39;-;4;-;-
Natalândia (MG);225;101;201;2;12;205;84;-;11;115;66
Natércia (MG);340;67;312;1;506;141;174;-;-;-;1
Nazareno (MG);325;115;243;11;66;290;57;-;1;-;5
Nepomuceno (MG);377;115;261;15;881;337;259;1;11;2;30
Ninheira (MG);191;101;564;-;181;509;149;-;37;-;52
Nova Belém (MG);82;26;102;-;331;41;85;-;-;1;2
Nova Era (MG);91;6;125;5;21;33;79;2;3;-;1
Nova Lima (MG);4;3;5;1;-;5;6;1;-;-;1
Nova Módica (MG);175;44;163;7;16;44;126;1;1;1;3
Nova Ponte (MG);223;47;86;1;17;105;60;-;1;1;2
Nova Porteirinha (MG);168;181;340;38;343;272;143;2;-;4;8
Nova Resende (MG);368;83;380;1;1800;265;332;-;12;1;2
Nova Serrana (MG);179;28;114;2;4;43;163;-;2;-;2
Novo Cruzeiro (MG);864;1004;2637;7;985;2598;1669;-;161;602;276
Novo Oriente de Minas (MG);184;39;166;5;44;130;102;-;-;1;41
Novorizonte (MG);94;68;302;-;189;332;85;7;47;1;8
Olaria (MG);178;12;56;1;8;152;99;1;78;2;8
Olhos-d'Água (MG);195;64;312;2;66;244;254;-;4;78;17
Olímpio Noronha (MG);47;17;29;4;81;43;1;-;-;-;-
Oliveira (MG);810;441;772;15;264;759;987;2;108;9;26
Oliveira Fortes (MG);132;5;45;2;11;55;21;-;2;-;1
Onça de Pitangui (MG);205;29;75;8;6;86;66;-;1;-;3
Oratórios (MG);120;35;99;3;43;177;80;-;4;3;4
Orizânia (MG);58;14;75;-;366;163;14;-;3;-;-
Ouro Branco (MG);177;59;106;2;22;167;152;-;7;-;6
Ouro Fino (MG);533;131;419;16;693;421;453;-;60;-;7
Ouro Preto (MG);249;65;195;12;75;343;326;3;5;2;5
Ouro Verde de Minas (MG);268;147;522;-;175;335;410;-;112;5;19
Padre Carvalho (MG);91;42;116;-;24;216;75;-;1;-;5
Padre Paraíso (MG);195;87;372;17;306;459;334;1;254;93;92
Paineiras (MG);328;227;318;-;32;349;163;-;2;1;13
Pains (MG);252;99;225;5;6;178;82;-;2;-;6
Pai Pedro (MG);459;322;885;18;24;800;121;-;-;504;46
Paiva (MG);97;37;74;17;18;114;62;-;14;-;4
Palma (MG);331;38;199;-;9;168;147;-;1;1;2
Palmópolis (MG);286;189;379;12;76;644;262;-;259;7;243
Papagaios (MG);191;28;169;-;7;89;58;-;3;1;6
Paracatu (MG);1357;368;1253;8;33;912;937;2;24;128;44
Pará de Minas (MG);374;70;79;2;7;85;96;1;3;2;2
Paraguaçu (MG);327;81;196;8;400;206;61;-;7;-;1
Paraisópolis (MG);398;71;354;12;36;198;362;1;27;-;9
Paraopeba (MG);250;51;214;16;31;307;160;4;6;4;13
Passabém (MG);72;1;59;-;8;37;4;-;-;-;1
Passa Quatro (MG);196;25;33;8;19;70;15;-;7;-;1
Passa Tempo (MG);334;123;278;11;35;295;220;-;20;2;7
Passa Vinte (MG);156;25;92;-;-;-;73;-;-;-;1
Passos (MG);914;205;564;11;278;692;332;1;15;3;4
Patis (MG);180;90;461;7;9;328;97;-;2;2;6
Patos de Minas (MG);2380;1025;1952;36;245;1688;1044;7;31;7;166
Patrocínio (MG);1495;520;1193;15;903;1261;392;7;21;39;59
Patrocínio do Muriaé (MG);184;14;111;33;1;76;13;-;1;1;6
Paula Cândido (MG);295;65;181;7;237;403;238;2;11;-;10
Paulistas (MG);219;132;283;7;65;300;244;-;13;108;59
Pavão (MG);327;92;485;2;8;103;203;-;-;-;1
Peçanha (MG);580;177;695;6;139;705;657;-;26;2;26
Pedra Azul (MG);203;49;99;4;79;269;194;-;21;1;32
Pedra Bonita (MG);202;80;375;8;797;631;495;1;16;1;60
Pedra do Anta (MG);199;94;349;11;168;294;196;-;11;2;1
Pedra do Indaiá (MG);381;154;311;7;30;287;234;-;20;-;31
Pedra Dourada (MG);82;108;128;5;208;153;124;-;8;2;4
Pedralva (MG);220;56;198;6;320;104;93;-;5;-;1
Pedras de Maria da Cruz (MG);303;321;672;16;16;509;188;-;3;291;47
Pedrinópolis (MG);106;14;93;-;13;44;42;-;-;-;-
Pedro Leopoldo (MG);99;25;58;2;3;51;41;-;3;-;2
Pedro Teixeira (MG);115;43;68;3;5;112;56;-;1;-;-
Pequeri (MG);55;5;33;7;1;71;44;-;2;-;5
Pequi (MG);227;30;125;6;8;138;106;-;1;-;3
Perdigão (MG);189;22;251;1;2;60;295;-;1;-;2
Perdizes (MG);774;180;713;5;100;529;343;10;7;2;10
Perdões (MG);282;74;243;3;292;305;300;1;7;1;8
Periquito (MG);57;6;3;-;2;8;14;-;1;-;1
Pescador (MG);96;21;111;1;11;22;43;-;52;-;1
Piau (MG);169;46;116;9;233;121;72;-;2;2;6
Piedade de Caratinga (MG);64;63;108;-;157;72;157;-;5;-;2
Piedade de Ponte Nova (MG);64;7;5;-;5;73;-;-;-;-;1
Piedade do Rio Grande (MG);138;22;63;4;6;133;21;-;3;2;5
Piedade dos Gerais (MG);488;271;442;18;105;553;523;-;18;-;15
Pimenta (MG);315;58;245;6;46;221;133;-;6;1;7
Pingo-d'Água (MG);61;2;41;2;5;131;70;-;-;-;-
Pintópolis (MG);405;374;906;18;3;659;230;-;220;139;152
Piracema (MG);324;56;119;-;43;282;150;-;5;-;2
Pirajuba (MG);31;-;2;-;-;20;3;-;-;-;2
Piranga (MG);651;322;1598;16;170;1847;1717;2;171;307;445
Piranguçu (MG);288;57;183;23;135;235;248;2;34;4;4
Piranguinho (MG);194;17;173;11;55;105;142;-;13;4;3
Pirapetinga (MG);202;35;134;3;10;57;93;-;1;-;2
Pirapora (MG);123;77;75;2;70;314;311;-;2;9;5
Piraúba (MG);158;19;87;2;25;128;107;3;-;-;1
Pitangui (MG);226;17;71;4;5;122;72;1;5;1;4
Piumhi (MG);486;87;211;4;327;518;96;2;14;-;7
Planura (MG);26;3;5;-;1;19;6;-;1;-;-
Poço Fundo (MG);804;194;586;9;1374;561;710;-;7;5;13
Poços de Caldas (MG);144;48;107;3;169;114;114;-;27;1;4
Pocrane (MG);595;188;555;2;204;548;573;1;278;49;2
Pompéu (MG);590;160;507;6;47;524;44;-;7;2;22
Ponte Nova (MG);363;81;240;16;163;353;239;1;45;1;12
Ponto Chique (MG);142;80;203;1;5;116;28;-;-;1;8
Ponto dos Volantes (MG);253;67;545;8;131;456;197;-;102;7;44
Porteirinha (MG);1728;1478;3070;23;193;2484;747;-;30;538;74
Porto Firme (MG);334;242;485;35;260;705;611;-;227;3;22
Poté (MG);309;103;275;9;119;268;180;-;13;3;8
Pouso Alegre (MG);738;177;354;15;64;612;1216;1;6;-;6
Pouso Alto (MG);280;106;264;24;14;150;114;-;2;6;6
Prados (MG);145;31;71;1;4;159;66;-;-;1;9
Prata (MG);1090;249;648;12;19;412;704;1;30;8;20
Pratápolis (MG);256;34;120;1;27;195;57;-;2;-;3
Pratinha (MG);373;126;135;1;129;176;8;-;3;2;135
Presidente Bernardes (MG);219;118;398;9;79;587;550;1;71;-;21
Presidente Juscelino (MG);204;76;175;-;10;202;128;-;-;-;5
Presidente Kubitschek (MG);18;1;15;-;2;72;55;-;-;-;1
Presidente Olegário (MG);1271;611;1140;7;129;927;571;1;16;17;81
Alto Jequitibá (MG);82;45;60;7;618;274;131;-;3;-;1
Prudente de Morais (MG);45;3;16;1;4;33;29;-;2;4;4
Quartel Geral (MG);205;34;126;-;13;47;51;-;1;-;1
Queluzito (MG);177;25;137;3;23;154;140;1;13;-;7
Raposos (MG);-;-;1;-;-;1;1;-;-;-;-
Raul Soares (MG);730;203;752;37;1177;1027;722;3;114;8;31
Recreio (MG);292;23;147;5;7;156;77;-;-;-;2
Reduto (MG);76;64;165;5;331;185;215;1;1;-;6
Resende Costa (MG);553;199;488;24;46;634;526;-;120;-;48
Resplendor (MG);549;68;257;9;155;167;188;-;5;1;3
Ressaquinha (MG);229;52;163;4;4;183;176;13;4;-;32
Riachinho (MG);452;240;415;14;2;337;236;-;3;4;30
Riacho dos Machados (MG);617;465;959;25;91;1016;327;1;15;543;131
Ribeirão das Neves (MG);50;20;40;4;11;29;58;4;1;-;3
Ribeirão Vermelho (MG);38;5;10;4;18;34;14;1;-;-;-
Rio Acima (MG);3;-;1;1;1;-;1;-;1;-;-
Rio Casca (MG);225;28;154;7;36;323;227;1;1;4;2
Rio Doce (MG);102;20;90;5;17;76;80;-;-;-;-
Rio do Prado (MG);138;24;258;-;42;98;79;-;5;-;25
Rio Espera (MG);439;211;763;28;45;922;838;1;286;38;445
Rio Manso (MG);370;78;587;7;16;436;640;6;8;5;12
Rio Novo (MG);135;12;24;5;8;20;76;3;-;-;-
Rio Paranaíba (MG);714;184;679;13;262;276;258;17;4;2;26
Rio Pardo de Minas (MG);648;380;2640;4;509;2743;954;2;205;220;242
Rio Piracicaba (MG);215;12;129;8;33;245;240;-;31;3;11
Rio Pomba (MG);302;87;324;-;94;333;144;2;4;-;17
Rio Preto (MG);254;70;153;17;13;50;120;2;6;-;3
Rio Vermelho (MG);460;186;427;7;251;515;305;1;19;177;73
Ritápolis (MG);208;38;62;2;11;129;5;-;6;-;5
Rochedo de Minas (MG);54;15;41;3;9;33;24;-;1;-;-
Rodeiro (MG);62;6;46;-;37;76;90;-;5;-;4
Romaria (MG);93;41;94;1;65;78;61;-;1;6;6
Rosário da Limeira (MG);130;23;93;6;280;230;86;-;62;4;4
Rubelita (MG);425;181;1066;2;38;984;166;-;126;-;30
Rubim (MG);286;128;298;1;25;240;209;-;5;-;59
Sabará (MG);46;11;20;7;28;17;26;1;-;1;3
Sabinópolis (MG);368;70;380;16;72;276;300;1;108;93;21
Sacramento (MG);774;187;387;4;110;408;397;3;13;4;87
Salinas (MG);863;726;1640;3;170;1700;1035;-;12;254;207
Salto da Divisa (MG);91;17;69;2;2;26;6;-;-;-;6
Santa Bárbara (MG);60;11;53;7;18;69;80;-;5;1;5
Santa Bárbara do Leste (MG);44;4;13;3;623;223;71;1;4;-;3
Santa Bárbara do Monte Verde (MG);208;18;66;8;4;50;4;-;-;-;2
Santa Bárbara do Tugúrio (MG);256;34;200;10;234;230;206;-;5;1;7
Santa Cruz de Minas (MG);1;-;-;-;-;-;-;-;-;-;-
Santa Cruz de Salinas (MG);171;172;399;1;61;395;295;-;42;-;50
Santa Cruz do Escalvado (MG);333;14;150;19;23;250;156;8;7;-;3
Santa Efigênia de Minas (MG);104;15;25;-;5;25;46;-;1;-;2
Santa Fé de Minas (MG);209;75;346;1;14;267;100;-;11;5;8
Santa Helena de Minas (MG);188;43;182;2;22;151;92;-;16;-;17
Santa Juliana (MG);270;103;290;1;17;220;141;-;15;20;10
Santa Luzia (MG);50;13;35;2;11;26;53;-;-;-;2
Santa Margarida (MG);254;220;683;8;1577;1109;783;1;110;7;29
Santa Maria de Itabira (MG);163;12;105;16;19;86;193;2;10;1;3
Santa Maria do Salto (MG);71;60;90;-;21;57;41;-;1;-;7
Santa Maria do Suaçuí (MG);350;57;484;13;49;397;284;1;261;7;24
Santana da Vargem (MG);75;12;6;2;350;110;42;-;1;-;1
Santana de Cataguases (MG);253;57;138;10;28;142;116;-;4;5;8
Santana de Pirapama (MG);756;369;1148;5;137;1020;856;-;151;453;85
Santana do Deserto (MG);51;7;26;3;1;24;26;-;1;-;2
Santana do Garambéu (MG);83;32;92;2;34;96;101;1;18;3;4
Santana do Jacaré (MG);38;7;21;1;39;34;33;-;1;1;-
Santana do Manhuaçu (MG);264;111;346;7;646;399;466;-;4;152;7
Santana do Paraíso (MG);57;11;24;6;16;34;7;-;2;-;3
Santana do Riacho (MG);140;39;63;-;13;89;56;-;8;1;10
Santana dos Montes (MG);302;162;369;18;31;412;352;5;48;107;85
Santa Rita de Caldas (MG);946;235;496;18;115;702;499;-;47;4;26
Santa Rita de Jacutinga (MG);353;46;117;7;7;138;156;-;99;11;5
Santa Rita de Minas (MG);62;4;93;29;204;107;129;1;2;1;3
Santa Rita de Ibitipoca (MG);233;14;58;2;2;188;122;1;36;5;-
Santa Rita do Itueto (MG);186;12;90;2;538;64;61;-;6;-;1
Santa Rita do Sapucaí (MG);236;60;133;6;198;105;40;2;5;-;10
Santa Rosa da Serra (MG);142;60;121;3;302;79;47;-;5;-;4
Santa Vitória (MG);753;198;545;10;10;227;266;-;8;1;14
Santo Antônio do Amparo (MG);215;30;36;2;336;197;59;-;7;-;1
Santo Antônio do Aventureiro (MG);258;57;161;5;25;116;110;-;18;-;10
Santo Antônio do Grama (MG);110;17;15;1;34;162;24;-;-;-;3
Santo Antônio do Itambé (MG);94;12;70;4;8;106;92;1;13;2;5
Santo Antônio do Jacinto (MG);374;125;728;-;45;348;401;-;1;-;43
Santo Antônio do Monte (MG);891;80;639;3;7;589;152;2;5;-;6
Santo Antônio do Retiro (MG);150;21;358;-;97;478;224;-;1;-;45
Santo Antônio do Rio Abaixo (MG);67;4;43;-;11;56;13;-;1;-;7
Santo Hipólito (MG);148;6;68;2;7;142;74;1;6;4;5
Santos Dumont (MG);506;50;166;9;53;197;217;1;18;3;6
São Bento Abade (MG);44;9;36;1;30;39;27;-;-;-;-
São Brás do Suaçuí (MG);90;29;79;5;14;101;46;-;15;-;2
São Domingos das Dores (MG);27;15;63;2;265;95;89;-;2;-;-
São Domingos do Prata (MG);605;42;409;17;70;425;406;3;22;14;7
São Félix de Minas (MG);188;15;121;-;83;118;94;-;16;73;8
São Francisco (MG);1607;960;2204;17;46;2113;682;2;104;262;341
São Francisco de Paula (MG);284;134;285;7;283;335;240;1;11;2;14
São Francisco de Sales (MG);201;37;118;-;3;29;136;-;-;2;1
São Francisco do Glória (MG);168;48;174;35;266;215;66;1;2;2;5
São Geraldo (MG);259;47;274;3;141;318;344;1;8;-;4
São Geraldo da Piedade (MG);154;54;101;1;63;82;103;-;2;4;8
São Geraldo do Baixio (MG);198;34;163;1;73;108;88;-;8;-;4
São Gonçalo do Abaeté (MG);309;154;319;1;7;174;167;-;66;5;6
São Gonçalo do Pará (MG);259;19;91;3;4;136;82;-;4;-;2
São Gonçalo do Rio Abaixo (MG);175;28;124;13;54;161;186;-;3;2;12
São Gonçalo do Sapucaí (MG);252;23;136;4;299;164;102;1;1;-;2
São Gotardo (MG);585;132;585;4;232;473;348;-;16;2;55
São João Batista do Glória (MG);177;33;87;1;14;163;11;-;-;-;1
São João da Lagoa (MG);416;248;682;10;98;604;296;-;29;139;88
São João da Mata (MG);182;19;190;20;41;51;79;-;4;-;1
São João da Ponte (MG);1241;1323;2875;7;119;2530;1133;-;86;144;332
São João das Missões (MG);247;177;381;2;9;462;84;-;2;17;8
São João del Rei (MG);773;225;534;15;27;589;560;1;13;-;32
São João do Manhuaçu (MG);94;49;136;4;585;283;144;-;7;-;3
São João do Manteninha (MG);140;65;146;1;135;99;86;1;-;-;5
São João do Oriente (MG);85;14;34;2;2;63;63;-;-;-;-
São João do Pacuí (MG);227;247;449;7;16;438;107;-;15;8;92
São João do Paraíso (MG);705;798;2266;2;432;2653;1108;-;13;368;244
São João Evangelista (MG);458;186;569;22;165;616;514;-;51;235;42
São João Nepomuceno (MG);314;63;167;44;39;242;227;3;17;6;9
São Joaquim de Bicas (MG);39;13;12;3;1;9;95;2;-;-;3
São José da Barra (MG);165;43;58;2;80;158;23;-;2;-;3
São José da Lapa (MG);9;2;2;1;-;1;3;1;-;-;-
São José da Safira (MG);60;4;33;-;48;70;20;-;3;-;-
São José da Varginha (MG);201;32;81;-;2;113;30;1;2;-;1
São José do Alegre (MG);107;32;2;3;94;45;3;-;-;-;2
São José do Divino (MG);184;19;116;-;14;50;83;-;-;1;1
São José do Goiabal (MG);247;74;224;7;59;228;153;1;7;1;6
São José do Jacuri (MG);342;174;398;25;82;402;378;-;21;105;26
São José do Mantimento (MG);132;101;128;2;158;144;81;-;13;28;12
São Lourenço (MG);28;12;10;5;9;6;1;2;2;-;-
São Miguel do Anta (MG);306;214;456;12;483;602;478;1;8;4;8
São Pedro da União (MG);342;200;400;22;586;409;265;-;17;-;7
São Pedro dos Ferros (MG);172;45;142;8;47;181;151;1;10;6;4
São Pedro do Suaçuí (MG);232;108;265;2;102;237;223;-;3;1;10
São Romão (MG);119;43;327;-;11;197;110;-;32;-;5
São Roque de Minas (MG);627;227;450;1;124;363;335;-;100;-;34
São Sebastião da Bela Vista (MG);198;45;44;4;136;167;18;1;5;-;1
São Sebastião da Vargem Alegre (MG);91;1;-;-;227;1;2;-;1;-;-
São Sebastião do Anta (MG);81;105;233;3;290;177;187;-;111;107;31
São Sebastião do Maranhão (MG);766;447;1144;16;421;1145;916;-;67;321;67
São Sebastião do Oeste (MG);394;75;439;4;30;213;275;1;12;4;2
São Sebastião do Paraíso (MG);384;67;202;10;531;284;212;1;7;1;8
São Sebastião do Rio Preto (MG);121;9;111;1;13;51;121;-;-;1;6
São Sebastião do Rio Verde (MG);177;5;220;3;-;294;198;1;-;-;4
São Tiago (MG);525;119;406;4;113;515;452;-;87;1;22
São Tomás de Aquino (MG);126;6;53;2;205;67;77;-;2;-;1
São Tomé das Letras (MG);263;58;261;10;122;300;321;8;24;3;34
São Vicente de Minas (MG);115;32;28;2;2;84;13;-;2;-;3
Sapucaí-Mirim (MG);88;25;60;4;7;49;53;5;2;1;4
Sardoá (MG);71;12;1;2;9;21;26;-;5;-;5
Sarzedo (MG);2;-;6;-;1;-;35;-;1;1;-
Setubinha (MG);334;503;1280;16;739;1224;882;3;24;217;163
Sem-Peixe (MG);382;85;318;53;92;389;285;-;12;29;5
Senador Amaral (MG);155;7;34;-;1;174;102;3;1;-;2
Senador Cortes (MG);78;3;2;2;1;24;17;-;-;-;-
Senador Firmino (MG);310;79;342;14;63;446;347;2;3;1;9
Senador José Bento (MG);167;32;123;6;158;140;85;-;1;-;-
Senador Modestino Gonçalves (MG);289;165;561;5;177;427;300;-;129;123;63
Senhora de Oliveira (MG);224;81;303;2;47;367;296;1;23;18;10
Senhora do Porto (MG);122;29;100;7;30;53;102;-;28;19;8
Senhora dos Remédios (MG);780;532;1169;10;180;1444;1413;-;8;-;104
Sericita (MG);151;47;183;3;472;239;252;-;10;3;4
Seritinga (MG);100;57;94;10;8;107;73;-;1;2;36
Serra Azul de Minas (MG);191;95;405;2;185;429;387;-;83;97;39
Serra da Saudade (MG);78;29;75;1;11;72;51;-;-;1;3
Serra dos Aimorés (MG);82;26;61;2;6;50;21;-;-;1;1
Serra do Salitre (MG);454;171;373;1;218;265;68;-;2;1;42
Serrania (MG);112;34;98;7;96;117;87;-;13;1;14
Serranópolis de Minas (MG);278;106;411;4;36;334;133;4;5;61;19
Serranos (MG);102;25;62;9;11;118;45;-;6;-;24
Serro (MG);507;186;885;2;321;1166;1029;2;372;1;298
Sete Lagoas (MG);323;117;338;10;58;388;498;9;26;14;20
Silveirânia (MG);144;6;120;10;12;153;143;-;19;2;5
Silvianópolis (MG);436;173;344;2;232;341;145;-;21;-;5
Simão Pereira (MG);45;2;43;6;3;10;37;4;2;-;-
Simonésia (MG);379;405;847;85;1368;973;1218;-;153;21;6
Sobrália (MG);298;72;320;1;44;193;224;-;-;-;5
Soledade de Minas (MG);284;38;189;39;38;242;172;1;2;-;3
Tabuleiro (MG);217;16;53;1;13;103;86;-;3;-;3
Taiobeiras (MG);417;393;912;21;197;953;434;2;385;200;119
Taparuba (MG);214;31;40;1;31;166;90;-;21;1;2
Tapira (MG);255;31;141;-;1;24;113;1;1;-;48
Tapiraí (MG);194;103;180;-;99;127;168;-;10;6;16
Taquaraçu de Minas (MG);188;29;199;4;74;69;89;-;1;1;14
Tarumirim (MG);667;188;553;13;116;560;354;1;20;54;12
Teixeiras (MG);253;162;558;30;417;587;364;-;35;7;7
Teófilo Otoni (MG);1186;112;549;15;368;570;998;78;17;4;23
Timóteo (MG);28;10;35;4;12;14;35;-;-;-;-
Tiradentes (MG);85;23;110;1;7;12;13;1;-;-;3
Tiros (MG);635;294;605;-;43;256;274;-;53;1;7
Tocantins (MG);352;141;481;8;136;498;455;2;3;-;3
Tocos do Moji (MG);443;230;496;4;163;428;516;-;127;52;1
Toledo (MG);264;66;168;3;10;210;207;-;8;-;3
Tombos (MG);226;62;203;14;206;312;286;1;12;15;8
Três Corações (MG);329;80;228;2;284;199;203;-;5;1;2
Três Marias (MG);213;104;276;5;8;220;135;-;5;-;8
Três Pontas (MG);223;67;147;10;868;197;173;3;10;1;8
Tumiritinga (MG);289;127;306;8;91;251;244;-;3;-;32
Tupaciguara (MG);410;73;178;-;11;114;151;1;-;1;5
Turmalina (MG);420;201;760;24;193;876;589;-;120;93;115
Turvolândia (MG);288;93;241;3;312;318;219;-;11;1;4
Ubá (MG);431;58;441;13;94;303;306;1;3;1;9
Ubaí (MG);326;149;439;2;16;469;106;-;20;130;56
Ubaporanga (MG);132;61;225;5;355;184;146;1;5;1;4
Uberaba (MG);739;221;409;4;35;378;558;1;6;14;42
Uberlândia (MG);1084;472;788;18;169;784;798;4;7;10;98
Umburatiba (MG);75;32;51;3;1;26;20;-;4;-;3
Unaí (MG);2233;1275;2798;10;98;2109;1379;1;242;62;166
União de Minas (MG);354;46;120;-;1;8;13;-;-;1;-
Uruana de Minas (MG);192;151;209;3;10;174;104;-;2;1;4
Urucânia (MG);95;27;72;12;33;111;117;-;5;-;6
Urucuia (MG);439;212;749;26;47;654;271;-;127;313;142
Vargem Alegre (MG);118;32;83;6;36;64;60;-;1;29;6
Vargem Bonita (MG);119;7;101;-;51;51;1;-;2;-;5
Vargem Grande do Rio Pardo (MG);217;102;484;1;121;530;169;1;4;4;84
Varginha (MG);116;45;101;2;251;95;82;1;3;-;4
Varjão de Minas (MG);177;66;167;3;24;125;69;-;7;40;20
Várzea da Palma (MG);342;80;344;1;16;170;250;-;6;6;17
Varzelândia (MG);637;589;1216;5;63;1135;555;-;26;120;142
Vazante (MG);589;216;482;2;6;173;99;-;5;1;21
Verdelândia (MG);390;227;647;-;24;361;214;1;58;132;43
Veredinha (MG);365;233;511;26;161;604;270;1;7;494;147
Veríssimo (MG);340;83;239;1;1;90;71;-;-;-;5
Vermelho Novo (MG);131;94;395;3;477;385;327;-;6;1;8
Vespasiano (MG);23;5;9;3;5;6;14;-;-;-;1
Viçosa (MG);262;50;116;22;236;493;518;16;14;1;6
Vieiras (MG);165;120;175;62;327;289;154;1;78;8;2
Mathias Lobato (MG);62;2;4;-;1;3;3;-;-;1;-
Virgem da Lapa (MG);452;211;1404;14;41;950;427;-;58;20;26
Virgínia (MG);554;182;669;37;362;738;507;1;55;128;12
Virginópolis (MG);232;56;263;16;90;326;295;-;54;1;36
Virgolândia (MG);205;48;290;6;87;257;209;-;2;1;13
Visconde do Rio Branco (MG);256;93;371;35;67;330;381;8;15;1;15
Volta Grande (MG);97;4;2;1;1;23;5;-;2;-;-
Wenceslau Braz (MG);72;-;-;-;-;1;-;-;1;-;-
Afonso Cláudio (ES);686;758;1181;80;2112;1701;868;2;24;1;13
Águia Branca (ES);411;285;546;42;887;215;306;-;22;1;10
Água Doce do Norte (ES);421;198;485;33;751;199;287;1;3;1;5
Alegre (ES);687;217;439;21;1049;419;260;5;6;2;16
Alfredo Chaves (ES);267;94;144;7;855;139;309;1;23;1;10
Alto Rio Novo (ES);134;65;115;3;400;44;9;-;8;-;4
Anchieta (ES);155;17;37;4;283;55;11;-;3;-;3
Apiacá (ES);195;69;127;4;243;49;12;-;1;1;1
Aracruz (ES);218;22;22;6;464;40;36;1;7;-;3
Atílio Vivácqua (ES);192;23;138;-;298;36;54;-;-;-;4
Baixo Guandu (ES);465;117;315;26;730;496;313;2;11;-;9
Barra de São Francisco (ES);914;286;1066;66;1599;495;861;1;21;9;6
Boa Esperança (ES);177;61;163;12;435;109;42;1;-;-;8
Bom Jesus do Norte (ES);79;13;48;1;69;55;58;-;-;-;7
Brejetuba (ES);58;14;47;3;621;64;84;1;2;-;-
Cachoeiro de Itapemirim (ES);701;246;640;37;1351;376;383;7;9;1;24
Cariacica (ES);70;46;105;11;254;86;36;2;3;-;4
Castelo (ES);460;127;286;14;1322;295;738;2;8;1;8
Colatina (ES);590;284;708;74;1475;360;294;2;13;1;27
Conceição da Barra (ES);73;12;5;3;241;164;25;-;6;1;5
Conceição do Castelo (ES);254;186;184;12;794;463;140;4;21;2;14
Divino de São Lourenço (ES);204;55;163;14;509;273;154;-;21;-;6
Domingos Martins (ES);463;335;488;108;2014;1093;1356;15;24;1;6
Dores do Rio Preto (ES);114;40;94;3;323;148;43;-;3;-;3
Ecoporanga (ES);970;192;554;3;514;268;296;1;2;1;20
Fundão (ES);144;97;139;6;401;89;109;2;2;-;3
Governador Lindenberg (ES);119;88;146;9;582;54;22;-;6;-;3
Guaçuí (ES);339;93;197;16;787;380;203;6;7;-;7
Guarapari (ES);233;111;237;19;746;183;96;2;59;3;13
Ibatiba (ES);85;32;42;2;991;147;49;1;1;-;2
Ibiraçu (ES);79;52;71;18;198;75;78;-;18;1;13
Ibitirama (ES);272;95;105;21;688;274;93;-;30;2;19
Iconha (ES);272;141;356;49;746;99;378;2;5;1;26
Irupi (ES);127;33;75;4;657;142;219;2;6;-;1
Itaguaçu (ES);534;462;549;83;1071;634;279;2;33;77;67
Itapemirim (ES);253;56;148;7;228;293;88;2;14;2;21
Itarana (ES);212;421;470;11;776;543;388;-;187;-;3
Iúna (ES);339;284;465;15;1263;562;548;6;41;-;2
Jaguaré (ES);52;49;28;11;742;52;36;-;25;-;3
Jerônimo Monteiro (ES);195;87;264;12;571;132;66;-;6;-;6
João Neiva (ES);98;10;21;2;102;10;2;-;1;1;6
Laranja da Terra (ES);738;550;759;109;1079;1076;683;4;22;2;94
Linhares (ES);489;136;449;35;1689;186;218;4;31;2;30
Mantenópolis (ES);247;65;374;23;510;263;294;-;35;7;4
Marataízes (ES);16;5;10;1;37;1234;21;-;1;-;2
Marechal Floriano (ES);30;11;55;-;443;31;385;15;6;-;1
Marilândia (ES);92;18;30;2;620;10;21;-;26;-;2
Mimoso do Sul (ES);578;130;452;14;1550;423;585;2;7;2;7
Montanha (ES);413;174;359;9;400;374;163;1;9;2;72
Mucurici (ES);289;29;198;6;24;85;74;-;-;-;2
Muniz Freire (ES);557;557;910;34;1547;1243;1043;-;44;7;28
Muqui (ES);214;115;303;18;536;254;80;1;1;-;5
Nova Venécia (ES);896;346;909;35;1537;337;343;-;5;5;16
Pancas (ES);305;261;358;22;1026;162;235;-;12;1;2
Pedro Canário (ES);163;40;162;1;114;172;19;-;-;1;7
Pinheiros (ES);333;135;359;6;377;209;212;-;1;-;6
Piúma (ES);64;6;19;1;64;6;17;-;1;-;3
Ponto Belo (ES);188;77;170;3;46;41;10;-;-;-;-
Presidente Kennedy (ES);292;19;92;5;79;264;71;-;1;1;-
Rio Bananal (ES);187;134;281;19;1328;116;83;1;8;-;9
Rio Novo do Sul (ES);241;94;125;11;544;66;84;-;15;11;17
Santa Leopoldina (ES);210;213;358;29;940;359;565;2;4;-;13
Santa Maria de Jetibá (ES);561;1235;1839;343;2467;2488;2957;32;87;26;17
Santa Teresa (ES);196;354;476;65;1078;423;405;7;23;-;4
São Domingos do Norte (ES);276;112;454;55;700;110;343;2;13;-;4
São Gabriel da Palha (ES);316;339;591;52;1080;113;499;-;11;2;8
São José do Calçado (ES);325;32;185;7;375;155;74;-;-;-;4
São Mateus (ES);425;147;375;23;1539;280;139;2;8;1;28
São Roque do Canaã (ES);163;104;229;-;743;294;68;1;2;-;11
Serra (ES);135;47;61;7;63;24;32;2;2;-;3
Sooretama (ES);33;47;145;3;512;32;76;-;8;-;1
Vargem Alta (ES);172;52;69;6;750;137;210;2;8;-;3
Venda Nova do Imigrante (ES);82;73;94;2;456;358;306;15;20;-;17
Viana (ES);119;54;37;9;317;164;51;5;2;-;4
Vila Pavão (ES);665;524;742;169;983;383;535;-;6;137;65
Vila Valério (ES);182;375;679;26;1363;290;619;-;22;26;5
Vila Velha (ES);55;33;51;9;40;41;24;3;2;1;8
Vitória (ES);4;2;2;-;2;1;2;-;-;-;-
Angra dos Reis (RJ);37;15;79;19;136;136;34;-;1;11;4
Aperibé (RJ);154;14;13;3;7;35;62;1;1;-;-
Araruama (RJ);144;45;119;15;167;163;45;2;3;-;4
Areal (RJ);18;5;4;2;2;3;29;1;-;-;-
Armação dos Búzios (RJ);4;1;1;-;2;1;1;1;1;-;-
Arraial do Cabo (RJ);-;-;-;1;-;-;-;-;-;-;-
Barra do Piraí (RJ);162;19;29;8;19;19;29;-;1;-;3
Barra Mansa (RJ);332;52;143;40;74;255;301;1;3;1;3
Belford Roxo (RJ);10;6;12;1;2;10;6;1;-;-;-
Bom Jardim (RJ);180;42;106;13;206;281;444;66;9;1;3
Bom Jesus do Itabapoana (RJ);550;29;148;13;206;222;326;-;2;-;2
Cabo Frio (RJ);87;4;18;3;53;65;15;1;-;-;3
Cachoeiras de Macacu (RJ);407;105;313;42;355;587;658;6;6;8;22
Cambuci (RJ);613;24;75;4;30;97;328;-;-;-;2
Carapebus (RJ);65;21;48;6;11;24;10;-;-;-;1
Comendador Levy Gasparian (RJ);52;4;3;8;3;13;24;-;1;-;-
Campos dos Goytacazes (RJ);2486;311;1766;68;547;3877;529;5;47;6;35
Cantagalo (RJ);504;100;224;17;38;180;89;-;4;-;3
Cardoso Moreira (RJ);393;11;48;4;31;96;18;-;1;-;4
Carmo (RJ);326;68;33;15;22;112;24;4;-;-;-
Casimiro de Abreu (RJ);71;12;20;10;35;25;74;-;-;-;-
Conceição de Macabu (RJ);110;17;28;4;40;43;7;-;-;3;2
Cordeiro (RJ);104;9;15;5;2;3;36;-;-;-;-
Duas Barras (RJ);216;17;16;5;49;41;146;7;8;1;1
Duque de Caxias (RJ);95;27;113;34;61;140;36;4;-;-;5
Engenheiro Paulo de Frontin (RJ);9;5;8;2;4;2;5;1;-;1;-
Guapimirim (RJ);54;15;31;9;21;25;35;2;2;2;1
Iguaba Grande (RJ);23;3;4;4;5;1;4;-;-;-;1
Itaboraí (RJ);84;10;70;7;96;78;66;11;2;1;2
Itaguaí (RJ);80;24;47;8;202;98;40;2;-;1;5
Italva (RJ);281;30;59;5;20;148;100;2;-;3;-
Itaocara (RJ);841;61;391;9;91;350;500;9;8;-;14
Itaperuna (RJ);873;99;246;13;42;306;155;-;1;2;4
Itatiaia (RJ);29;6;6;6;1;1;8;-;1;-;3
Japeri (RJ);61;45;85;11;64;176;52;1;2;-;1
Laje do Muriaé (RJ);222;48;91;10;21;103;43;-;-;1;1
Macaé (RJ);260;79;236;4;142;171;105;1;17;-;3
Macuco (RJ);30;-;-;2;-;1;1;-;-;-;-
Magé (RJ);75;46;102;25;92;265;176;7;1;1;5
Mangaratiba (RJ);40;14;28;9;188;57;9;2;3;5;2
Maricá (RJ);50;20;21;18;33;14;10;12;-;1;2
Mendes (RJ);12;3;5;3;1;1;4;-;-;-;1
Mesquita (RJ);5;9;24;3;36;30;43;-;-;3;4
Miguel Pereira (RJ);38;9;13;5;12;9;12;11;-;1;2
Miracema (RJ);243;48;154;21;38;110;102;-;11;1;4
Natividade (RJ);287;22;9;4;20;90;51;-;1;-;2
Niterói (RJ);3;1;1;2;4;2;2;2;-;-;-
Nova Friburgo (RJ);153;56;154;37;283;283;1313;139;27;6;11
Nova Iguaçu (RJ);131;52;184;37;177;273;123;3;-;-;9
Paracambi (RJ);48;32;79;14;149;92;60;1;3;1;1
Paraíba do Sul (RJ);223;41;48;13;10;63;45;3;2;-;14
Paraty (RJ);73;9;88;8;299;278;34;3;5;6;10
Paty do Alferes (RJ);149;20;46;13;18;61;171;2;3;-;5
Petrópolis (RJ);62;25;26;17;41;57;302;77;2;-;3
Pinheiral (RJ);35;10;70;22;14;25;74;-;1;1;1
Piraí (RJ);157;13;70;65;94;68;49;-;-;1;2
Porciúncula (RJ);231;126;29;10;976;195;53;1;1;-;6
Porto Real (RJ);23;4;12;-;2;24;11;-;-;-;2
Quatis (RJ);200;36;104;16;32;109;112;1;1;-;6
Queimados (RJ);50;22;47;6;18;53;29;-;1;-;-
Quissamã (RJ);114;24;63;3;55;55;27;-;-;-;2
Resende (RJ);349;46;93;14;17;105;177;3;6;8;14
Rio Bonito (RJ);128;42;136;26;250;169;68;3;-;1;16
Rio Claro (RJ);341;70;267;26;90;144;166;1;2;-;61
Rio das Flores (RJ);134;12;30;4;8;41;15;-;1;-;1
Rio das Ostras (RJ);106;54;88;7;59;77;61;3;1;-;8
Rio de Janeiro (RJ);82;60;49;20;471;246;284;291;1;14;3
Santa Maria Madalena (RJ);330;22;115;12;56;50;13;2;10;3;3
Santo Antônio de Pádua (RJ);603;77;142;21;14;148;117;-;1;1;1
São Francisco de Itabapoana (RJ);613;94;272;14;165;1929;37;-;8;1;12
São Fidélis (RJ);1265;213;1550;40;166;1174;810;2;3;-;9
São Gonçalo (RJ);43;22;60;10;83;76;40;2;-;-;3
São João da Barra (RJ);352;14;22;1;29;185;138;-;-;-;5
São José de Ubá (RJ);305;9;46;1;5;59;174;-;-;1;1
São José do Vale do Rio Preto (RJ);53;19;67;10;48;50;370;9;-;-;2
São Pedro da Aldeia (RJ);101;60;98;12;19;63;34;-;-;-;5
São Sebastião do Alto (RJ);445;104;338;29;27;409;324;-;-;-;20
Sapucaia (RJ);230;15;33;10;79;72;238;-;2;1;4
Saquarema (RJ);84;14;47;2;168;66;33;4;2;-;3
Seropédica (RJ);90;37;61;13;145;126;86;9;4;-;4
Silva Jardim (RJ);194;63;124;38;136;125;75;3;-;-;5
Sumidouro (RJ);286;98;161;8;206;210;2065;15;4;-;5
Tanguá (RJ);43;15;12;5;173;140;24;-;2;1;5
Teresópolis (RJ);86;30;83;25;132;66;2589;10;6;2;3
Trajano de Moraes (RJ);188;111;196;34;242;257;511;3;5;-;6
Três Rios (RJ);103;35;45;8;35;27;53;1;-;-;6
Valença (RJ);719;74;224;23;96;246;335;4;5;1;26
Varre-Sai (RJ);150;74;167;9;515;196;168;3;2;1;3
Vassouras (RJ);167;30;64;13;18;59;95;4;4;2;10
Volta Redonda (RJ);105;62;128;23;23;26;76;-;2;-;9
Adamantina (SP);279;103;183;4;155;182;113;2;4;-;3
Adolfo (SP);45;13;7;5;30;27;3;-;-;-;1
Aguaí (SP);77;42;41;3;131;136;52;4;2;-;1
Águas da Prata (SP);69;13;55;2;21;48;59;3;3;-;3
Águas de Lindóia (SP);17;2;7;2;30;10;14;-;-;-;1
Águas de Santa Bárbara (SP);108;23;83;5;18;67;36;3;11;1;-
Agudos (SP);143;30;75;4;9;91;136;-;7;-;2
Alambari (SP);58;7;35;2;6;60;17;-;1;1;1
Alfredo Marcondes (SP);192;75;117;1;19;116;14;-;5;2;4
Altair (SP);46;20;37;2;58;40;16;-;-;-;-
Altinópolis (SP);128;31;72;10;170;101;95;1;5;-;4
Alto Alegre (SP);254;77;129;2;102;269;9;-;5;-;1
Alumínio (SP);9;4;5;2;-;2;8;-;-;-;1
Álvares Florence (SP);288;151;233;3;70;179;70;-;6;-;4
Álvares Machado (SP);351;61;102;4;68;218;184;1;6;-;2
Álvaro de Carvalho (SP);28;9;19;-;40;4;3;-;-;-;2
Alvinlândia (SP);48;14;17;4;33;38;47;-;2;-;3
Americana (SP);1;1;2;-;3;3;59;-;-;-;-
Américo Brasiliense (SP);3;1;-;-;3;6;1;1;-;-;-
Américo de Campos (SP);285;131;206;14;68;171;198;-;1;-;1
Amparo (SP);126;26;31;17;163;78;136;2;18;-;2
Analândia (SP);63;18;24;7;31;45;14;1;2;-;-
Andradina (SP);690;148;209;2;52;316;89;-;6;-;2
Angatuba (SP);420;62;186;3;79;304;143;20;9;-;13
Anhembi (SP);111;11;22;1;14;40;4;-;1;-;-
Anhumas (SP);141;24;45;2;28;74;46;-;-;-;-
Aparecida (SP);36;8;33;3;-;8;27;-;1;-;2
Aparecida d'Oeste (SP);174;89;140;1;169;114;50;-;2;-;1
Apiaí (SP);82;44;178;8;22;180;195;1;5;-;2
Araçariguama (SP);3;1;8;-;2;5;7;1;-;-;-
Araçatuba (SP);408;79;88;1;82;253;110;17;1;-;5
Araçoiaba da Serra (SP);177;63;140;14;20;106;102;-;5;-;4
Aramina (SP);43;14;26;-;5;125;25;-;-;-;-
Arandu (SP);101;37;78;4;75;81;71;1;1;-;3
Arapeí (SP);47;8;8;1;4;44;5;-;2;-;3
Araraquara (SP);232;139;121;14;128;471;188;3;5;-;7
Araras (SP);33;19;16;3;140;183;35;3;-;-;2
Arco-Íris (SP);99;17;18;2;38;58;13;-;1;-;-
Arealva (SP);221;54;47;9;45;141;56;1;1;1;2
Areias (SP);109;10;7;2;1;22;28;-;-;-;3
Areiópolis (SP);4;1;2;-;7;15;2;-;-;-;1
Ariranha (SP);23;13;17;2;69;122;9;-;-;-;-
Artur Nogueira (SP);54;16;37;3;254;161;55;38;-;-;-
Arujá (SP);5;4;1;-;4;1;55;8;2;-;-
Aspásia (SP);129;51;112;4;102;72;43;-;2;-;1
Assis (SP);265;163;236;21;19;147;147;8;6;-;8
Atibaia (SP);90;39;109;10;114;121;291;328;3;1;3
Auriflama (SP);194;62;111;-;33;58;66;-;1;-;3
Avaí (SP);161;56;111;10;29;131;101;-;7;1;3
Avanhandava (SP);99;18;16;1;24;125;11;-;3;-;-
Avaré (SP);390;116;273;4;90;256;162;1;15;2;8
Bady Bassitt (SP);74;12;11;1;22;25;12;-;3;1;-
Balbinos (SP);29;9;16;1;15;18;5;-;-;-;-
Bálsamo (SP);77;14;16;12;92;26;29;1;2;-;1
Bananal (SP);170;10;45;11;22;42;31;-;6;-;1
Barão de Antonina (SP);144;10;98;5;31;115;60;-;3;-;5
Barbosa (SP);72;23;16;-;2;16;6;-;1;-;2
Bariri (SP);69;18;44;3;39;133;36;2;-;-;1
Barra Bonita (SP);5;5;7;-;1;14;3;-;-;-;-
Barra do Chapéu (SP);79;43;161;19;5;251;183;-;-;3;2
Barra do Turvo (SP);184;85;266;6;47;182;158;-;1;1;4
Barretos (SP);292;83;224;10;202;230;210;-;1;1;16
Barrinha (SP);4;4;2;1;-;26;6;-;-;-;1
Bastos (SP);150;29;123;29;36;17;19;-;6;-;1
Batatais (SP);195;59;61;2;154;317;45;8;3;-;2
Bauru (SP);218;77;131;7;43;159;134;1;10;-;8
Bebedouro (SP);156;71;68;17;379;300;145;2;10;1;46
Bento de Abreu (SP);50;13;24;-;4;40;4;-;-;-;1
Bernardino de Campos (SP);117;31;30;1;47;137;41;-;1;-;-
Bertioga (SP);-;-;-;-;1;-;-;-;-;-;-
Bilac (SP);190;68;80;2;103;131;37;1;3;-;-
Birigui (SP);395;139;199;-;99;354;133;2;1;-;3
Biritiba Mirim (SP);15;8;6;8;30;28;327;29;5;-;1
Boa Esperança do Sul (SP);38;12;12;3;39;69;9;-;1;-;1
Bocaina (SP);34;13;32;-;13;72;16;-;-;-;-
Bofete (SP);105;20;55;1;7;15;50;1;2;-;-
Boituva (SP);98;29;87;-;8;78;34;-;1;-;5
Bom Jesus dos Perdões (SP);27;8;7;-;3;4;17;12;1;-;1
Bom Sucesso de Itararé (SP);32;17;76;5;-;11;74;-;1;-;2
Borá (SP);36;8;8;-;1;9;2;-;-;-;-
Boracéia (SP);29;15;19;1;15;66;5;-;-;-;-
Borborema (SP);171;67;88;4;238;137;120;-;4;-;3
Borebi (SP);15;1;2;-;3;12;23;-;1;-;1
Botucatu (SP);277;61;143;9;112;74;168;3;7;1;4
Bragança Paulista (SP);198;47;189;12;70;191;283;38;10;-;2
Braúna (SP);83;4;5;-;59;74;23;-;-;-;-
Brejo Alegre (SP);51;1;2;-;-;42;-;-;-;-;-
Brodowski (SP);59;16;10;1;48;41;28;-;4;-;1
Brotas (SP);112;23;21;4;56;53;22;-;4;-;5
Buri (SP);144;19;6;8;7;83;74;-;6;-;-
Buritama (SP);297;50;106;6;19;128;43;-;1;-;1
Buritizal (SP);100;37;52;3;14;62;29;-;4;-;1
Cabrália Paulista (SP);49;14;18;7;15;42;40;-;-;-;3
Cabreúva (SP);32;5;18;3;6;7;34;2;3;-;1
Caçapava (SP);141;24;123;6;12;72;89;-;-;-;3
Cachoeira Paulista (SP);144;15;46;4;18;33;65;-;-;-;-
Caconde (SP);577;283;528;21;1030;296;283;1;19;-;5
Cafelândia (SP);186;27;14;3;68;64;19;-;3;-;1
Caiabu (SP);168;65;132;2;18;155;53;-;1;-;2
Caieiras (SP);1;1;2;-;-;1;4;1;1;-;-
Caiuá (SP);498;110;321;2;45;285;232;-;6;1;3
Cajamar (SP);5;2;6;2;2;6;8;-;2;-;-
Cajati (SP);85;36;90;1;284;55;52;1;1;1;3
Cajobi (SP);94;45;80;5;126;57;42;-;-;-;7
Cajuru (SP);407;119;354;12;156;290;408;-;4;2;8
Campina do Monte Alegre (SP);91;29;64;10;7;72;28;1;6;1;8
Campinas (SP);151;48;69;10;190;68;192;21;18;2;4
Campo Limpo Paulista (SP);4;1;4;1;-;2;6;2;2;-;-
Campos do Jordão (SP);7;5;8;3;3;-;6;2;2;1;1
Campos Novos Paulista (SP);88;32;52;10;9;108;10;-;-;-;1
Cananéia (SP);6;3;4;4;6;4;4;-;-;-;-
Canas (SP);15;3;6;-;1;12;8;-;-;-;1
Cândido Mota (SP);110;76;107;8;84;498;90;-;6;-;2
Cândido Rodrigues (SP);23;24;38;4;151;24;20;1;-;-;1
Canitar (SP);6;5;13;-;9;32;5;-;-;-;-
Capão Bonito (SP);204;60;101;38;63;278;140;1;13;1;2
Capela do Alto (SP);162;46;139;3;29;96;28;-;-;-;2
Capivari (SP);52;14;38;2;7;73;47;1;2;-;1
Caraguatatuba (SP);28;17;49;15;56;43;25;3;1;1;1
Cardoso (SP);182;27;61;2;22;28;10;-;-;1;1
Casa Branca (SP);149;49;53;3;139;191;91;-;-;-;1
Cássia dos Coqueiros (SP);120;20;48;5;73;102;68;-;2;1;5
Castilho (SP);483;81;154;1;9;41;23;-;-;-;1
Catanduva (SP);20;10;13;-;38;54;21;-;-;-;1
Catiguá (SP);13;3;2;-;11;12;3;-;-;-;-
Cedral (SP);162;58;117;3;98;118;48;4;1;-;3
Cerqueira César (SP);304;64;210;6;70;242;119;2;19;1;2
Cerquilho (SP);47;4;9;-;-;44;9;-;-;-;2
Cesário Lange (SP);104;14;100;2;19;28;9;-;1;-;1
Charqueada (SP);28;8;17;-;5;49;4;1;1;2;4
Clementina (SP);133;12;13;1;57;38;28;-;-;-;-
Colina (SP);48;16;21;-;67;103;14;-;-;-;-
Colômbia (SP);135;53;112;2;30;107;96;-;-;3;2
Conchal (SP);31;9;14;2;133;74;19;6;-;-;-
Conchas (SP);303;45;310;-;3;9;10;1;-;-;-
Cordeirópolis (SP);32;25;45;1;64;44;22;5;-;-;-
Coroados (SP);144;54;100;2;33;132;24;2;1;-;-
Coronel Macedo (SP);187;63;126;3;32;115;54;-;11;-;4
Corumbataí (SP);138;30;67;10;21;113;31;-;8;-;2
Cosmópolis (SP);36;21;38;1;34;52;11;-;-;-;-
Cosmorama (SP);312;93;219;7;188;148;78;1;6;3;2
Cotia (SP);1;1;2;-;-;-;57;19;-;-;-
Cravinhos (SP);24;10;8;1;9;116;58;1;3;-;1
Cristais Paulista (SP);118;19;21;1;132;73;13;-;1;-;1
Cruzália (SP);20;13;10;2;-;159;2;-;-;-;-
Cruzeiro (SP);53;3;4;1;1;1;2;-;-;-;-
Cunha (SP);1581;496;1657;46;47;994;1538;6;36;306;74
Descalvado (SP);123;32;68;2;46;106;27;-;2;-;-
Dirce Reis (SP);99;31;76;2;14;24;15;-;1;-;-
Divinolândia (SP);201;22;48;-;282;142;155;-;3;-;-
Dobrada (SP);2;-;-;-;4;18;1;-;-;-;-
Dois Córregos (SP);52;7;22;-;76;175;17;6;1;1;2
Dolcinópolis (SP);81;15;45;2;18;21;9;-;1;-;1
Dourado (SP);45;9;15;1;11;61;9;-;-;-;-
Dracena (SP);293;95;123;10;187;150;81;3;5;1;3
Duartina (SP);142;26;73;32;68;115;108;1;8;1;5
Dumont (SP);3;8;4;1;1;194;8;-;-;-;-
Echaporã (SP);201;97;144;8;49;134;73;-;10;-;9
Eldorado (SP);206;141;380;31;564;290;252;5;45;3;33
Elias Fausto (SP);65;26;44;9;84;158;110;2;3;-;5
Elisiário (SP);14;21;19;1;32;65;1;-;-;1;-
Embaúba (SP);29;26;25;1;118;31;5;-;-;1;1
Embu-Guaçu (SP);-;-;1;-;-;-;3;-;-;-;-
Emilianópolis (SP);113;31;56;-;3;70;22;-;8;-;2
Engenheiro Coelho (SP);58;7;38;3;102;99;27;2;3;-;1
Espírito Santo do Pinhal (SP);93;50;62;10;275;40;69;2;2;-;1
Espírito Santo do Turvo (SP);115;83;127;2;6;57;90;-;3;-;-
Estrela d'Oeste (SP);141;62;89;5;128;76;29;-;2;-;1
Estrela do Norte (SP);111;37;105;17;5;43;56;-;4;-;2
Euclides da Cunha Paulista (SP);635;150;523;13;23;220;344;-;27;-;2
Fartura (SP);221;82;59;3;266;125;76;1;3;2;3
Fernandópolis (SP);413;111;262;5;111;126;130;1;4;1;2
Fernando Prestes (SP);63;37;84;2;286;119;30;-;1;-;-
Fernão (SP);39;19;47;7;79;28;26;-;1;-;-
Ferraz de Vasconcelos (SP);1;-;-;-;1;1;8;2;-;-;-
Flora Rica (SP);112;10;-;1;10;18;1;-;1;-;-
Floreal (SP);183;63;97;5;27;71;24;-;4;-;1
Flórida Paulista (SP);319;128;152;3;106;167;45;3;2;1;2
Florínea (SP);16;12;12;-;8;59;1;-;-;-;-
Franca (SP);281;43;235;3;319;119;226;4;8;-;6
Francisco Morato (SP);1;1;1;-;1;-;2;-;-;-;-
Franco da Rocha (SP);6;9;9;3;3;5;16;2;2;3;2
Gabriel Monteiro (SP);95;36;27;3;58;32;17;-;2;-;-
Gália (SP);64;27;57;6;126;61;58;-;3;-;1
Garça (SP);108;54;60;8;382;43;100;5;2;1;3
Gastão Vidigal (SP);136;7;37;-;11;36;4;-;-;-;-
Gavião Peixoto (SP);8;5;3;-;38;27;12;-;-;-;1
General Salgado (SP);267;58;97;-;19;188;51;-;-;-;8
Getulina (SP);107;13;25;8;44;43;40;-;3;-;-
Glicério (SP);118;12;46;1;20;46;23;-;-;-;-
Guaiçara (SP);70;27;4;2;14;22;10;1;-;-;1
Guaimbê (SP);39;8;9;1;35;8;18;-;1;-;-
Guaíra (SP);141;59;111;1;5;228;45;2;-;-;2
Guapiaçu (SP);87;24;63;2;75;169;30;1;3;-;1
Guapiara (SP);153;108;243;16;109;290;538;1;28;1;3
Guará (SP);97;65;127;1;11;63;100;-;-;-;3
Guaraçaí (SP);307;123;180;5;82;196;105;2;4;-;5
Guaraci (SP);31;6;19;1;54;9;14;-;-;-;-
Guarani d'Oeste (SP);75;19;39;1;2;42;21;-;3;-;1
Guarantã (SP);195;29;25;3;36;69;12;-;5;-;-
Guararapes (SP);249;70;56;-;11;103;20;-;1;-;2
Guararema (SP);89;20;42;9;31;20;37;62;4;-;3
Guaratinguetá (SP);177;26;81;8;32;148;106;3;2;-;5
Guareí (SP);491;118;458;9;17;313;205;2;43;2;6
Guariba (SP);18;29;23;-;2;50;25;-;-;-;-
Guarujá (SP);3;1;-;-;3;4;8;-;-;-;-
Guarulhos (SP);15;14;5;9;8;14;111;21;4;-;1
Guatapará (SP);48;50;49;1;12;122;29;3;2;1;20
Guzolândia (SP);139;26;16;5;16;24;3;-;-;-;-
Herculândia (SP);205;66;119;3;17;96;8;200;-;-;4
Holambra (SP);12;8;16;-;46;44;9;114;-;-;2
Hortolândia (SP);3;3;4;-;-;-;3;-;-;-;-
Iacanga (SP);120;23;23;3;38;31;22;1;2;-;1
Iacri (SP);144;45;68;12;90;92;52;1;6;1;1
Iaras (SP);133;58;124;4;6;135;86;-;4;-;7
Ibaté (SP);14;7;8;-;3;21;10;-;-;-;-
Ibirá (SP);120;53;12;-;82;115;82;-;-;1;2
Ibirarema (SP);70;45;65;2;6;254;29;-;-;-;2
Ibitinga (SP);186;52;50;9;171;159;61;2;3;-;2
Ibiúna (SP);69;42;151;13;27;144;978;68;15;-;2
Icém (SP);43;9;13;3;8;18;6;-;-;-;3
Iepê (SP);157;62;72;1;12;90;13;-;1;1;-
Igaraçu do Tietê (SP);1;-;-;-;-;47;1;-;-;-;-
Igarapava (SP);137;59;171;3;4;331;159;-;-;2;5
Igaratá (SP);82;28;63;9;4;29;10;-;6;-;2
Iguape (SP);66;18;19;13;90;63;161;42;4;-;4
Ilhabela (SP);-;-;-;1;-;6;-;-;-;-;2
Ilha Comprida (SP);-;-;1;-;-;-;-;-;-;-;-
Ilha Solteira (SP);170;115;182;4;82;332;140;3;-;1;4
Indaiatuba (SP);36;6;15;3;166;31;107;1;1;1;1
Indiana (SP);91;18;15;1;17;36;25;2;2;-;1
Indiaporã (SP);168;68;152;-;16;125;24;-;2;-;2
Inúbia Paulista (SP);51;12;10;4;33;29;2;-;-;-;-
Ipaussu (SP);22;8;7;3;11;44;7;-;-;-;1
Iperó (SP);93;21;20;3;48;66;61;1;-;-;1
Ipeúna (SP);51;12;39;3;7;117;21;1;2;-;2
Ipiguá (SP);63;23;64;4;25;28;9;2;-;-;2
Iporanga (SP);78;76;161;8;103;228;155;-;5;23;20
Ipuã (SP);25;7;5;1;-;42;8;-;-;-;-
Iracemápolis (SP);3;2;2;-;12;22;1;4;-;-;1
Irapuã (SP);117;82;93;2;201;99;48;-;1;-;2
Irapuru (SP);223;77;106;1;187;98;36;-;4;-;2
Itaberá (SP);632;126;513;24;35;604;307;-;18;-;7
Itaí (SP);247;93;240;2;151;226;152;2;5;-;-
Itajobi (SP);137;118;180;7;468;97;77;2;6;1;2
Itaju (SP);108;46;59;1;43;112;8;-;-;-;-
Itanhaém (SP);3;4;2;1;43;3;7;1;2;-;-
Itaoca (SP);75;17;43;1;5;51;9;-;4;-;3
Itapecerica da Serra (SP);-;-;1;-;1;1;25;17;-;1;-
Itapetininga (SP);585;143;535;26;80;450;542;34;14;-;3
Itapeva (SP);639;100;563;10;22;629;201;3;19;1;6
Itapira (SP);233;86;148;17;165;187;116;5;16;-;2
Itapirapuã Paulista (SP);73;26;244;6;4;139;85;-;4;1;-
Itápolis (SP);458;273;355;27;1042;296;244;2;7;-;6
Itaporanga (SP);549;104;535;7;54;244;362;-;21;-;1
Itapuí (SP);24;18;23;-;7;71;12;-;-;-;-
Itapura (SP);41;11;7;1;2;27;9;-;-;2;-
Itaquaquecetuba (SP);2;1;2;1;1;3;27;3;-;-;-
Itararé (SP);376;101;276;12;34;450;103;-;12;2;11
Itariri (SP);15;4;2;7;243;31;21;2;-;-;-
Itatiba (SP);116;25;22;4;75;44;106;1;4;-;2
Itatinga (SP);160;28;61;7;8;55;67;-;10;1;2
Itirapina (SP);94;4;55;4;10;38;8;2;2;-;-
Itirapuã (SP);98;27;41;3;100;44;8;-;6;-;4
Itobi (SP);53;2;3;-;4;33;18;-;-;1;1
Itu (SP);77;29;29;9;1;30;15;1;17;-;3
Itupeva (SP);29;18;28;2;85;47;41;3;7;-;1
Ituverava (SP);130;65;85;4;21;192;65;-;1;-;2
Jaborandi (SP);19;17;25;1;17;138;10;2;-;-;1
Jaboticabal (SP);89;93;104;4;31;319;38;1;-;-;2
Jacareí (SP);307;126;245;33;123;235;262;24;14;2;31
Jaci (SP);73;39;35;3;19;16;10;-;2;-;1
Jacupiranga (SP);111;81;214;29;297;241;149;8;5;-;48
Jaguariúna (SP);19;4;8;2;28;14;6;9;-;-;-
Jales (SP);588;221;434;16;340;220;206;11;8;1;16
Jambeiro (SP);109;17;16;4;4;11;7;1;1;-;1
Jardinópolis (SP);76;38;87;3;37;155;55;2;1;-;2
Jarinu (SP);62;16;60;1;91;82;131;9;10;-;5
Jaú (SP);54;28;44;5;50;262;26;1;1;1;1
Jeriquara (SP);39;8;18;-;69;38;40;-;1;-;-
Joanópolis (SP);193;25;74;21;14;26;91;1;9;2;1
João Ramalho (SP);110;9;3;-;1;13;4;-;-;-;-
José Bonifácio (SP);414;127;212;9;90;247;122;-;5;-;11
Júlio Mesquita (SP);32;4;-;-;27;1;3;-;-;-;-
Jumirim (SP);61;17;41;-;9;32;21;-;2;-;2
Jundiaí (SP);92;42;100;17;391;100;209;13;26;1;4
Junqueirópolis (SP);241;52;113;1;238;62;81;1;1;-;-
Juquiá (SP);61;19;48;39;204;36;29;35;1;2;4
Juquitiba (SP);2;2;6;3;2;2;8;2;2;-;1
Lagoinha (SP);219;48;131;10;2;78;11;-;-;-;3
Laranjal Paulista (SP);180;13;108;1;33;162;109;-;1;-;-
Lavínia (SP);171;42;45;1;20;59;34;-;1;1;1
Lavrinhas (SP);48;2;2;1;-;-;7;-;2;-;-
Leme (SP);61;34;45;4;88;271;41;-;1;-;3
Lençóis Paulista (SP);84;33;106;4;51;108;226;-;1;-;4
Limeira (SP);200;125;333;19;714;335;223;76;10;1;2
Lindóia (SP);60;20;42;5;25;45;27;-;2;-;3
Lins (SP);81;9;5;3;28;50;24;2;1;-;1
Lorena (SP);180;27;32;2;4;89;45;1;-;-;-
Lourdes (SP);65;14;24;-;-;19;3;-;-;-;-
Louveira (SP);7;4;20;-;102;6;23;-;2;1;1
Lucélia (SP);205;69;104;3;105;88;38;3;1;-;3
Lucianópolis (SP);58;21;34;8;29;41;18;-;11;-;-
Luís Antônio (SP);19;2;3;-;7;13;-;-;2;-;-
Luiziânia (SP);149;44;78;-;39;75;3;1;-;-;1
Lupércio (SP);55;18;8;-;75;22;15;-;2;-;-
Lutécia (SP);125;23;9;-;6;35;8;-;-;-;-
Macatuba (SP);26;32;33;-;5;136;18;-;-;1;-
Macaubal (SP);303;48;164;3;103;229;112;2;4;4;38
Macedônia (SP);213;63;120;1;47;109;38;-;1;-;1
Magda (SP);143;51;67;-;33;69;10;-;3;-;2
Mairinque (SP);28;19;18;5;4;21;62;9;9;-;1
Mairiporã (SP);3;2;1;2;-;-;5;1;2;-;-
Manduri (SP);100;17;30;2;110;50;30;2;7;1;19
Marabá Paulista (SP);369;96;125;4;2;126;9;1;11;-;2
Maracaí (SP);175;25;133;2;2;147;17;-;-;-;-
Marapoama (SP);42;20;62;2;100;27;2;-;-;-;-
Mariápolis (SP);248;59;129;1;56;85;45;1;-;-;3
Marília (SP);400;118;268;22;162;312;321;1;13;-;1
Marinópolis (SP);76;27;49;2;100;13;18;-;-;-;1
Martinópolis (SP);445;63;97;28;43;147;93;2;3;-;4
Matão (SP);57;29;45;5;109;62;53;2;-;-;-
Mendonça (SP);130;37;51;-;88;65;7;-;-;1;4
Meridiano (SP);139;83;199;5;56;122;126;-;2;-;5
Mesópolis (SP);141;12;102;1;15;101;56;-;1;-;2
Miguelópolis (SP);76;44;72;2;1;140;32;-;-;-;3
Mineiros do Tietê (SP);33;13;11;-;20;50;18;1;1;-;2
Miracatu (SP);63;26;37;23;584;35;32;17;6;2;5
Mira Estrela (SP);161;17;10;3;9;109;-;-;-;-;3
Mirandópolis (SP);421;113;106;3;175;204;91;1;5;1;1
Mirante do Paranapanema (SP);1502;290;819;18;111;633;478;17;100;8;10
Mirassol (SP);141;21;6;7;36;56;107;-;-;-;1
Mirassolândia (SP);100;41;115;1;40;61;106;-;5;-;3
Mococa (SP);121;19;30;2;48;65;53;-;2;-;4
Mogi das Cruzes (SP);64;26;21;27;273;99;1077;130;29;3;3
Mogi Guaçu (SP);164;64;166;9;162;187;152;4;7;-;2
Mogi Mirim (SP);116;54;80;13;283;270;130;30;7;1;8
Mombuca (SP);35;14;25;-;2;56;8;-;1;-;1
Monções (SP);90;32;45;3;10;15;49;-;-;1;-
Mongaguá (SP);-;-;1;2;6;2;4;3;-;-;-
Monte Alegre do Sul (SP);26;8;9;4;105;20;79;-;5;1;3
Monte Alto (SP);89;26;30;4;272;186;67;-;1;-;1
Monte Aprazível (SP);290;60;183;15;245;505;55;-;1;-;1
Monte Azul Paulista (SP);69;28;18;9;235;76;15;2;3;-;2
Monte Castelo (SP);215;91;126;2;125;74;35;-;-;-;2
Monteiro Lobato (SP);112;37;90;14;15;30;36;2;3;1;8
Monte Mor (SP);73;14;39;1;16;74;53;2;1;-;3
Morro Agudo (SP);38;16;18;2;1;110;5;1;-;-;-
Morungaba (SP);33;4;38;1;15;24;10;2;3;-;1
Motuca (SP);65;44;44;1;24;202;56;-;5;2;2
Murutinga do Sul (SP);150;32;38;-;46;86;20;9;1;1;1
Nantes (SP);19;1;1;1;3;36;-;-;-;-;1
Narandiba (SP);85;29;57;7;16;30;1;-;-;-;1
Natividade da Serra (SP);287;35;268;6;18;135;136;-;14;1;10
Nazaré Paulista (SP);211;36;309;19;45;158;169;20;70;3;11
Neves Paulista (SP);120;32;39;3;68;75;39;-;1;-;-
Nhandeara (SP);250;9;85;4;53;121;72;1;2;-;1
Nipoã (SP);39;2;4;-;38;37;1;-;1;-;-
Nova Aliança (SP);138;24;37;3;41;41;50;-;-;-;-
Nova Campina (SP);19;6;13;1;2;27;25;-;4;-;-
Nova Canaã Paulista (SP);209;67;165;2;164;87;28;-;1;-;1
Nova Castilho (SP);100;64;69;2;3;58;8;-;-;-;1
Nova Europa (SP);23;15;3;1;47;44;1;-;-;-;-
Nova Granada (SP);312;94;214;9;58;122;99;1;-;-;2
Nova Guataporanga (SP);51;21;30;-;42;22;6;-;1;-;-
Nova Independência (SP);108;65;90;-;3;62;4;-;-;-;-
Novais (SP);44;33;54;1;45;128;1;-;1;-;-
Nova Luzitânia (SP);103;44;85;-;3;49;40;-;-;-;-
Nova Odessa (SP);23;12;13;3;6;30;21;1;-;-;2
Novo Horizonte (SP);278;160;203;9;252;244;116;1;3;4;6
Nuporanga (SP);48;12;81;1;21;249;112;-;2;-;1
Ocauçu (SP);168;75;109;6;121;105;61;-;7;1;3
Óleo (SP);174;40;63;2;50;131;82;-;11;-;2
Olímpia (SP);227;93;150;7;382;247;40;4;2;-;2
Onda Verde (SP);45;23;22;1;15;45;-;-;-;1;-
Oriente (SP);46;18;9;3;20;22;4;-;5;-;3
Orindiúva (SP);40;26;46;1;11;68;23;-;-;-;-
Orlândia (SP);31;16;16;1;9;37;15;-;-;-;3
Oscar Bressane (SP);126;38;65;3;12;89;45;-;2;-;1
Osvaldo Cruz (SP);176;69;90;7;281;50;39;2;3;-;3
Ourinhos (SP);36;14;8;-;15;33;61;4;1;-;-
Ouroeste (SP);125;35;106;-;7;55;6;-;3;-;-
Ouro Verde (SP);160;82;103;1;56;98;55;-;4;-;1
Pacaembu (SP);316;53;124;4;177;145;75;-;8;-;2
Palestina (SP);345;140;266;2;102;152;186;-;2;-;1
Palmares Paulista (SP);7;5;8;-;4;28;3;-;-;-;-
Palmeira d'Oeste (SP);447;135;263;2;425;129;115;1;1;1;2
Palmital (SP);58;34;13;6;45;598;15;1;1;-;3
Panorama (SP);104;19;41;1;5;26;16;1;1;-;-
Paraguaçu Paulista (SP);358;159;237;13;34;140;118;-;9;-;4
Paraibuna (SP);248;50;342;22;42;124;285;1;17;4;8
Paraíso (SP);46;39;69;4;131;27;20;-;-;-;1
Paranapanema (SP);228;76;133;3;30;181;57;18;13;2;11
Paranapuã (SP);102;12;25;1;25;31;40;1;-;-;-
Parapuã (SP);191;100;170;7;273;108;109;3;5;1;3
Pardinho (SP);98;20;22;4;84;62;30;-;8;-;2
Pariquera-Açu (SP);25;8;13;7;117;27;14;84;2;-;1
Parisi (SP);119;65;90;19;39;85;58;-;24;-;4
Patrocínio Paulista (SP);302;95;172;13;124;314;269;2;2;3;5
Paulicéia (SP);170;64;134;3;13;57;62;2;1;-;4
Paulínia (SP);10;7;11;2;28;18;33;2;-;-;-
Paulistânia (SP);78;23;51;7;12;65;29;-;5;1;2
Paulo de Faria (SP);126;43;37;-;15;67;25;-;-;-;1
Pederneiras (SP);206;25;165;19;28;812;218;3;3;1;1
Pedra Bela (SP);140;64;69;5;29;105;101;1;38;1;11
Pedranópolis (SP);184;76;134;-;33;64;31;-;-;-;-
Pedregulho (SP);272;89;187;3;326;147;57;-;12;2;2
Pedreira (SP);32;3;3;1;12;6;4;2;1;-;-
Pedrinhas Paulista (SP);44;28;36;4;2;191;26;-;2;-;2
Pedro de Toledo (SP);22;30;47;5;192;33;63;4;1;1;5
Penápolis (SP);249;76;61;-;64;323;76;-;15;-;5
Pereira Barreto (SP);261;57;66;3;14;123;22;2;-;-;2
Pereiras (SP);95;37;63;-;3;72;52;-;1;1;-
Peruíbe (SP);47;29;32;17;101;14;14;2;-;-;4
Piacatu (SP);128;31;38;1;49;23;16;-;-;-;-
Piedade (SP);117;64;102;13;97;316;1365;27;14;-;7
Pilar do Sul (SP);339;31;306;7;433;279;352;3;29;1;9
Pindamonhangaba (SP);162;29;28;11;11;41;28;1;2;1;3
Pindorama (SP);67;60;104;2;144;70;70;1;1;-;3
Pinhalzinho (SP);319;37;286;4;18;86;140;1;1;-;-
Piquerobi (SP);264;42;40;4;5;55;32;2;3;2;2
Piquete (SP);94;39;74;6;52;65;79;-;6;-;11
Piracaia (SP);270;86;277;22;22;112;255;25;32;1;2
Piracicaba (SP);485;162;461;12;72;451;150;4;5;1;6
Piraju (SP);168;67;119;5;180;105;119;-;3;-;4
Pirajuí (SP);172;24;30;2;55;58;43;-;1;-;-
Pirangi (SP);68;33;77;-;234;156;38;-;2;-;2
Pirapora do Bom Jesus (SP);2;-;-;-;-;-;-;-;-;-;-
Pirapozinho (SP);128;34;39;5;20;41;50;-;-;-;2
Pirassununga (SP);210;78;168;9;187;368;96;5;4;-;4
Piratininga (SP);152;64;57;16;35;105;70;1;5;1;5
Pitangueiras (SP);50;22;9;2;16;333;11;1;-;-;2
Planalto (SP);74;21;44;5;18;41;6;-;-;-;1
Platina (SP);79;50;40;2;8;130;12;1;-;-;2
Poá (SP);7;6;10;1;7;6;10;4;-;-;1
Poloni (SP);110;15;49;1;66;122;9;-;2;-;-
Pompéia (SP);177;42;42;1;8;58;54;-;-;-;-
Pongaí (SP);97;5;11;-;37;13;5;-;-;-;-
Pontal (SP);5;6;14;-;-;51;33;-;-;-;-
Pontalinda (SP);147;55;108;3;72;47;40;1;-;-;-
Pontes Gestal (SP);69;8;80;1;26;19;4;-;-;-;-
Populina (SP);195;97;137;6;30;128;81;1;3;-;5
Porangaba (SP);296;41;235;8;7;53;26;-;1;-;7
Porto Feliz (SP);131;41;88;3;124;129;87;14;5;1;2
Porto Ferreira (SP);49;4;50;8;74;35;22;-;-;-;-
Potim (SP);18;2;3;-;-;2;1;-;-;-;-
Potirendaba (SP);291;123;234;4;178;154;84;2;4;-;9
Pracinha (SP);41;12;28;-;5;17;1;-;-;-;-
Pradópolis (SP);67;48;148;-;46;96;65;-;2;-;2
Pratânia (SP);58;24;38;1;49;60;30;-;6;-;-
Presidente Alves (SP);102;27;78;1;20;61;44;2;1;-;3
Presidente Bernardes (SP);788;240;495;28;82;536;301;1;36;3;8
Presidente Epitácio (SP);598;106;377;-;28;255;188;-;5;1;4
Presidente Prudente (SP);408;97;144;12;75;263;312;4;4;-;9
Presidente Venceslau (SP);342;48;57;8;7;57;24;-;1;1;2
Promissão (SP);570;105;108;6;64;480;520;3;22;1;4
Quadra (SP);136;20;84;-;2;92;25;6;-;-;1
Quatá (SP);115;23;57;1;7;10;5;-;1;-;2
Queiroz (SP);50;4;3;-;-;13;-;-;1;-;-
Queluz (SP);51;6;5;3;-;2;11;-;1;-;-
Quintana (SP);101;10;30;2;9;55;17;-;5;1;1
Rafard (SP);32;17;27;1;2;37;12;-;2;-;2
Rancharia (SP);434;72;120;11;24;177;96;2;5;-;29
Redenção da Serra (SP);144;49;114;14;28;91;158;-;7;-;5
Regente Feijó (SP);181;78;143;2;47;159;101;5;2;-;4
Reginópolis (SP);65;13;38;-;14;51;40;-;1;-;1
Registro (SP);71;5;4;6;188;79;20;62;-;1;3
Restinga (SP);95;33;67;-;46;106;26;-;1;-;19
Ribeira (SP);78;35;118;12;30;140;63;-;10;-;11
Ribeirão Bonito (SP);95;17;19;3;16;121;9;-;-;-;1
Ribeirão Branco (SP);170;91;488;22;37;379;498;1;11;2;5
Ribeirão Corrente (SP);121;68;137;2;194;98;125;1;5;1;10
Ribeirão do Sul (SP);118;89;158;2;95;200;84;3;2;-;8
Ribeirão dos Índios (SP);125;32;64;-;1;6;7;-;-;-;-
Ribeirão Grande (SP);133;80;290;12;18;284;160;1;5;1;4
Ribeirão Preto (SP);55;90;166;7;36;317;157;2;2;-;6
Riversul (SP);325;52;263;28;17;194;252;-;-;-;3
Rifaina (SP);190;26;16;-;5;36;282;-;-;-;-
Rincão (SP);28;10;13;-;7;38;5;-;-;-;-
Rinópolis (SP);201;35;48;5;176;63;14;1;5;-;-
Rio Claro (SP);182;67;138;29;62;230;153;9;10;2;7
Rio das Pedras (SP);25;3;15;-;-;19;5;-;-;-;-
Riolândia (SP);124;18;52;1;9;84;31;-;-;-;2
Rosana (SP);487;134;421;8;38;223;153;2;70;-;1
Roseira (SP);29;6;12;4;2;7;11;1;-;-;1
Rubiácea (SP);99;32;31;1;4;44;8;-;-;-;2
Rubinéia (SP);107;53;94;3;40;122;50;1;1;-;29
Sabino (SP);70;9;7;1;30;47;40;-;-;-;-
Sagres (SP);96;14;35;2;50;32;10;-;-;-;1
Sales (SP);111;48;61;2;86;52;8;-;-;-;2
Sales Oliveira (SP);26;5;9;1;6;43;5;1;-;-;-
Salesópolis (SP);70;12;81;8;6;16;85;2;59;-;9
Salmourão (SP);56;15;33;1;68;32;28;-;-;-;-
Saltinho (SP);49;4;39;1;7;65;64;-;2;-;-
Salto (SP);31;12;13;1;13;27;30;2;3;-;-
Salto de Pirapora (SP);72;15;48;3;35;40;23;2;3;-;-
Salto Grande (SP);60;47;63;1;11;258;19;-;2;-;3
Sandovalina (SP);224;72;151;33;7;55;28;2;13;-;1
Santa Adélia (SP);61;31;57;2;130;93;54;-;-;-;1
Santa Albertina (SP);283;84;174;4;76;187;32;-;-;1;1
Santa Bárbara d'Oeste (SP);54;30;58;1;10;79;57;-;-;-;1
Santa Branca (SP);74;26;49;9;11;51;40;-;7;2;2
Santa Clara d'Oeste (SP);127;36;90;2;13;82;2;-;1;-;-
Santa Cruz da Conceição (SP);76;15;31;5;66;178;7;-;-;-;1
Santa Cruz da Esperança (SP);37;1;17;1;4;36;8;-;2;1;-
Santa Cruz das Palmeiras (SP);37;13;21;1;52;85;11;-;3;-;1
Santa Cruz do Rio Pardo (SP);374;130;271;11;57;279;272;8;4;-;5
Santa Ernestina (SP);10;8;3;1;8;12;2;-;-;-;-
Santa Fé do Sul (SP);316;132;250;18;108;187;104;-;16;-;11
Santa Gertrudes (SP);3;2;2;1;4;9;2;-;1;-;1
Santa Isabel (SP);52;14;26;7;17;22;42;6;5;-;1
Santa Lúcia (SP);4;1;4;-;2;7;2;-;-;-;-
Santa Maria da Serra (SP);72;1;28;-;4;56;2;-;5;-;1
Santa Mercedes (SP);84;39;47;2;12;36;18;-;3;-;2
Santana da Ponte Pensa (SP);195;50;125;4;87;110;8;-;-;-;2
Santana de Parnaíba (SP);11;1;4;2;2;1;11;-;-;-;2
Santa Rita d'Oeste (SP);297;75;183;6;88;148;53;-;4;1;3
Santa Rita do Passa Quatro (SP);186;48;117;13;231;199;76;1;2;2;2
Santa Rosa de Viterbo (SP);95;24;15;1;21;23;104;-;3;-;-
Santa Salete (SP);165;70;127;3;106;75;50;-;8;-;2
Santo Anastácio (SP);339;56;157;2;14;145;139;3;2;-;4
Santo André (SP);3;2;3;3;-;6;21;5;2;-;-
Santo Antônio da Alegria (SP);250;96;204;9;212;194;177;1;2;-;5
Santo Antônio de Posse (SP);38;15;25;7;84;56;36;22;-;-;2
Santo Antônio do Aracanguá (SP);239;65;81;4;10;73;33;-;-;-;-
Santo Antônio do Jardim (SP);85;50;70;8;229;43;20;-;6;-;1
Santo Antônio do Pinhal (SP);31;3;9;3;8;16;68;7;5;1;-
Santo Expedito (SP);112;51;85;-;4;83;34;-;18;-;2
Santópolis do Aguapeí (SP);34;9;4;1;1;5;1;-;-;-;-
Santos (SP);1;1;1;-;2;-;-;2;1;-;-
São Bento do Sapucaí (SP);167;48;110;19;165;90;175;3;7;3;4
São Bernardo do Campo (SP);-;1;-;1;-;-;25;1;-;-;-
São Caetano do Sul (SP);-;-;-;-;-;2;9;-;1;-;-
São Carlos (SP);175;76;101;6;87;148;73;2;4;1;2
São Francisco (SP);181;69;134;6;142;136;24;1;8;-;1
São João da Boa Vista (SP);287;87;135;11;112;154;113;5;8;-;8
São João das Duas Pontes (SP);86;21;29;-;32;30;5;-;-;-;-
São João de Iracema (SP);124;39;81;1;6;112;24;-;-;-;2
São João do Pau d'Alho (SP);98;35;74;6;92;48;22;-;-;-;-
São Joaquim da Barra (SP);55;6;28;1;3;24;31;-;-;-;-
São José da Bela Vista (SP);100;32;58;3;58;157;91;-;-;-;2
São José do Barreiro (SP);220;118;213;19;62;116;186;-;-;3;16
São José do Rio Pardo (SP);172;20;26;3;50;182;179;-;4;-;2
São José do Rio Preto (SP);245;129;228;7;51;119;136;11;4;-;3
São José dos Campos (SP);541;186;1022;57;101;461;848;6;73;2;30
São Lourenço da Serra (SP);-;-;-;-;-;-;1;-;-;-;-
São Luiz do Paraitinga (SP);271;54;108;13;16;131;70;-;15;1;11
São Manuel (SP);57;30;32;2;101;41;34;-;2;-;1
São Miguel Arcanjo (SP);280;68;161;8;736;315;450;3;22;4;4
São Paulo (SP);23;33;45;10;26;54;121;25;9;2;2
São Pedro (SP);178;58;67;14;18;103;69;2;8;-;3
São Pedro do Turvo (SP);403;165;321;14;113;359;215;-;14;-;12
São Roque (SP);42;20;36;11;29;45;135;29;8;-;2
São Sebastião (SP);2;1;-;-;30;-;1;21;-;-;1
São Sebastião da Grama (SP);90;17;13;-;129;29;11;-;2;1;1
São Simão (SP);70;37;41;2;30;50;58;2;-;-;2
São Vicente (SP);-;1;-;1;1;1;-;-;-;-;-
Sarapuí (SP);170;19;59;3;35;119;55;2;4;-;1
Sarutaiá (SP);73;8;72;4;82;102;86;-;2;-;-
Sebastianópolis do Sul (SP);141;22;30;3;52;120;10;-;2;-;2
Serra Azul (SP);31;12;9;1;-;30;7;-;-;-;-
Serrana (SP);19;13;19;1;1;26;18;-;-;1;-
Serra Negra (SP);67;38;44;9;380;63;113;-;5;-;3
Sertãozinho (SP);11;19;24;1;4;195;50;-;-;-;-
Sete Barras (SP);175;32;43;14;477;34;12;7;1;3;3
Severínia (SP);45;19;31;1;68;67;17;-;-;-;-
Silveiras (SP);210;37;43;2;3;73;5;-;5;2;5
Socorro (SP);711;174;424;30;777;450;626;3;24;-;2
Sorocaba (SP);66;7;14;6;10;52;62;1;2;-;4
Sud Mennucci (SP);137;42;50;-;19;98;8;-;2;1;-
Sumaré (SP);9;18;20;-;64;75;50;1;-;-;1
Suzano (SP);25;15;46;7;10;16;301;29;4;2;-
Suzanápolis (SP);95;24;37;-;4;56;76;-;-;-;-
Tabapuã (SP);51;32;76;2;123;119;26;-;2;1;-
Tabatinga (SP);78;20;29;6;385;85;19;-;2;-;2
Taciba (SP);221;59;70;1;37;105;14;-;-;-;2
Taguaí (SP);102;58;62;3;70;95;43;-;6;-;5
Taiaçu (SP);84;53;105;5;152;146;57;2;1;-;2
Taiúva (SP);43;18;25;1;142;105;11;1;1;-;2
Tambaú (SP);93;39;70;7;76;83;52;-;5;-;2
Tanabi (SP);583;198;375;9;296;272;131;1;8;4;18
Tapiraí (SP);36;18;40;6;19;39;95;4;11;-;3
Tapiratiba (SP);35;8;16;2;29;23;8;1;1;2;-
Taquaral (SP);5;6;3;6;36;26;6;-;-;-;-
Taquaritinga (SP);91;45;78;1;343;173;53;3;1;1;2
Taquarituba (SP);348;140;343;5;77;404;216;-;8;-;7
Taquarivaí (SP);74;26;54;4;6;57;32;-;5;-;2
Tarabai (SP);88;26;12;5;2;11;8;-;3;-;-
Tarumã (SP);37;27;25;3;-;161;24;1;-;-;-
Tatuí (SP);281;83;176;9;24;182;96;15;3;-;2
Taubaté (SP);208;68;150;23;41;219;95;5;14;-;10
Tejupá (SP);113;39;30;-;242;58;80;-;7;-;2
Teodoro Sampaio (SP);805;77;478;12;19;231;282;3;40;-;4
Terra Roxa (SP);8;4;3;-;25;117;3;-;-;-;-
Tietê (SP);215;56;83;3;17;156;34;-;4;-;1
Timburi (SP);39;15;12;-;116;21;18;-;3;-;-
Torre de Pedra (SP);124;12;70;10;3;7;-;-;-;-;-
Torrinha (SP);147;109;121;19;245;129;142;1;15;-;5
Trabiju (SP);14;2;1;-;4;6;8;-;-;-;-
Tremembé (SP);51;20;58;10;18;72;47;1;2;-;2
Três Fronteiras (SP);243;96;149;5;81;154;31;1;3;-;9
Tuiuti (SP);258;65;325;26;39;239;343;3;1;-;10
Tupã (SP);400;129;263;29;119;212;208;5;15;4;1
Tupi Paulista (SP);371;156;299;7;287;111;70;1;16;2;3
Turiúba (SP);77;21;47;-;6;15;38;-;-;-;1
Turmalina (SP);148;45;104;-;89;92;6;-;2;-;1
Ubarana (SP);44;21;13;5;10;25;1;-;1;-;-
Ubatuba (SP);7;9;44;23;63;59;25;4;2;16;10
Ubirajara (SP);137;28;25;3;49;80;47;-;3;-;3
Uchoa (SP);97;34;52;2;68;30;4;-;2;-;-
União Paulista (SP);54;23;28;1;29;39;14;-;-;-;2
Urânia (SP);308;114;244;4;178;145;115;4;6;-;2
Uru (SP);67;30;56;-;42;40;9;-;1;-;3
Urupês (SP);149;47;48;2;435;97;54;-;-;-;-
Valentim Gentil (SP);141;51;60;3;54;107;11;3;1;-;3
Valinhos (SP);27;15;37;4;350;39;85;2;2;-;1
Valparaíso (SP);116;57;35;-;11;86;11;1;-;-;-
Vargem (SP);69;10;30;4;6;11;11;2;-;8;-
Vargem Grande do Sul (SP);62;13;37;1;30;49;39;-;1;-;3
Vargem Grande Paulista (SP);1;-;-;-;-;1;31;10;-;-;-
Várzea Paulista (SP);10;6;23;1;3;3;10;5;1;1;-
Vera Cruz (SP);66;19;11;1;117;27;31;-;2;-;2
Vinhedo (SP);6;3;9;-;54;8;25;3;1;1;1
Viradouro (SP);35;16;18;2;54;308;23;1;-;-;-
Vista Alegre do Alto (SP);25;15;39;-;142;62;10;-;-;-;-
Vitória Brasil (SP);54;38;52;12;54;52;29;-;-;-;-
Votorantim (SP);5;3;4;2;-;2;4;-;-;-;-
Votuporanga (SP);336;123;275;14;155;118;102;3;4;1;10
Zacarias (SP);95;9;40;7;5;27;3;1;-;-;-
Chavantes (SP);25;10;9;1;6;31;6;-;-;-;-
Estiva Gerbi (SP);71;16;47;1;20;68;80;1;1;-;2
Abatiá (PR);224;117;117;3;356;471;65;1;-;-;2
Adrianópolis (PR);191;136;647;36;83;359;535;-;29;9;5
Agudos do Sul (PR);313;206;605;43;5;779;684;20;69;50;5
Almirante Tamandaré (PR);45;41;61;8;18;104;157;2;4;1;7
Altamira do Paraná (PR);525;289;454;60;77;468;293;-;24;1;12
Altônia (PR);795;233;341;124;426;371;150;3;13;2;5
Alto Paraná (PR);248;125;157;143;154;186;96;2;12;5;4
Alto Piquiri (PR);173;99;52;28;34;348;66;-;1;-;2
Alvorada do Sul (PR);101;127;143;17;60;513;194;-;1;-;6
Amaporã (PR);123;53;67;-;9;113;61;-;1;-;-
Ampére (PR);1092;790;1001;259;97;976;1038;-;271;340;173
Anahy (PR);109;48;55;2;18;304;2;-;-;-;2
Andirá (PR);44;38;57;10;123;333;48;1;-;1;3
Ângulo (PR);103;51;72;3;40;170;23;1;-;-;2
Antonina (PR);65;54;120;21;131;147;98;3;4;11;12
Antônio Olinto (PR);614;466;988;96;69;1079;924;4;56;111;17
Apucarana (PR);457;290;366;71;665;903;315;14;17;4;17
Arapongas (PR);200;167;210;68;244;465;56;2;7;-;3
Arapoti (PR);390;214;362;87;52;530;44;-;6;-;5
Arapuã (PR);393;174;374;16;69;525;285;-;28;-;13
Araruna (PR);352;192;394;21;139;803;326;-;23;2;6
Araucária (PR);429;257;598;64;81;1003;802;9;7;7;4
Ariranha do Ivaí (PR);337;199;309;32;44;402;71;-;4;-;7
Assaí (PR);81;35;70;3;119;583;43;1;1;-;-
Assis Chateaubriand (PR);611;457;548;65;31;2549;283;1;8;-;10
Astorga (PR);452;210;252;79;348;537;77;3;6;-;3
Atalaia (PR);113;32;35;40;61;155;48;-;3;-;4
Balsa Nova (PR);173;118;183;6;8;175;42;-;1;-;4
Bandeirantes (PR);244;316;518;11;221;786;336;-;1;-;4
Barbosa Ferraz (PR);532;276;497;64;242;827;275;2;2;1;4
Barracão (PR);561;389;600;22;23;591;496;-;80;1;3
Barra do Jacaré (PR);87;86;137;10;37;338;75;1;-;-;4
Bela Vista da Caroba (PR);719;630;714;118;39;832;622;1;68;288;43
Bela Vista do Paraíso (PR);83;45;40;3;94;412;32;2;1;1;3
Bituruna (PR);734;485;1055;112;259;1148;951;1;153;394;147
Boa Esperança (PR);119;99;147;2;20;514;50;-;1;-;-
Boa Esperança do Iguaçu (PR);441;269;342;46;4;485;404;-;17;14;6
Boa Ventura de São Roque (PR);759;561;991;84;29;1027;937;3;94;475;3
Boa Vista da Aparecida (PR);738;346;604;135;103;682;584;-;140;13;79
Bocaiúva do Sul (PR);171;77;355;73;40;207;323;2;62;29;1
Bom Jesus do Sul (PR);457;292;662;27;16;510;419;-;40;1;3
Bom Sucesso (PR);143;95;114;7;64;268;87;-;4;-;16
Bom Sucesso do Sul (PR);295;154;229;24;11;397;114;1;5;3;6
Borrazópolis (PR);265;207;285;11;142;698;124;-;7;1;-
Braganey (PR);301;238;319;36;38;621;183;-;9;-;6
Brasilândia do Sul (PR);74;33;24;8;10;203;30;-;-;-;1
Cafeara (PR);122;49;22;1;40;69;44;-;1;1;1
Cafelândia (PR);187;150;199;20;19;426;159;-;51;2;7
Cafezal do Sul (PR);299;61;106;9;20;71;82;-;3;-;-
Califórnia (PR);225;134;244;41;143;366;179;1;11;3;10
Cambará (PR);60;34;19;12;32;630;24;1;2;-;3
Cambé (PR);82;99;80;11;208;482;97;7;-;1;3
Cambira (PR);153;85;97;4;215;276;51;6;13;1;5
Campina da Lagoa (PR);648;311;631;22;27;1000;365;1;7;-;5
Campina do Simão (PR);241;138;289;20;4;353;102;-;5;80;7
Campina Grande do Sul (PR);75;44;205;38;61;117;292;6;14;8;2
Campo Bonito (PR);378;238;369;79;39;501;455;1;35;53;28
Campo do Tenente (PR);68;57;112;9;2;194;123;1;9;1;3
Campo Largo (PR);402;250;663;137;64;1198;620;9;27;5;4
Campo Magro (PR);96;91;232;30;14;344;251;3;7;-;3
Campo Mourão (PR);261;229;358;34;67;606;288;3;11;1;5
Cândido de Abreu (PR);1596;1308;2343;271;153;2639;1923;2;128;165;123
Candói (PR);953;485;1257;36;37;1405;1053;1;93;3;4
Cantagalo (PR);807;623;895;221;79;1027;766;1;124;151;56
Capanema (PR);1844;1162;1714;370;63;2080;1729;1;185;21;68
Capitão Leônidas Marques (PR);729;243;417;43;30;714;386;35;40;1;25
Carambeí (PR);183;53;56;3;2;147;38;2;2;1;1
Carlópolis (PR);414;163;490;9;654;208;80;-;12;1;8
Cascavel (PR);1755;846;1219;163;48;3269;1731;5;47;14;50
Castro (PR);1193;544;892;34;21;1436;1083;3;16;6;19
Catanduvas (PR);592;243;461;16;28;582;284;1;21;6;8
Centenário do Sul (PR);215;112;129;12;157;203;78;-;-;-;4
Cerro Azul (PR);573;480;1535;45;666;1123;935;-;17;11;8
Céu Azul (PR);469;278;407;91;23;550;277;1;52;-;9
Chopinzinho (PR);1428;960;1389;174;132;1650;1280;-;245;19;66
Cianorte (PR);582;263;327;41;307;692;269;5;26;-;8
Cidade Gaúcha (PR);145;10;142;1;38;222;174;-;-;1;1
Clevelândia (PR);513;308;466;40;29;622;527;1;6;19;2
Colombo (PR);94;95;279;16;66;218;509;6;38;19;8
Colorado (PR);301;63;129;13;141;103;67;4;3;-;4
Congonhinhas (PR);272;123;305;49;254;358;227;-;2;-;1
Conselheiro Mairinck (PR);86;38;63;12;95;44;14;-;4;-;1
Contenda (PR);582;549;763;112;13;871;623;3;85;13;6
Corbélia (PR);359;209;306;16;6;544;309;1;12;7;10
Cornélio Procópio (PR);203;80;70;11;169;467;23;2;5;2;4
Coronel Domingos Soares (PR);626;342;697;106;39;674;526;1;28;224;87
Coronel Vivida (PR);1322;671;919;73;54;1393;953;-;121;8;20
Corumbataí do Sul (PR);194;97;274;9;315;214;195;-;2;2;4
Cruzeiro do Iguaçu (PR);348;260;281;34;21;356;280;-;110;2;3
Cruzeiro do Oeste (PR);471;113;203;11;150;242;72;-;3;1;4
Cruzeiro do Sul (PR);168;58;74;80;136;118;63;-;11;-;2
Cruz Machado (PR);1696;1958;2336;718;308;2650;2345;1;256;1593;200
Cruzmaltina (PR);140;132;217;5;101;278;65;-;-;-;2
Curitiba (PR);48;56;47;7;1;52;83;2;2;-;5
Curiúva (PR);382;252;575;107;152;455;173;-;10;-;2
Diamante do Norte (PR);86;40;28;-;144;79;15;1;1;1;1
Diamante do Sul (PR);355;218;486;134;140;417;434;-;6;7;4
Diamante D'Oeste (PR);424;167;404;48;11;430;302;-;30;1;12
Dois Vizinhos (PR);1514;1122;1412;243;57;1613;1517;-;151;96;25
Douradina (PR);126;20;62;10;18;22;4;-;2;-;-
Doutor Camargo (PR);79;61;47;3;55;509;12;1;-;-;2
Enéas Marques (PR);777;425;588;63;62;744;641;-;17;40;113
Engenheiro Beltrão (PR);181;175;214;6;79;622;139;2;-;1;5
Esperança Nova (PR);273;66;42;30;75;62;65;-;2;1;1
Entre Rios do Oeste (PR);218;69;183;17;-;223;197;-;-;-;2
Espigão Alto do Iguaçu (PR);544;369;588;99;28;744;380;1;97;39;10
Farol (PR);103;109;148;7;7;278;51;-;2;-;4
Faxinal (PR);344;179;275;17;36;376;477;-;10;1;5
Fazenda Rio Grande (PR);56;58;90;7;6;131;137;4;-;2;3
Fênix (PR);112;89;134;17;25;372;67;2;-;1;4
Fernandes Pinheiro (PR);208;98;222;16;4;467;191;-;7;20;2
Figueira (PR);109;43;72;8;104;110;84;-;12;-;5
Floraí (PR);39;11;11;15;28;239;11;-;-;3;-
Flor da Serra do Sul (PR);602;483;579;39;29;635;523;1;101;2;5
Floresta (PR);18;33;54;2;2;193;41;1;-;-;-
Florestópolis (PR);86;34;51;9;39;90;38;-;2;-;1
Flórida (PR);89;46;48;8;30;117;51;-;-;-;5
Formosa do Oeste (PR);386;357;411;17;105;905;163;-;8;-;3
Foz do Iguaçu (PR);340;268;550;97;120;830;572;12;4;2;17
Francisco Alves (PR);426;204;296;20;65;450;261;-;5;1;4
Francisco Beltrão (PR);2494;1481;2106;434;257;2556;2599;129;443;377;212
Foz do Jordão (PR);170;63;186;15;11;201;217;1;10;-;1
General Carneiro (PR);198;140;349;82;12;302;334;1;126;90;12
Godoy Moreira (PR);352;213;454;39;70;556;267;-;32;79;10
Goioerê (PR);293;180;300;37;93;543;194;1;3;-;1
Goioxim (PR);836;648;904;29;8;1055;721;4;162;21;8
Grandes Rios (PR);400;274;394;37;600;436;253;-;7;1;1
Guaíra (PR);299;281;339;28;15;858;318;-;2;22;5
Guairaçá (PR);183;71;77;8;50;68;10;-;4;-;8
Guamiranga (PR);310;101;461;12;35;896;356;-;190;37;-
Guapirama (PR);105;24;80;5;21;61;71;-;3;-;-
Guaporema (PR);100;38;38;6;27;112;9;-;2;-;-
Guaraci (PR);148;63;79;10;35;72;57;-;2;-;1
Guaraniaçu (PR);1138;606;1081;138;73;1284;1045;-;31;68;17
Guarapuava (PR);1188;740;1659;129;51;1423;1714;7;57;482;53
Guaraqueçaba (PR);60;26;202;121;231;190;74;1;6;20;16
Guaratuba (PR);25;11;120;47;198;53;13;-;1;1;1
Honório Serpa (PR);665;508;680;63;9;696;447;-;3;5;2
Ibaiti (PR);727;232;900;60;635;477;429;1;30;1;20
Ibema (PR);191;160;202;22;25;237;161;2;18;-;6
Ibiporã (PR);134;151;194;13;174;356;152;1;1;-;9
Icaraíma (PR);617;199;392;27;104;186;192;-;12;3;3
Iguaraçu (PR);70;42;36;2;41;126;45;1;-;-;-
Iguatu (PR);85;133;176;-;17;287;113;-;2;-;-
Imbaú (PR);162;145;333;58;3;379;236;-;16;1;3
Imbituva (PR);701;309;912;25;124;1577;1044;-;222;103;8
Inácio Martins (PR);262;202;322;123;8;251;187;1;110;154;4
Inajá (PR);69;16;12;-;13;39;6;-;1;-;2
Indianópolis (PR);175;63;77;63;79;124;93;3;22;2;1
Ipiranga (PR);488;341;871;53;23;1485;622;-;213;43;6
Iporã (PR);652;178;304;53;148;485;346;5;11;2;7
Iracema do Oeste (PR);87;69;87;4;95;224;35;1;2;-;2
Irati (PR);1527;1094;1895;234;70;2625;1880;3;251;283;17
Iretama (PR);855;453;940;114;198;804;472;1;23;-;3
Itaguajé (PR);255;42;158;12;51;113;13;-;-;-;2
Itaipulândia (PR);342;219;252;20;5;344;252;1;1;-;16
Itambaracá (PR);90;64;97;24;42;386;81;-;2;-;3
Itambé (PR);58;82;79;7;8;350;93;2;1;1;-
Itapejara d'Oeste (PR);735;588;602;16;43;871;710;-;6;5;4
Itaperuçu (PR);135;32;203;6;10;108;182;-;5;1;18
Itaúna do Sul (PR);93;27;36;4;90;85;15;-;1;-;1
Ivaí (PR);641;602;945;87;131;1649;734;1;97;37;45
Ivaiporã (PR);687;400;673;49;496;1100;486;1;15;-;2
Ivaté (PR);273;114;53;40;169;163;67;-;3;1;2
Ivatuba (PR);7;7;7;2;-;125;1;-;-;1;1
Jaboti (PR);292;107;286;9;197;243;169;1;56;2;10
Jacarezinho (PR);312;116;309;15;171;282;148;-;9;-;2
Jaguapitã (PR);248;139;168;7;86;164;64;-;3;-;3
Jaguariaíva (PR);359;230;831;51;14;253;520;1;20;2;5
Jandaia do Sul (PR);192;99;138;6;233;320;45;1;4;-;3
Janiópolis (PR);244;164;246;5;38;565;135;-;4;1;1
Japira (PR);118;19;76;23;303;122;24;2;5;-;12
Japurá (PR);119;32;64;3;60;360;66;1;-;1;-
Jardim Alegre (PR);416;267;489;74;350;1110;98;3;6;4;4
Jardim Olinda (PR);61;18;32;25;28;46;5;-;1;-;-
Jataizinho (PR);54;38;39;1;32;88;39;-;4;1;3
Jesuítas (PR);344;243;359;25;424;995;102;2;8;3;2
Joaquim Távora (PR);461;177;359;15;141;352;209;-;35;10;5
Jundiaí do Sul (PR);192;64;184;12;94;237;141;-;4;1;1
Juranda (PR);175;164;241;25;10;729;87;-;-;-;7
Jussara (PR);34;26;48;5;42;383;55;-;-;1;1
Kaloré (PR);174;117;177;1;30;564;90;-;2;1;1
Lapa (PR);1134;738;1665;98;52;2014;1574;3;52;55;15
Laranjal (PR);643;425;651;32;20;589;261;-;13;101;9
Laranjeiras do Sul (PR);1073;681;1280;288;148;1353;1102;-;74;201;50
Leópolis (PR);109;34;30;1;58;124;15;-;-;-;1
Lidianópolis (PR);218;146;245;14;211;435;118;-;1;-;1
Lindoeste (PR);586;267;515;92;56;480;462;-;206;62;11
Loanda (PR);343;69;105;8;21;74;71;-;3;-;6
Lobato (PR);125;34;38;4;20;101;10;-;-;-;1
Londrina (PR);682;570;936;39;739;2066;998;21;16;12;6
Luiziana (PR);209;129;233;39;71;529;182;3;7;5;4
Lunardelli (PR);214;115;211;12;125;481;130;-;1;-;3
Lupionópolis (PR);108;57;55;-;46;93;2;-;-;1;2
Mallet (PR);761;651;1027;97;63;1137;1002;-;155;272;9
Mamborê (PR);338;258;439;43;11;806;239;-;7;1;5
Mandaguaçu (PR);152;89;131;49;138;313;88;2;6;-;4
Mandaguari (PR);218;75;163;8;327;250;95;4;6;1;4
Mandirituba (PR);192;219;324;43;22;615;476;9;16;6;12
Manfrinópolis (PR);596;481;588;47;18;599;539;-;28;56;4
Mangueirinha (PR);1166;798;1356;126;22;1560;1276;4;81;57;25
Manoel Ribas (PR);953;420;834;91;30;1171;582;1;9;5;32
Marechal Cândido Rondon (PR);1808;953;1522;438;23;1998;1307;3;37;30;61
Maria Helena (PR);394;164;215;30;137;203;162;2;12;1;6
Marialva (PR);197;210;206;12;699;880;378;16;4;1;4
Marilândia do Sul (PR);161;61;71;13;41;408;179;2;2;2;1
Marilena (PR);287;64;33;14;98;184;70;-;2;-;6
Mariluz (PR);272;225;348;6;22;324;267;-;2;23;138
Maringá (PR);166;151;194;26;187;514;244;3;4;2;3
Mariópolis (PR);351;156;105;2;44;374;186;-;53;-;14
Maripá (PR);489;277;374;26;3;648;409;15;13;-;1
Marmeleiro (PR);1136;902;1130;251;80;1280;1059;1;124;553;240
Marquinho (PR);604;552;787;24;16;786;610;-;6;10;-
Marumbi (PR);112;57;123;-;153;359;97;-;4;-;2
Matelândia (PR);606;189;344;32;30;587;500;-;39;-;3
Matinhos (PR);3;3;5;1;3;3;6;-;-;-;-
Mato Rico (PR);402;306;576;47;56;547;362;-;6;3;4
Mauá da Serra (PR);60;67;133;8;51;196;152;-;3;1;4
Medianeira (PR);890;427;706;95;37;894;790;1;73;2;74
Mercedes (PR);550;313;516;39;6;658;337;-;48;-;5
Mirador (PR);106;36;63;-;19;76;31;-;5;-;1
Miraselva (PR);46;29;40;43;49;17;1;-;-;-;-
Missal (PR);1122;659;990;158;16;1196;901;3;96;4;5
Moreira Sales (PR);404;148;410;15;104;386;288;-;3;-;3
Morretes (PR);86;100;222;17;363;338;241;28;3;13;20
Munhoz de Melo (PR);143;58;125;4;122;129;75;-;1;-;3
Nossa Senhora das Graças (PR);177;108;125;44;103;154;70;-;4;-;2
Nova Aliança do Ivaí (PR);86;35;49;3;19;45;55;-;-;-;-
Nova América da Colina (PR);55;25;36;2;82;115;16;-;1;-;2
Nova Aurora (PR);268;172;171;18;13;1086;127;1;13;5;3
Nova Cantu (PR);631;211;531;2;-;767;254;-;-;1;3
Nova Esperança (PR);256;78;168;408;140;143;136;-;10;5;3
Nova Esperança do Sudoeste (PR);872;479;737;200;63;832;707;-;400;44;97
Nova Fátima (PR);69;46;76;4;179;156;27;-;1;1;-
Nova Laranjeiras (PR);1284;661;1235;123;56;1130;978;1;23;11;7
Nova Londrina (PR);139;37;10;10;26;87;11;-;5;-;3
Nova Olímpia (PR);188;55;127;32;90;112;74;-;8;-;6
Nova Santa Bárbara (PR);51;44;84;13;30;151;62;-;2;3;2
Nova Santa Rosa (PR);507;231;253;31;1;474;349;1;2;-;1
Nova Prata do Iguaçu (PR);1008;582;855;139;38;1017;939;3;324;93;118
Nova Tebas (PR);781;552;1010;50;117;886;570;-;35;15;22
Novo Itacolomi (PR);156;33;186;7;132;265;8;-;3;-;6
Ortigueira (PR);1368;833;2378;127;43;1860;1195;1;86;77;33
Ourizona (PR);37;48;58;10;27;358;21;1;-;-;6
Ouro Verde do Oeste (PR);229;123;148;20;9;400;139;-;9;1;3
Paiçandu (PR);31;25;21;3;18;285;19;-;-;-;2
Palmas (PR);397;204;299;47;41;350;317;1;73;52;15
Palmeira (PR);698;389;452;41;29;1837;633;1;96;38;1
Palmital (PR);1377;748;1562;185;173;1586;1165;14;225;103;56
Palotina (PR);697;403;549;73;10;1188;413;1;4;-;15
Paraíso do Norte (PR);110;109;141;25;64;306;92;-;1;-;3
Paranacity (PR);137;20;25;9;73;83;23;2;4;2;2
Paranaguá (PR);45;65;139;19;68;94;90;3;-;4;12
Paranapoema (PR);17;11;8;-;2;14;2;-;1;1;-
Paranavaí (PR);700;192;408;9;185;534;326;5;17;7;8
Pato Bragado (PR);295;188;275;17;1;314;263;1;2;-;6
Pato Branco (PR);629;236;257;54;38;856;656;3;19;75;29
Paula Freitas (PR);204;112;135;12;7;373;217;2;37;71;3
Paulo Frontin (PR);669;628;933;142;51;1000;950;2;321;314;7
Peabiru (PR);301;214;298;30;95;542;233;3;5;1;2
Perobal (PR);325;118;146;4;52;129;182;-;8;-;6
Pérola (PR);517;95;223;30;131;141;145;-;3;1;1
Pérola d'Oeste (PR);942;684;976;82;12;1149;990;-;11;182;14
Piên (PR);442;331;667;57;2;970;525;5;200;29;5
Pinhais (PR);29;30;55;7;3;19;98;2;4;-;-
Pinhalão (PR);85;33;192;17;386;108;104;1;3;3;24
Pinhal de São Bento (PR);304;142;240;1;6;347;148;-;-;-;1
Pinhão (PR);1293;818;2014;191;101;1958;1944;13;441;660;87
Piraí do Sul (PR);420;263;611;47;15;590;316;1;7;-;2
Piraquara (PR);116;79;135;27;8;117;103;2;4;1;12
Pitanga (PR);2118;1474;2765;306;198;3066;2417;2;241;122;9
Pitangueiras (PR);40;48;49;9;140;147;38;1;1;-;3
Planaltina do Paraná (PR);213;51;99;11;15;124;58;-;5;-;3
Planalto (PR);1843;1316;1737;113;32;2083;1705;1;305;101;20
Ponta Grossa (PR);537;432;815;113;44;1109;941;2;18;60;9
Pontal do Paraná (PR);3;4;6;2;7;11;7;1;-;5;1
Porecatu (PR);19;14;14;3;12;52;4;-;-;-;-
Porto Amazonas (PR);26;15;15;4;2;35;19;2;2;1;-
Porto Barreiro (PR);513;397;581;27;15;737;515;-;178;6;6
Porto Rico (PR);80;8;8;13;13;35;8;-;1;-;-
Porto Vitória (PR);201;74;184;41;5;138;177;1;21;107;7
Prado Ferreira (PR);26;15;25;4;27;60;12;2;-;-;1
Pranchita (PR);474;332;409;57;19;596;405;-;79;1;7
Presidente Castelo Branco (PR);106;17;56;14;47;76;9;-;2;1;-
Primeiro de Maio (PR);60;17;7;6;70;705;25;-;-;-;4
Prudentópolis (PR);2485;2539;5071;487;359;6443;5214;4;629;862;58
Quarto Centenário (PR);72;76;112;10;7;321;28;-;2;-;3
Quatiguá (PR);191;42;44;3;21;88;28;-;7;-;6
Quatro Barras (PR);67;58;119;20;33;94;124;4;47;4;2
Quatro Pontes (PR);321;172;225;21;10;375;276;-;2;-;5
Quedas do Iguaçu (PR);1232;1070;1570;57;13;1984;991;-;14;78;7
Querência do Norte (PR);836;346;662;69;63;579;694;-;12;-;38
Quinta do Sol (PR);129;107;184;6;38;356;144;-;2;1;4
Quitandinha (PR);537;494;917;59;12;1505;620;6;78;53;6
Ramilândia (PR);437;158;206;5;7;318;126;-;8;-;5
Rancho Alegre (PR);20;19;18;7;46;157;22;-;1;-;-
Rancho Alegre D'Oeste (PR);60;56;81;2;26;446;51;-;-;-;-
Realeza (PR);957;712;927;66;26;1045;737;3;10;4;20
Rebouças (PR);633;447;959;85;22;1363;703;-;109;44;9
Renascença (PR);690;557;663;141;39;836;654;1;37;47;85
Reserva (PR);909;832;1676;115;21;1581;1007;-;93;130;28
Reserva do Iguaçu (PR);317;39;479;4;10;488;313;-;2;5;1
Ribeirão Claro (PR);444;146;151;24;508;107;160;-;34;-;2
Ribeirão do Pinhal (PR);264;98;86;7;234;263;99;-;2;-;3
Rio Azul (PR);942;731;1334;92;37;1762;1439;-;440;284;7
Rio Bom (PR);174;32;71;2;44;302;35;-;-;-;-
Rio Bonito do Iguaçu (PR);1921;1542;2245;153;29;2385;2176;1;198;10;6
Rio Branco do Ivaí (PR);208;49;108;14;23;176;50;-;2;-;1
Rio Branco do Sul (PR);538;388;1206;29;103;822;924;-;19;1;12
Rio Negro (PR);411;250;662;47;12;826;571;1;129;22;10
Rolândia (PR);86;83;119;12;301;584;66;1;1;-;-
Roncador (PR);704;479;764;100;124;980;528;-;14;4;49
Rondon (PR);260;109;125;61;150;267;104;-;3;1;1
Rosário do Ivaí (PR);551;285;528;18;153;435;273;1;36;-;4
Sabáudia (PR);116;56;88;27;106;229;31;-;4;-;1
Salgado Filho (PR);584;443;615;87;132;615;589;-;200;244;21
Salto do Itararé (PR);369;149;231;11;142;220;173;-;8;-;6
Salto do Lontra (PR);1381;1026;1219;248;114;1484;1358;2;366;295;156
Santa Amélia (PR);87;108;199;3;81;349;84;-;1;-;2
Santa Cecília do Pavão (PR);79;46;72;1;27;301;4;1;2;-;1
Santa Cruz de Monte Castelo (PR);422;112;157;51;55;128;89;1;6;-;2
Santa Fé (PR);208;99;156;9;123;228;156;2;9;-;22
Santa Helena (PR);1404;961;1396;536;32;1960;1532;4;81;3;82
Santa Inês (PR);72;30;37;1;18;38;9;-;-;-;-
Santa Isabel do Ivaí (PR);447;119;205;37;110;242;145;-;1;-;1
Santa Izabel do Oeste (PR);1047;635;923;249;49;1099;928;-;136;34;79
Santa Lúcia (PR);311;35;33;28;10;339;134;-;-;1;7
Santa Maria do Oeste (PR);1164;873;1583;133;144;1651;1469;6;153;183;5
Santa Mariana (PR);41;41;53;1;98;339;5;1;1;-;-
Santa Mônica (PR);169;69;119;17;52;117;29;-;7;-;-
Santana do Itararé (PR);475;192;411;24;82;458;219;-;31;-;2
Santa Tereza do Oeste (PR);264;176;244;32;7;443;187;1;11;1;17
Santa Terezinha de Itaipu (PR);226;145;242;48;7;342;126;-;8;-;13
Santo Antônio da Platina (PR);694;355;691;20;244;878;305;2;19;4;7
Santo Antônio do Caiuá (PR);127;46;96;1;23;57;61;-;2;1;-
Santo Antônio do Paraíso (PR);27;22;27;-;50;92;34;-;3;-;-
Santo Antônio do Sudoeste (PR);1156;673;1262;156;76;1625;1205;1;25;3;69
Santo Inácio (PR);170;51;99;10;32;136;26;1;-;-;-
São Carlos do Ivaí (PR);66;27;64;16;42;146;69;-;2;1;1
São Jerônimo da Serra (PR);481;278;743;24;254;767;262;5;41;7;6
São João (PR);995;568;636;84;7;1149;735;1;35;7;10
São João do Caiuá (PR);163;68;122;9;15;72;36;-;4;1;1
São João do Ivaí (PR);240;152;295;7;53;744;165;-;-;1;-
São João do Triunfo (PR);412;300;594;95;40;1737;671;1;136;165;3
São Jorge d'Oeste (PR);907;466;839;165;22;842;896;1;153;12;57
São Jorge do Ivaí (PR);34;18;28;16;17;287;3;-;-;4;1
São Jorge do Patrocínio (PR);443;96;174;93;378;261;249;-;17;3;2
São José da Boa Vista (PR);454;111;348;104;33;284;256;-;10;1;3
São José das Palmeiras (PR);287;169;278;19;18;327;218;1;2;-;6
São José dos Pinhais (PR);1016;824;1915;118;105;1330;2160;8;33;31;26
São Manoel do Paraná (PR);86;45;73;65;94;104;28;2;2;-;-
São Mateus do Sul (PR);1238;705;2114;66;154;2379;2181;5;98;708;8
São Miguel do Iguaçu (PR);1024;525;836;147;27;1518;891;5;46;5;36
São Pedro do Iguaçu (PR);464;261;435;28;18;636;455;-;1;1;2
São Pedro do Ivaí (PR);125;89;121;9;65;402;102;-;5;-;10
São Pedro do Paraná (PR);201;41;59;3;39;59;20;-;8;1;1
São Sebastião da Amoreira (PR);23;21;36;21;44;104;15;-;-;-;1
São Tomé (PR);79;35;55;16;68;145;46;1;7;-;1
Sapopema (PR);450;266;498;26;93;299;282;-;14;-;4
Sarandi (PR);40;38;61;4;45;139;33;-;1;-;-
Saudade do Iguaçu (PR);476;231;385;58;8;359;183;-;-;-;13
Sengés (PR);307;134;478;16;11;228;349;1;28;14;3
Serranópolis do Iguaçu (PR);531;324;475;136;11;666;444;-;15;2;11
Sertaneja (PR);28;19;43;1;14;152;8;1;-;1;1
Sertanópolis (PR);75;40;39;2;64;556;33;-;-;-;1
Siqueira Campos (PR);401;107;366;21;338;225;162;-;15;-;2
Sulina (PR);536;295;486;93;4;565;512;-;134;1;3
Tamarana (PR);346;285;557;43;102;725;470;5;44;31;49
Tamboara (PR);159;13;40;2;28;205;-;-;5;1;1
Tapejara (PR);195;110;152;18;44;85;7;-;4;1;1
Tapira (PR);459;145;266;56;57;117;175;-;4;-;1
Teixeira Soares (PR);481;228;318;19;5;866;181;2;52;13;3
Telêmaco Borba (PR);40;26;67;4;1;52;86;-;2;-;1
Terra Boa (PR);88;29;33;17;142;270;41;-;-;-;1
Terra Rica (PR);607;159;226;68;142;192;147;1;36;-;2
Terra Roxa (PR);530;283;462;29;133;1056;393;1;-;-;3
Tibagi (PR);375;300;595;49;11;821;428;1;36;28;13
Tijucas do Sul (PR);155;180;108;68;7;541;333;5;27;52;3
Toledo (PR);1949;1227;1420;301;68;2404;1586;5;88;7;129
Tomazina (PR);689;392;679;30;530;693;176;1;50;-;2
Três Barras do Paraná (PR);1080;508;805;59;11;1095;492;-;32;37;9
Tunas do Paraná (PR);53;28;222;27;4;40;77;-;2;-;-
Tuneiras do Oeste (PR);412;69;128;33;54;458;101;-;1;-;1
Tupãssi (PR);343;238;287;12;9;969;279;-;9;2;9
Turvo (PR);687;320;865;63;79;993;861;32;8;162;5
Ubiratã (PR);383;269;395;42;31;1242;273;-;16;-;7
Umuarama (PR);848;387;549;65;290;400;685;6;20;2;10
União da Vitória (PR);472;321;635;219;34;539;547;2;295;222;11
Uniflor (PR);71;42;41;49;58;54;25;6;-;-;1
Uraí (PR);72;22;49;-;179;352;87;-;1;-;1
Wenceslau Braz (PR);394;84;278;84;97;473;174;3;9;-;3
Ventania (PR);245;180;379;47;14;343;212;-;46;3;8
Vera Cruz do Oeste (PR);401;248;319;17;23;580;342;-;18;3;10
Verê (PR);997;721;847;166;42;915;844;-;175;12;59
Alto Paraíso (PR);168;52;55;9;33;57;3;-;7;-;-
Doutor Ulysses (PR);198;137;393;28;178;317;420;-;2;-;1
Virmond (PR);393;338;450;145;79;593;475;-;15;172;10
Vitorino (PR);389;215;304;72;20;470;419;1;22;46;21
Xambrê (PR);352;52;89;26;56;87;225;1;1;1;2
Abdon Batista (SC);385;242;423;90;12;566;228;-;9;48;13
Abelardo Luz (SC);1273;741;970;52;11;1805;912;-;61;38;31
Agrolândia (SC);453;281;336;63;-;521;271;4;77;42;1
Agronômica (SC);344;111;281;50;5;602;310;1;97;4;7
Água Doce (SC);407;236;244;84;25;463;475;1;108;5;10
Águas de Chapecó (SC);692;586;720;210;63;767;696;2;131;150;160
Águas Frias (SC);386;267;353;7;34;400;391;-;298;1;12
Águas Mornas (SC);298;78;178;43;29;240;372;2;7;5;25
Alfredo Wagner (SC);1293;590;925;262;8;1663;1175;-;173;28;26
Alto Bela Vista (SC);307;206;291;82;70;329;293;-;6;6;1
Anchieta (SC);771;431;646;152;72;758;525;1;20;14;45
Angelina (SC);636;171;405;162;67;683;394;2;97;8;25
Anita Garibaldi (SC);913;360;754;115;14;771;947;-;83;28;12
Anitápolis (SC);202;82;103;55;2;167;152;1;-;-;3
Antônio Carlos (SC);421;155;328;17;197;404;560;8;33;22;12
Apiúna (SC);210;111;162;35;21;227;143;2;37;3;1
Arabutã (SC);597;446;509;131;136;623;594;-;28;53;9
Araquari (SC);134;34;81;16;49;145;135;8;3;16;7
Araranguá (SC);360;95;255;5;18;929;151;4;55;3;8
Armazém (SC);400;150;8;21;18;405;194;-;79;3;7
Arroio Trinta (SC);220;160;202;58;31;246;238;1;18;2;18
Arvoredo (SC);326;198;204;52;37;322;123;1;20;4;7
Ascurra (SC);75;23;60;2;7;98;45;2;3;2;1
Atalanta (SC);442;267;416;28;6;451;332;2;87;2;-
Aurora (SC);457;218;409;28;2;713;317;-;95;2;9
Balneário Arroio do Silva (SC);18;7;9;1;-;4;5;-;6;-;-
Balneário Camboriú (SC);3;2;4;6;-;1;4;-;1;-;-
Balneário Barra do Sul (SC);12;7;14;6;4;13;16;1;-;-;1
Balneário Gaivota (SC);134;35;174;21;5;132;22;-;19;1;3
Bandeirante (SC);490;329;473;114;217;503;452;-;25;2;40
Barra Bonita (SC);339;211;361;119;28;363;182;-;2;2;22
Barra Velha (SC);94;15;16;2;56;29;2;-;3;-;-
Bela Vista do Toldo (SC);320;173;490;35;4;903;279;-;192;122;4
Belmonte (SC);318;238;312;109;91;357;289;-;57;7;31
Benedito Novo (SC);480;196;343;67;15;489;288;-;57;93;18
Biguaçu (SC);325;72;142;8;66;285;146;50;14;5;26
Blumenau (SC);657;362;591;219;54;561;803;13;18;34;10
Bocaina do Sul (SC);290;120;109;92;3;280;295;-;28;59;4
Bombinhas (SC);-;-;1;1;1;1;1;-;-;-;-
Bom Jardim da Serra (SC);315;68;41;9;218;210;216;-;2;96;3
Bom Jesus (SC);102;13;83;23;2;135;76;-;-;-;-
Bom Jesus do Oeste (SC);317;170;262;33;8;332;274;-;8;-;1
Bom Retiro (SC);304;85;187;83;88;357;84;2;17;18;5
Botuverá (SC);82;72;86;26;2;100;104;-;51;11;42
Braço do Norte (SC);731;249;288;108;30;574;473;1;70;1;9
Braço do Trombudo (SC);186;54;63;12;1;150;134;-;4;-;1
Brunópolis (SC);97;16;57;1;1;325;80;-;-;-;-
Brusque (SC);36;7;22;16;21;27;30;1;3;1;1
Caçador (SC);479;371;558;165;194;955;761;5;183;20;39
Caibi (SC);639;342;373;101;50;634;478;-;27;1;15
Calmon (SC);78;45;124;42;4;170;117;2;5;89;65
Camboriú (SC);134;50;111;20;16;83;73;5;17;12;3
Capão Alto (SC);320;111;183;83;3;209;260;-;48;90;7
Campo Alegre (SC);329;150;302;35;14;516;213;16;25;41;8
Campo Belo do Sul (SC);387;176;451;48;4;432;151;-;4;105;9
Campo Erê (SC);488;383;559;45;38;617;551;-;51;116;12
Campos Novos (SC);839;321;514;67;23;1035;806;-;77;30;4
Canelinha (SC);110;21;48;9;25;154;130;1;19;-;5
Canoinhas (SC);1024;464;971;68;70;1782;765;6;486;341;6
Capinzal (SC);322;163;294;83;42;318;348;-;24;164;20
Capivari de Baixo (SC);60;9;38;2;1;33;6;-;5;-;1
Catanduvas (SC);86;52;75;8;6;99;83;-;3;16;-
Caxambu do Sul (SC);540;273;425;123;28;613;471;1;46;2;46
Celso Ramos (SC);347;196;280;52;7;470;283;-;11;2;14
Cerro Negro (SC);484;260;539;129;3;564;350;-;41;100;12
Chapadão do Lageado (SC);385;343;253;7;1;531;296;-;230;-;4
Chapecó (SC);1164;699;1048;173;167;1186;1274;9;70;86;35
Cocal do Sul (SC);168;64;127;26;17;142;185;2;30;-;7
Concórdia (SC);2524;1697;2074;876;673;2642;2699;8;258;645;313
Cordilheira Alta (SC);318;87;120;8;2;198;133;-;7;-;5
Coronel Freitas (SC);934;475;647;166;64;869;912;2;105;18;51
Coronel Martins (SC);422;354;423;122;63;494;428;1;70;77;17
Corupá (SC);98;27;68;6;511;34;207;60;7;9;2
Correia Pinto (SC);427;94;298;61;2;338;421;-;15;2;3
Criciúma (SC);397;155;362;72;123;481;388;5;88;4;21
Cunha Porã (SC);972;696;913;301;73;1042;923;-;110;193;15
Cunhataí (SC);322;153;249;63;18;355;336;-;12;83;2
Curitibanos (SC);402;168;226;38;7;733;166;1;19;15;1
Descanso (SC);989;442;774;133;190;1003;917;-;107;15;84
Dionísio Cerqueira (SC);1083;756;1072;155;31;1211;856;-;20;12;11
Dona Emma (SC);266;128;190;12;8;327;244;1;92;-;4
Doutor Pedrinho (SC);152;58;124;35;1;214;45;-;15;3;1
Entre Rios (SC);224;190;420;2;1;381;267;-;5;-;-
Ermo (SC);131;88;159;16;4;184;121;1;20;-;45
Erval Velho (SC);267;115;182;40;6;288;109;-;2;5;13
Faxinal dos Guedes (SC);340;217;272;9;23;418;362;-;11;6;11
Flor do Sertão (SC);262;104;264;84;90;283;257;-;78;2;10
Florianópolis (SC);191;41;209;59;4;89;168;21;8;2;16
Formosa do Sul (SC);351;217;298;83;14;320;336;-;20;1;1
Forquilhinha (SC);411;248;412;51;5;502;423;2;35;-;163
Fraiburgo (SC);441;260;473;57;61;589;439;1;8;2;8
Frei Rogério (SC);147;123;144;37;10;345;127;1;4;-;-
Galvão (SC);262;175;253;35;16;250;208;-;7;6;7
Garopaba (SC);57;4;14;2;1;67;17;-;1;-;9
Garuva (SC);197;109;246;64;151;203;202;7;3;12;11
Gaspar (SC);379;55;218;30;13;257;235;2;10;19;8
Governador Celso Ramos (SC);37;8;10;37;-;26;12;1;3;-;3
Grão-Pará (SC);620;407;435;113;7;550;437;1;318;65;10
Gravatal (SC);718;43;170;31;10;324;148;2;37;6;3
Guabiruba (SC);23;6;12;3;4;26;22;-;3;1;3
Guaraciaba (SC);1276;872;1151;329;112;1328;1071;-;42;11;105
Guaramirim (SC);170;54;84;25;89;304;201;1;5;23;-
Guarujá do Sul (SC);418;326;415;125;27;469;410;-;64;42;10
Guatambú (SC);356;206;279;55;35;401;388;-;9;73;14
Herval d'Oeste (SC);344;195;325;16;2;417;374;-;7;1;16
Ibiam (SC);254;144;217;42;23;281;144;-;3;-;1
Ibicaré (SC);318;147;320;38;24;361;387;-;14;15;14
Ibirama (SC);239;126;187;20;10;239;152;1;85;1;9
Içara (SC);549;166;338;29;12;1100;308;7;135;2;5
Ilhota (SC);108;16;77;6;34;113;102;-;9;7;4
Imaruí (SC);394;40;42;31;4;387;96;-;30;-;10
Imbituba (SC);62;12;14;2;-;68;8;1;2;-;4
Imbuia (SC);541;317;394;12;2;658;595;-;89;3;1
Indaial (SC);231;53;124;22;13;134;156;5;11;7;2
Iomerê (SC);147;58;20;6;31;202;19;-;1;6;3
Ipira (SC);587;289;546;113;89;510;607;-;211;13;6
Iporã do Oeste (SC);917;725;885;378;176;938;921;1;301;5;25
Ipuaçu (SC);343;199;370;63;30;491;341;-;19;11;50
Ipumirim (SC);758;524;687;117;77;730;705;-;57;95;7
Iraceminha (SC);661;454;565;83;188;722;690;1;239;76;94
Irani (SC);548;438;431;137;21;517;313;-;68;7;81
Irati (SC);302;248;324;35;30;337;296;-;149;71;63
Irineópolis (SC);720;515;1091;139;29;1240;1065;5;501;166;5
Itá (SC);586;315;416;98;59;556;578;1;34;22;27
Itaiópolis (SC);963;564;848;61;64;2006;1438;6;463;303;8
Itajaí (SC);105;18;77;2;4;111;122;-;2;1;2
Itapema (SC);29;8;42;11;6;18;30;1;2;2;3
Itapiranga (SC);1214;964;1226;431;301;1354;984;3;96;184;33
Itapoá (SC);9;4;4;4;5;10;2;-;2;-;1
Ituporanga (SC);1181;853;1168;159;12;1456;1183;-;220;7;10
Jaborá (SC);415;208;259;15;57;490;249;2;9;31;20
Jacinto Machado (SC);603;319;718;59;408;850;602;-;111;6;44
Jaguaruna (SC);471;33;290;9;9;622;273;1;81;2;15
Jaraguá do Sul (SC);532;219;357;62;285;395;216;4;9;40;3
Jardinópolis (SC);228;58;146;12;8;236;224;-;4;1;1
Joaçaba (SC);421;294;390;138;101;429;388;1;31;118;72
Joinville (SC);585;242;679;154;310;876;704;53;10;35;10
José Boiteux (SC);238;20;206;12;3;382;195;1;178;4;1
Jupiá (SC);300;222;305;63;29;354;290;1;79;27;30
Lacerdópolis (SC);207;60;105;19;35;184;122;-;-;-;1
Lages (SC);588;252;243;82;7;401;342;2;27;49;6
Laguna (SC);337;26;7;4;4;69;5;-;2;1;1
Lajeado Grande (SC);158;80;128;18;25;147;160;-;71;23;4
Laurentino (SC);231;41;154;38;7;232;242;20;8;-;9
Lauro Müller (SC);441;135;248;57;54;388;148;3;66;9;39
Lebon Régis (SC);433;258;359;112;5;498;255;-;19;27;4
Leoberto Leal (SC);538;409;471;83;14;684;631;-;94;120;18
Lindóia do Sul (SC);580;346;347;52;78;595;610;-;34;209;19
Lontras (SC);372;143;214;63;23;412;282;-;50;2;3
Luiz Alves (SC);176;78;177;5;371;95;206;-;8;32;6
Luzerna (SC);250;80;170;13;21;270;112;1;2;4;7
Macieira (SC);179;126;214;35;16;243;271;-;20;1;3
Mafra (SC);546;240;300;54;5;1429;259;1;98;54;4
Major Gercino (SC);181;118;155;1;30;247;152;-;73;30;8
Major Vieira (SC);269;80;245;27;5;730;425;-;149;34;2
Maracajá (SC);110;36;118;5;4;194;83;-;18;-;1
Maravilha (SC);836;675;844;189;115;893;804;1;139;8;27
Marema (SC);323;175;244;41;3;269;264;-;8;19;12
Massaranduba (SC);215;85;151;39;320;488;358;1;14;56;12
Matos Costa (SC);67;53;90;57;7;132;72;1;9;55;20
Meleiro (SC);497;315;582;12;5;690;11;-;59;3;113
Mirim Doce (SC);276;125;222;40;3;258;218;-;4;-;3
Modelo (SC);315;212;264;55;34;342;332;-;16;2;14
Mondaí (SC);897;626;875;317;199;934;921;-;86;55;98
Monte Carlo (SC);75;49;17;8;2;145;5;-;3;1;-
Monte Castelo (SC);304;63;349;9;30;545;459;-;30;11;2
Morro da Fumaça (SC);158;55;98;1;6;177;124;2;26;2;2
Morro Grande (SC);236;170;232;20;5;295;69;-;81;-;4
Navegantes (SC);39;5;20;-;9;27;28;-;1;-;1
Nova Erechim (SC);288;157;231;70;26;260;305;-;14;8;17
Nova Itaberaba (SC);570;358;473;46;51;673;578;-;173;34;51
Nova Trento (SC);110;32;133;9;22;304;143;-;25;3;2
Nova Veneza (SC);302;123;234;22;7;361;123;2;44;1;13
Novo Horizonte (SC);462;260;443;75;38;486;432;1;46;10;120
Orleans (SC);968;336;479;55;55;947;763;10;268;27;49
Otacílio Costa (SC);206;58;107;27;-;207;56;-;6;2;-
Ouro (SC);588;293;508;77;36;513;528;-;23;52;18
Ouro Verde (SC);209;137;206;4;9;325;247;-;5;-;4
Paial (SC);309;227;306;91;34;300;299;1;17;1;2
Painel (SC);305;171;167;33;14;192;192;1;19;216;1
Palhoça (SC);109;23;56;190;7;43;66;1;2;1;1
Palma Sola (SC);598;493;591;78;82;673;646;2;23;16;39
Palmeira (SC);79;6;24;4;-;220;29;-;3;2;-
Palmitos (SC);1610;1102;1409;341;252;1841;1460;3;425;71;94
Papanduva (SC);595;233;474;41;19;1149;790;-;215;68;3
Paraíso (SC);621;510;632;93;185;704;638;-;14;-;14
Passo de Torres (SC);56;19;40;1;2;67;35;-;22;1;1
Passos Maia (SC);432;236;477;178;17;525;497;1;12;226;13
Paulo Lopes (SC);159;29;79;11;14;108;61;3;9;1;7
Pedras Grandes (SC);279;81;145;12;54;364;54;1;64;6;5
Penha (SC);17;4;8;36;-;11;19;-;3;-;-
Peritiba (SC);342;224;332;101;117;371;364;1;3;224;36
Petrolândia (SC);727;326;530;128;11;745;565;-;99;30;6
Balneário Piçarras (SC);26;9;23;2;32;20;17;2;4;1;1
Pinhalzinho (SC);607;457;579;188;65;660;631;1;103;132;65
Pinheiro Preto (SC);74;31;12;1;97;156;13;-;1;-;3
Piratuba (SC);453;308;459;63;86;520;527;2;99;53;17
Planalto Alegre (SC);346;253;318;95;23;369;352;-;95;5;68
Pomerode (SC);464;240;284;67;49;418;175;2;22;5;2
Ponte Alta (SC);277;64;226;29;1;218;233;-;4;19;19
Ponte Alta do Norte (SC);48;22;10;18;1;53;27;-;11;2;1
Ponte Serrada (SC);253;196;234;91;10;284;160;-;15;110;11
Porto Belo (SC);71;15;61;4;8;13;10;2;5;-;-
Porto União (SC);622;240;567;157;40;754;630;1;102;115;14
Pouso Redondo (SC);898;400;634;85;10;898;715;2;35;16;8
Praia Grande (SC);265;118;297;3;139;387;228;-;40;6;7
Presidente Castello Branco (SC);238;164;205;101;47;265;272;-;5;14;18
Presidente Getúlio (SC);674;238;478;53;8;579;493;3;166;4;7
Presidente Nereu (SC);302;204;297;73;12;338;199;-;209;-;8
Princesa (SC);425;275;421;80;13;452;394;-;10;3;6
Quilombo (SC);1050;560;818;254;104;1096;1137;-;199;320;278
Rancho Queimado (SC);304;95;112;79;9;248;382;2;5;-;3
Rio das Antas (SC);357;179;284;42;58;438;113;1;8;7;11
Rio do Campo (SC);621;313;512;20;1;617;377;-;84;3;3
Rio do Oeste (SC);685;316;562;129;10;692;397;39;106;2;28
Rio dos Cedros (SC);392;138;270;59;80;380;285;2;44;33;12
Rio do Sul (SC);440;283;382;67;45;477;356;2;41;4;31
Rio Fortuna (SC);590;134;169;69;12;526;271;1;194;-;8
Rio Negrinho (SC);294;237;311;70;3;429;276;12;91;64;2
Rio Rufino (SC);196;108;205;18;42;231;57;-;47;10;2
Riqueza (SC);708;522;717;79;73;777;686;-;15;-;21
Rodeio (SC);190;82;93;26;34;184;62;2;12;4;4
Romelândia (SC);905;702;916;198;115;931;879;-;191;225;40
Salete (SC);459;303;338;78;2;388;346;-;91;2;1
Saltinho (SC);586;499;596;134;63;597;586;-;143;91;46
Salto Veloso (SC);133;69;15;4;21;182;15;-;-;-;2
Sangão (SC);109;21;50;5;-;290;34;-;6;1;15
Santa Cecília (SC);131;85;141;52;1;133;137;1;14;-;1
Santa Helena (SC);348;202;345;36;18;354;201;-;10;3;12
Santa Rosa de Lima (SC);357;236;320;121;30;346;329;1;208;18;10
Santa Rosa do Sul (SC);402;100;330;16;207;526;271;2;41;3;5
Santa Terezinha (SC);1057;626;1389;124;19;1811;1518;-;451;279;10
Santa Terezinha do Progresso (SC);567;526;618;141;196;628;585;-;53;6;1
Santiago do Sul (SC);174;50;89;5;1;169;45;-;1;-;1
Santo Amaro da Imperatriz (SC);194;34;76;5;16;163;217;1;2;3;15
São Bernardino (SC);451;354;441;130;48;486;343;-;91;148;82
São Bento do Sul (SC);98;53;61;10;14;129;64;4;23;10;3
São Bonifácio (SC);499;249;294;167;17;398;420;-;76;9;10
São Carlos (SC);846;586;792;158;86;870;809;2;34;2;7
São Cristóvão do Sul (SC);75;13;62;13;1;63;27;-;5;32;7
São Domingos (SC);685;466;589;38;18;811;612;1;154;5;25
São Francisco do Sul (SC);56;18;50;18;13;21;24;1;5;1;3
São João do Oeste (SC);786;277;375;51;49;628;778;2;39;2;5
São João Batista (SC);266;53;93;2;9;205;58;-;35;-;11
São João do Itaperiú (SC);224;80;267;4;175;171;128;-;7;6;10
São João do Sul (SC);563;243;602;40;40;1088;712;6;86;2;12
São Joaquim (SC);609;120;181;94;888;484;730;-;76;112;4
São José (SC);182;67;142;35;15;95;129;-;5;-;8
São José do Cedro (SC);1255;723;934;158;69;1329;1127;-;49;71;50
São José do Cerrito (SC);1095;531;1212;213;11;1582;798;1;270;248;21
São Lourenço do Oeste (SC);1108;427;742;182;52;1179;949;2;86;30;36
São Ludgero (SC);297;89;186;53;3;240;141;-;57;3;4
São Martinho (SC);436;91;138;20;9;387;412;-;33;-;8
São Miguel da Boa Vista (SC);377;284;377;55;75;400;328;-;48;3;4
São Miguel do Oeste (SC);869;510;755;225;104;936;959;-;97;243;35
São Pedro de Alcântara (SC);268;92;228;7;14;206;191;2;10;9;6
Saudades (SC);1014;450;813;99;28;1044;886;-;28;13;3
Schroeder (SC);87;61;94;25;131;96;42;3;4;26;3
Seara (SC);1088;699;872;217;115;1023;1025;2;67;76;30
Serra Alta (SC);365;262;363;77;55;448;311;-;26;9;23
Siderópolis (SC);185;49;141;2;70;133;118;-;12;-;4
Sombrio (SC);344;153;352;8;72;538;389;1;61;2;8
Sul Brasil (SC);457;402;470;125;66;526;476;-;25;3;10
Taió (SC);977;345;751;103;7;939;586;1;131;33;16
Tangará (SC);439;243;332;53;227;639;406;-;8;-;9
Tigrinhos (SC);355;248;333;46;20;399;362;-;7;7;2
Tijucas (SC);69;14;15;1;23;55;12;-;12;-;1
Timbé do Sul (SC);344;256;377;2;24;436;435;-;80;7;11
Timbó (SC);313;127;186;60;23;213;153;9;12;19;4
Timbó Grande (SC);204;78;191;59;3;355;191;3;6;19;2
Três Barras (SC);169;80;145;19;32;213;173;3;33;81;4
Treviso (SC);119;86;134;4;21;101;140;1;24;-;23
Treze de Maio (SC);237;100;154;4;10;365;268;-;135;2;4
Treze Tílias (SC);198;99;46;9;3;205;124;-;6;3;3
Trombudo Central (SC);195;73;120;33;10;221;66;-;4;-;1
Tubarão (SC);372;25;61;5;11;430;79;2;18;-;2
Tunápolis (SC);624;432;563;214;145;646;611;9;82;24;22
Turvo (SC);424;142;371;8;19;554;172;5;82;3;42
União do Oeste (SC);424;273;369;94;14;480;405;-;44;2;1
Urubici (SC);514;86;139;24;89;321;300;-;141;110;2
Urupema (SC);220;57;51;15;96;187;179;-;4;100;-
Urussanga (SC);588;376;507;42;83;636;752;2;104;7;56
Vargeão (SC);242;113;88;46;42;259;84;1;13;14;6
Vargem (SC);300;180;284;20;1;472;363;-;45;8;-
Vargem Bonita (SC);91;10;24;-;1;31;137;-;2;3;1
Vidal Ramos (SC);676;654;688;135;8;792;429;-;404;34;51
Videira (SC);604;380;565;116;267;667;448;-;27;37;28
Vitor Meireles (SC);610;485;644;116;19;759;649;-;319;107;10
Witmarsum (SC);503;384;442;7;4;501;431;2;240;34;13
Xanxerê (SC);448;148;260;36;26;474;329;-;43;20;38
Xavantina (SC);647;481;572;174;77;605;668;-;10;3;7
Xaxim (SC);912;402;434;78;110;946;896;-;71;92;15
Zortéa (SC);103;67;122;10;1;106;136;-;-;5;3
Aceguá (RS);620;260;428;52;2;186;216;-;2;1;2
Água Santa (RS);459;328;433;50;27;691;445;1;22;16;14
Agudo (RS);1406;1674;2058;236;71;2488;1937;9;854;107;29
Ajuricaba (RS);683;405;656;318;58;968;765;1;150;146;54
Alecrim (RS);1376;1032;1335;455;46;1549;1288;2;319;278;45
Alegrete (RS);1939;1489;1443;97;93;945;1376;-;256;41;46
Alegria (RS);815;677;842;280;18;1132;728;1;128;94;13
Almirante Tamandaré do Sul (RS);275;183;214;100;10;409;217;-;36;31;8
Alpestre (RS);1485;1332;1632;341;358;1680;1494;1;240;154;85
Alto Alegre (RS);262;194;251;74;54;421;276;-;28;6;41
Alto Feliz (RS);277;270;339;73;176;458;425;1;84;29;36
Alvorada (RS);13;13;13;1;-;4;9;1;1;-;-
Amaral Ferrador (RS);425;333;680;36;8;983;711;1;295;1;1
Ametista do Sul (RS);545;390;788;82;54;934;871;-;165;161;28
André da Rocha (RS);95;28;21;16;2;101;126;-;4;-;-
Anta Gorda (RS);782;425;638;137;317;903;720;3;132;24;97
Antônio Prado (RS);681;383;574;157;656;657;751;3;294;9;34
Arambaré (RS);35;22;-;-;-;96;-;-;2;-;1
Araricá (RS);28;13;32;1;1;41;32;-;5;8;3
Aratiba (RS);916;552;876;365;296;956;908;-;78;117;80
Arroio do Meio (RS);911;614;716;148;26;958;888;4;182;202;21
Arroio do Sal (RS);57;16;46;7;-;49;22;-;5;-;2
Arroio do Padre (RS);410;204;440;137;50;485;273;-;255;1;1
Arroio dos Ratos (RS);102;70;89;7;3;87;92;1;7;-;-
Arroio do Tigre (RS);1401;1411;1695;311;60;1885;1621;1;521;74;124
Arroio Grande (RS);530;360;432;59;13;336;232;1;20;50;32
Arvorezinha (RS);638;410;729;99;463;1008;865;7;343;142;79
Augusto Pestana (RS);885;653;835;333;87;1127;885;2;252;193;59
Áurea (RS);507;477;554;321;413;800;595;-;136;225;52
Bagé (RS);917;646;583;62;34;229;390;3;27;8;2
Balneário Pinhal (RS);7;4;-;18;-;1;-;-;2;-;-
Barão (RS);377;151;258;43;16;297;396;1;148;3;6
Barão de Cotegipe (RS);723;491;682;218;230;935;737;2;86;86;5
Barão do Triunfo (RS);541;707;1225;137;21;1465;1169;-;391;3;6
Barracão (RS);670;304;505;88;71;722;643;-;144;44;18
Barra do Guarita (RS);325;248;322;120;33;362;319;-;50;37;4
Barra do Quaraí (RS);63;61;15;3;1;48;18;-;4;-;1
Barra do Ribeiro (RS);86;27;37;11;4;98;82;1;3;-;3
Barra do Rio Azul (RS);427;229;331;46;88;436;425;1;50;272;112
Barra Funda (RS);200;165;200;94;86;245;214;1;6;130;7
Barros Cassal (RS);1246;1290;1748;353;7;1885;1588;-;521;33;11
Benjamin Constant do Sul (RS);278;245;446;1;11;496;428;-;176;3;15
Bento Gonçalves (RS);591;551;778;145;1521;605;1018;8;152;47;88
Boa Vista das Missões (RS);174;115;201;42;18;299;139;1;4;17;13
Boa Vista do Buricá (RS);619;228;614;57;11;724;637;-;87;59;4
Boa Vista do Cadeado (RS);344;269;387;101;16;491;352;1;29;5;5
Boa Vista do Incra (RS);324;297;359;108;8;560;385;-;110;22;62
Boa Vista do Sul (RS);425;386;430;21;149;489;440;-;102;1;12
Bom Jesus (RS);665;252;297;116;78;385;465;1;39;221;43
Bom Princípio (RS);399;284;455;86;183;503;572;9;42;1;5
Bom Progresso (RS);268;217;297;62;7;406;284;-;3;2;2
Bom Retiro do Sul (RS);252;52;94;34;3;353;165;-;16;-;2
Boqueirão do Leão (RS);820;777;1071;192;32;1400;1089;-;411;110;39
Bossoroca (RS);856;696;897;134;13;799;761;3;16;92;7
Bozano (RS);320;278;328;159;38;442;337;1;41;-;51
Braga (RS);377;312;438;84;29;642;389;-;53;97;29
Brochier (RS);473;416;494;102;133;629;577;2;365;5;11
Butiá (RS);188;177;214;56;17;223;136;-;67;38;3
Caçapava do Sul (RS);2003;1373;1777;329;60;1711;1881;3;432;430;9
Cacequi (RS);340;207;134;21;16;261;117;-;14;3;44
Cachoeira do Sul (RS);1899;1283;1724;282;102;2328;1749;15;374;77;20
Cachoeirinha (RS);13;5;6;1;1;1;6;-;-;-;-
Cacique Doble (RS);557;418;613;131;126;852;692;3;88;89;58
Caibaté (RS);517;381;506;153;22;727;478;-;11;4;14
Caiçara (RS);847;737;889;164;112;937;954;-;180;117;110
Camaquã (RS);1416;1093;2111;145;33;2515;1838;3;730;7;216
Camargo (RS);317;210;291;140;42;441;372;1;163;68;82
Cambará do Sul (RS);221;82;80;93;1;91;84;1;11;21;7
Campestre da Serra (RS);270;147;267;19;393;338;430;4;21;-;23
Campina das Missões (RS);1080;884;1062;453;31;1273;1107;3;483;331;198
Campinas do Sul (RS);330;200;261;19;9;460;280;-;7;6;3
Campo Bom (RS);23;9;9;2;4;10;9;3;1;-;-
Campo Novo (RS);227;181;262;54;18;304;211;-;58;23;9
Campos Borges (RS);337;271;338;94;12;536;335;-;26;3;10
Candelária (RS);2265;2304;2905;354;43;3616;2631;5;903;121;17
Cândido Godói (RS);1216;912;1165;514;26;1691;1243;2;250;556;29
Candiota (RS);298;96;157;80;2;78;88;-;2;-;-
Canela (RS);127;60;121;7;22;181;203;2;12;8;6
Canguçu (RS);6472;4620;7553;1594;861;8226;5753;9;2068;390;45
Canoas (RS);5;5;2;-;4;6;36;1;-;-;-
Canudos do Vale (RS);408;363;389;151;50;445;417;-;114;-;28
Capão Bonito do Sul (RS);200;185;208;33;3;320;20;-;38;-;56
Capão da Canoa (RS);10;7;7;5;-;6;11;-;-;-;-
Capão do Cipó (RS);521;414;510;42;3;558;519;-;14;-;2
Capão do Leão (RS);164;72;80;15;3;145;40;-;5;1;1
Capivari do Sul (RS);32;26;3;1;-;25;-;-;1;-;-
Capela de Santana (RS);123;33;151;48;20;191;168;26;18;-;1
Capitão (RS);279;210;108;26;6;275;281;-;46;12;37
Carazinho (RS);194;131;123;22;-;278;115;2;15;7;27
Caraá (RS);704;286;794;97;47;1421;979;1;44;46;11
Carlos Barbosa (RS);622;354;587;105;310;840;794;5;58;11;78
Carlos Gomes (RS);347;284;348;78;56;367;305;-;35;61;24
Casca (RS);799;438;598;109;120;898;705;-;77;122;93
Caseiros (RS);400;223;370;52;31;392;359;-;29;72;28
Catuípe (RS);880;652;898;242;43;1135;861;5;323;308;92
Caxias do Sul (RS);1158;715;1262;277;1589;1253;2128;6;221;221;115
Centenário (RS);511;443;543;228;190;688;541;-;315;197;35
Cerrito (RS);688;250;541;99;34;624;334;-;59;-;16
Cerro Branco (RS);474;537;681;114;12;849;703;1;215;4;14
Cerro Grande (RS);392;374;417;128;26;440;279;-;26;122;29
Cerro Grande do Sul (RS);362;278;962;27;3;1305;1022;-;37;5;4
Cerro Largo (RS);775;530;742;371;39;976;787;2;190;484;50
Chapada (RS);1026;805;1016;364;140;1544;1058;2;137;202;57
Charqueadas (RS);49;24;38;13;2;39;36;-;5;-;2
Charrua (RS);391;230;399;57;77;564;460;-;105;114;56
Chiapetta (RS);327;231;279;91;9;584;208;-;13;-;39
Chuí (RS);27;18;2;1;-;5;9;-;1;-;-
Chuvisca (RS);711;582;909;181;19;992;803;-;484;20;764
Cidreira (RS);9;5;-;-;-;9;-;-;1;-;-
Ciríaco (RS);552;383;557;98;61;704;529;1;129;64;54
Colinas (RS);298;189;194;43;7;294;209;1;29;2;1
Colorado (RS);397;361;387;155;37;493;420;1;30;85;51
Condor (RS);491;418;497;170;33;708;489;-;113;20;10
Constantina (RS);729;609;808;158;160;979;768;1;11;-;59
Coqueiro Baixo (RS);292;160;245;7;32;310;380;-;7;-;27
Coqueiros do Sul (RS);418;300;403;152;23;583;420;-;9;59;9
Coronel Barros (RS);355;239;350;153;22;482;359;1;60;114;34
Coronel Bicaco (RS);430;283;500;37;13;796;278;-;7;11;2
Coronel Pilar (RS);244;203;213;84;309;283;358;-;58;37;120
Cotiporã (RS);421;247;376;114;445;479;494;-;109;26;184
Coxilha (RS);180;113;165;32;4;216;187;-;39;1;2
Crissiumal (RS);1979;1547;2057;418;57;2468;1862;8;287;203;31
Cristal (RS);399;288;476;92;17;529;342;-;167;1;6
Cristal do Sul (RS);466;421;500;116;35;526;481;-;156;307;106
Cruz Alta (RS);398;288;350;57;8;485;375;2;16;1;9
Cruzaltense (RS);380;195;315;74;29;624;286;1;13;4;41
Cruzeiro do Sul (RS);927;790;954;264;72;1151;1065;5;215;32;30
David Canabarro (RS);499;258;433;152;43;878;479;2;100;35;28
Derrubadas (RS);587;394;638;154;28;837;582;1;15;2;14
Dezesseis de Novembro (RS);604;423;621;153;15;664;517;2;130;24;23
Dilermando de Aguiar (RS);499;334;600;54;11;573;601;-;69;1;15
Dois Irmãos (RS);87;51;61;16;17;103;93;5;23;-;18
Dois Irmãos das Missões (RS);196;174;291;3;3;341;131;-;1;1;1
Dois Lajeados (RS);363;269;342;100;259;388;424;-;24;7;106
Dom Feliciano (RS);1343;1556;2418;249;9;2616;2304;1;1007;34;184
Dom Pedro de Alcântara (RS);249;61;142;17;395;287;212;3;7;2;22
Dom Pedrito (RS);1018;838;563;108;16;434;432;1;26;3;7
Dona Francisca (RS);300;253;353;59;16;393;371;1;58;1;1
Doutor Maurício Cardoso (RS);715;626;767;136;21;1246;787;1;161;37;72
Doutor Ricardo (RS);306;222;341;109;65;402;411;-;86;68;92
Eldorado do Sul (RS);196;138;163;35;7;259;185;3;38;18;7
Encantado (RS);461;382;451;179;54;553;570;3;121;7;120
Encruzilhada do Sul (RS);1508;1468;1869;352;73;1766;1327;3;141;138;25
Engenho Velho (RS);109;98;114;34;25;217;113;-;1;17;10
Entre-Ijuís (RS);1032;672;1034;376;40;1365;1021;1;218;58;49
Entre Rios do Sul (RS);224;209;250;40;18;391;239;1;7;75;19
Erebango (RS);168;115;171;78;52;252;165;-;64;7;20
Erechim (RS);710;507;681;178;323;955;792;6;182;203;95
Ernestina (RS);295;202;238;18;1;353;265;-;1;-;6
Herval (RS);672;674;533;102;3;385;161;-;12;2;1
Erval Grande (RS);617;385;536;139;80;687;565;1;33;31;120
Erval Seco (RS);1008;923;1297;231;94;1410;1048;1;147;143;34
Esmeralda (RS);297;134;162;52;3;306;139;-;54;95;75
Esperança do Sul (RS);680;613;750;217;11;804;671;1;41;3;7
Espumoso (RS);794;578;923;47;15;1125;984;1;225;3;2
Estação (RS);180;119;175;30;37;270;208;-;82;51;36
Estância Velha (RS);45;19;34;11;10;45;42;3;13;-;1
Esteio (RS);-;-;-;-;-;2;-;-;-;-;-
Estrela (RS);791;565;673;177;37;860;722;4;88;11;34
Estrela Velha (RS);490;501;598;121;48;776;645;4;197;178;26
Eugênio de Castro (RS);377;223;281;141;5;628;272;-;36;27;8
Fagundes Varela (RS);315;211;283;136;195;335;280;-;122;-;109
Farroupilha (RS);534;175;224;55;1041;429;229;29;121;15;18
Faxinal do Soturno (RS);423;366;447;110;36;477;493;1;147;14;35
Faxinalzinho (RS);188;44;100;11;14;288;72;-;4;18;5
Fazenda Vilanova (RS);145;64;87;11;11;213;121;-;26;-;1
Feliz (RS);411;257;370;93;131;464;553;3;45;33;8
Flores da Cunha (RS);407;277;644;92;1126;659;946;3;207;191;111
Floriano Peixoto (RS);455;401;504;168;150;587;498;-;22;321;164
Fontoura Xavier (RS);1118;1120;1575;311;200;1809;1584;-;355;422;96
Formigueiro (RS);696;416;752;98;16;975;832;-;118;60;21
Forquetinha (RS);525;415;492;145;33;588;533;-;97;45;13
Fortaleza dos Valos (RS);352;323;342;98;25;569;372;1;47;88;25
Frederico Westphalen (RS);1163;917;1227;338;286;1290;1289;5;362;395;241
Garibaldi (RS);422;280;326;85;660;384;720;5;94;94;87
Garruchos (RS);429;259;395;65;4;392;298;-;3;1;9
Gaurama (RS);617;457;542;212;205;720;637;1;108;225;42
General Câmara (RS);531;370;617;74;10;761;483;-;76;2;3
Gentil (RS);221;193;216;59;12;245;9;-;22;46;66
Getúlio Vargas (RS);534;431;588;157;101;829;568;1;113;125;31
Giruá (RS);954;608;913;254;20;1286;782;3;56;5;23
Glorinha (RS);596;241;529;119;21;532;429;1;39;47;4
Gramado (RS);264;206;304;82;164;388;401;3;72;5;64
Gramado dos Loureiros (RS);295;201;277;22;15;426;196;-;178;5;2
Gramado Xavier (RS);452;450;690;85;12;752;407;-;187;59;10
Gravataí (RS);424;198;381;84;7;384;360;8;9;-;5
Guabiju (RS);258;131;229;64;65;289;252;-;50;55;40
Guaíba (RS);184;121;137;31;8;213;211;1;10;2;4
Guaporé (RS);541;291;269;72;203;602;407;2;107;72;66
Guarani das Missões (RS);808;733;867;303;34;1053;847;-;52;6;18
Harmonia (RS);185;160;129;40;296;199;230;6;17;1;2
Herveiras (RS);171;268;379;13;-;441;235;-;109;6;1
Horizontina (RS);786;611;797;244;35;1166;831;2;67;1;27
Hulha Negra (RS);815;329;686;135;7;588;481;27;42;3;14
Humaitá (RS);567;490;563;250;11;667;548;-;39;94;9
Ibarama (RS);512;546;811;120;60;884;805;-;365;113;25
Ibiaçá (RS);470;298;475;46;40;677;488;-;145;83;77
Ibiraiaras (RS);693;442;685;91;97;833;805;1;97;14;79
Ibirapuitã (RS);380;274;362;120;26;591;306;1;96;14;26
Ibirubá (RS);985;742;961;192;59;1455;986;1;142;20;29
Igrejinha (RS);203;138;179;60;40;264;244;-;33;15;14
Ijuí (RS);1510;1163;1557;605;215;1840;1628;29;300;282;154
Ilópolis (RS);405;331;396;117;497;560;485;4;141;146;145
Imbé (RS);7;4;7;1;-;1;4;-;-;-;-
Imigrante (RS);411;380;418;191;114;460;428;1;117;109;78
Independência (RS);751;658;782;170;19;1265;771;-;46;6;13
Inhacorá (RS);246;229;255;67;4;366;216;-;66;125;39
Ipê (RS);637;379;533;160;343;609;664;2;113;3;75
Ipiranga do Sul (RS);278;196;248;28;18;498;334;-;7;7;37
Iraí (RS);694;491;751;204;134;797;743;2;126;240;93
Itaara (RS);74;65;65;37;19;101;75;3;9;1;5
Itacurubi (RS);476;306;444;91;11;293;392;1;27;10;10
Itapuca (RS);215;138;276;4;143;484;228;-;84;6;58
Itaqui (RS);413;290;286;45;20;291;217;-;16;-;2
Itati (RS);214;111;324;26;96;415;408;13;1;22;3
Itatiba do Sul (RS);685;463;682;153;172;801;705;-;69;91;18
Ivorá (RS);353;284;356;75;58;478;397;1;118;2;16
Ivoti (RS);107;73;87;32;25;138;153;13;54;1;9
Jaboticaba (RS);574;517;666;106;15;787;423;12;43;103;22
Jacuizinho (RS);299;351;487;122;5;533;440;-;22;4;6
Jacutinga (RS);319;238;301;94;48;471;308;-;142;140;19
Jaguarão (RS);484;337;201;23;3;133;129;-;14;2;1
Jaguari (RS);1021;621;1120;205;102;1288;932;-;152;2;145
Jaquirana (RS);337;82;89;103;11;333;290;-;53;34;45
Jari (RS);673;667;761;70;1;929;457;-;48;10;8
Jóia (RS);1208;843;1206;236;35;1551;1193;-;178;484;120
Júlio de Castilhos (RS);718;479;564;126;19;827;675;6;49;6;31
Lagoa Bonita do Sul (RS);291;345;498;71;3;560;470;-;228;4;99
Lagoão (RS);799;771;1105;292;5;1176;1014;-;342;506;5
Lagoa dos Três Cantos (RS);204;154;193;72;11;345;198;2;7;57;9
Lagoa Vermelha (RS);933;557;866;143;49;1073;489;-;79;44;14
Lajeado (RS);495;415;473;111;42;565;555;5;28;-;10
Lajeado do Bugre (RS);327;213;561;10;-;599;498;-;1;-;1
Lavras do Sul (RS);540;517;404;58;7;193;208;-;2;1;4
Liberato Salzano (RS);956;982;1074;151;319;1239;987;-;188;23;220
Lindolfo Collor (RS);77;61;51;16;60;85;111;-;16;-;2
Linha Nova (RS);178;156;195;113;36;203;174;1;88;2;4
Machadinho (RS);623;366;555;82;144;717;576;1;212;105;19
Maçambará (RS);144;106;62;7;4;88;60;-;1;-;-
Mampituba (RS);229;155;202;8;424;369;180;-;15;-;5
Manoel Viana (RS);371;260;284;63;11;282;172;-;14;19;9
Maquiné (RS);290;183;354;13;123;541;399;-;6;23;11
Maratá (RS);288;197;325;119;308;450;270;4;209;13;5
Marau (RS);1002;531;919;43;20;1130;837;1;121;6;16
Marcelino Ramos (RS);521;295;357;96;215;613;516;1;30;132;50
Mariana Pimentel (RS);183;111;460;44;12;571;385;-;31;1;7
Mariano Moro (RS);336;198;286;76;123;350;315;-;59;228;77
Marques de Souza (RS);567;426;462;164;43;598;597;1;72;2;19
Mata (RS);523;447;680;68;20;719;670;-;88;73;17
Mato Castelhano (RS);277;167;253;10;15;366;266;1;29;20;36
Mato Leitão (RS);310;230;322;83;70;374;335;-;35;66;18
Mato Queimado (RS);362;263;334;66;11;468;357;-;2;-;296
Maximiliano de Almeida (RS);548;301;481;77;132;665;471;3;49;257;171
Minas do Leão (RS);13;5;8;1;1;19;6;1;1;-;-
Miraguaí (RS);681;548;705;184;60;733;625;-;163;202;32
Montauri (RS);235;69;121;41;10;302;142;-;1;20;28
Monte Alegre dos Campos (RS);380;184;161;82;312;389;208;-;6;172;6
Monte Belo do Sul (RS);247;320;375;7;522;226;387;1;289;1;110
Montenegro (RS);496;320;511;107;444;558;363;16;252;5;7
Mormaço (RS);336;213;409;130;26;454;331;2;122;11;14
Morrinhos do Sul (RS);452;110;267;26;537;439;411;7;25;4;10
Morro Redondo (RS);555;219;515;135;110;595;297;1;28;1;11
Morro Reuter (RS);144;101;150;44;23;209;244;5;159;4;3
Mostardas (RS);602;435;518;14;15;574;487;2;39;12;4
Muçum (RS);197;135;207;62;62;249;231;-;14;6;61
Muitos Capões (RS);272;165;181;46;17;143;112;-;104;62;24
Muliterno (RS);222;173;263;5;10;301;27;-;5;1;1
Não-Me-Toque (RS);413;298;418;83;29;641;482;1;12;7;8
Nicolau Vergueiro (RS);214;145;196;51;-;189;216;-;9;-;8
Nonoai (RS);343;343;414;85;56;594;322;2;10;85;3
Nova Alvorada (RS);380;302;418;142;40;546;393;1;79;104;59
Nova Araçá (RS);203;48;102;44;24;273;42;1;16;4;7
Nova Bassano (RS);611;400;548;183;183;687;665;2;238;422;207
Nova Boa Vista (RS);352;275;364;132;47;463;387;1;6;9;13
Nova Bréscia (RS);368;298;396;111;157;423;431;1;60;66;110
Nova Candelária (RS);590;441;580;117;22;621;588;-;85;4;2
Nova Esperança do Sul (RS);291;213;268;59;60;320;297;-;44;2;56
Nova Hartz (RS);68;62;81;12;24;90;32;-;14;-;1
Nova Pádua (RS);104;19;83;-;371;162;101;-;5;-;2
Nova Palma (RS);595;568;703;132;108;755;743;-;63;393;36
Nova Petrópolis (RS);532;155;138;119;152;688;632;10;112;17;8
Nova Prata (RS);603;393;638;166;125;665;503;4;165;56;188
Nova Ramada (RS);435;317;523;152;19;697;541;-;65;206;18
Nova Roma do Sul (RS);230;46;122;12;280;203;225;1;2;1;3
Nova Santa Rita (RS);238;126;200;56;22;253;242;1;42;2;19
Novo Cabrais (RS);380;393;356;65;8;754;433;1;102;7;8
Novo Hamburgo (RS);205;98;157;35;48;251;184;7;27;4;5
Novo Machado (RS);679;557;661;59;23;1142;682;-;26;70;4
Novo Tiradentes (RS);399;402;457;38;42;541;249;-;117;183;73
Novo Xingu (RS);330;293;343;101;91;468;315;-;15;12;96
Novo Barreiro (RS);563;489;619;91;53;850;579;-;39;112;12
Osório (RS);351;164;259;84;51;338;309;10;13;1;3
Paim Filho (RS);591;457;564;189;136;673;524;-;188;143;245
Palmares do Sul (RS);136;58;9;2;-;283;10;-;3;-;1
Palmeira das Missões (RS);1002;912;1113;265;76;1478;1013;2;66;352;112
Palmitinho (RS);946;834;1034;217;173;1067;1036;1;206;170;334
Panambi (RS);770;602;805;261;35;949;880;2;44;25;17
Pantano Grande (RS);152;116;106;20;7;115;90;-;13;-;3
Paraí (RS);418;216;391;78;74;470;467;2;59;12;50
Paraíso do Sul (RS);683;657;944;104;11;1114;948;-;343;35;19
Pareci Novo (RS);145;89;151;15;332;152;83;89;28;-;3
Parobé (RS);65;24;27;12;2;18;34;-;2;-;-
Passa Sete (RS);802;760;1054;257;18;1135;1019;-;476;337;28
Passo do Sobrado (RS);847;617;966;152;23;1143;1004;3;270;4;5
Passo Fundo (RS);559;257;346;113;39;658;581;8;25;14;19
Paulo Bento (RS);327;242;305;34;47;411;378;-;59;10;8
Paverama (RS);717;530;710;155;31;747;389;-;341;-;13
Pedras Altas (RS);358;230;98;9;1;123;44;-;4;12;11
Pedro Osório (RS);140;83;76;6;1;63;55;-;8;-;1
Pejuçara (RS);262;188;221;62;34;571;257;-;57;39;32
Pelotas (RS);2329;1164;2490;396;678;2809;2424;19;956;158;25
Picada Café (RS);129;53;57;12;14;77;65;2;20;2;1
Pinhal (RS);299;291;326;106;39;345;304;-;4;51;108
Pinhal da Serra (RS);279;172;348;36;6;221;58;1;3;20;18
Pinhal Grande (RS);549;533;679;82;96;797;653;-;101;57;54
Pinheirinho do Vale (RS);667;515;669;27;70;806;724;-;57;94;11
Pinheiro Machado (RS);832;856;264;114;7;505;297;3;5;5;3
Pirapó (RS);626;493;659;194;25;720;628;3;184;228;74
Piratini (RS);1862;1707;1651;408;48;1659;1019;1;155;46;5
Planalto (RS);914;779;1009;68;405;1186;955;-;89;5;73
Poço das Antas (RS);251;181;140;31;19;208;176;4;96;15;40
Pontão (RS);411;330;417;64;17;485;421;-;3;1;6
Ponte Preta (RS);328;216;330;26;50;484;357;1;35;10;47
Portão (RS);193;63;190;40;74;170;189;10;32;-;-
Porto Alegre (RS);133;77;75;32;63;129;162;33;4;8;6
Porto Lucena (RS);1041;770;996;232;26;1161;1004;-;114;669;79
Porto Mauá (RS);397;327;371;103;19;495;358;1;102;2;51
Porto Vera Cruz (RS);460;391;448;125;26;528;446;3;62;159;3
Porto Xavier (RS);1073;811;1113;270;39;1266;1052;2;81;403;78
Pouso Novo (RS);287;147;268;78;27;322;278;2;43;2;52
Presidente Lucena (RS);165;78;89;16;49;206;191;-;41;1;3
Progresso (RS);913;854;974;277;118;1131;1053;-;377;74;198
Protásio Alves (RS);310;233;352;85;81;335;412;-;14;1;16
Putinga (RS);616;469;583;121;146;706;694;1;95;120;53
Quaraí (RS);650;529;290;22;12;113;253;-;6;-;10
Quatro Irmãos (RS);173;148;77;12;15;227;181;-;4;8;9
Quevedos (RS);387;263;438;80;2;515;329;-;7;95;4
Quinze de Novembro (RS);461;365;459;129;21;681;482;-;181;33;16
Redentora (RS);592;363;827;33;13;1070;578;-;2;1;3
Relvado (RS);318;104;188;29;46;347;349;-;15;27;88
Restinga Sêca (RS);890;600;1235;92;20;1253;1484;46;69;1;9
Rio dos Índios (RS);773;729;858;184;58;978;810;2;123;711;98
Rio Grande (RS);617;301;406;66;15;550;643;22;28;57;13
Rio Pardo (RS);1739;1094;2131;224;49;2680;2013;10;282;21;11
Riozinho (RS);199;222;291;153;71;410;387;4;34;42;13
Roca Sales (RS);703;473;650;133;153;764;812;1;108;10;107
Rodeio Bonito (RS);427;417;500;108;80;680;507;-;107;141;61
Rolador (RS);560;288;433;134;4;688;412;-;36;102;24
Rolante (RS);697;459;795;211;74;842;822;1;82;2;17
Ronda Alta (RS);668;570;706;138;129;907;742;3;162;132;141
Rondinha (RS);813;662;811;180;145;966;828;1;38;11;106
Roque Gonzales (RS);958;672;906;366;40;1196;866;-;321;468;65
Rosário do Sul (RS);1227;927;747;121;17;538;572;2;104;102;20
Sagrada Família (RS);393;270;544;5;3;583;249;-;5;2;1
Saldanha Marinho (RS);282;221;274;63;19;491;267;1;16;98;24
Salto do Jacuí (RS);252;120;256;41;11;569;428;2;18;1;2
Salvador das Missões (RS);400;274;387;191;17;541;389;1;144;57;85
Salvador do Sul (RS);343;291;352;103;67;397;327;3;224;8;49
Sananduva (RS);1242;910;1217;267;350;1465;1315;3;207;236;409
Santa Bárbara do Sul (RS);321;242;322;48;5;497;373;-;34;3;19
Santa Cecília do Sul (RS);304;239;295;40;47;410;329;-;59;20;14
Santa Clara do Sul (RS);581;490;552;58;24;643;581;7;138;22;2
Santa Cruz do Sul (RS);2340;2076;2644;400;116;3068;2836;26;1210;221;19
Santa Maria (RS);1679;972;1481;333;220;1978;1742;15;490;181;126
Santa Maria do Herval (RS);269;160;182;127;17;400;333;-;151;4;21
Santa Margarida do Sul (RS);212;167;140;19;4;104;82;-;1;-;4
Santana da Boa Vista (RS);1084;1100;1138;183;19;1214;818;-;102;141;5
Sant'Ana do Livramento (RS);2026;1594;1423;168;91;856;825;4;205;15;30
Santa Rosa (RS);1395;800;1024;316;36;1794;1283;9;65;10;40
Santa Tereza (RS);209;209;235;9;259;259;303;-;110;3;195
Santa Vitória do Palmar (RS);641;336;181;19;1;180;146;2;46;1;16
Santiago (RS);1351;1023;1132;223;122;1251;1133;1;216;73;85
Santo Ângelo (RS);1489;1121;1524;548;68;1664;1448;2;85;86;130
Santo Antônio do Palma (RS);333;275;325;156;62;365;395;1;47;24;37
Santo Antônio da Patrulha (RS);1644;695;1658;199;53;2263;1792;2;67;4;12
Santo Antônio das Missões (RS);1026;690;943;173;4;778;674;-;97;51;14
Santo Antônio do Planalto (RS);195;175;197;87;9;303;200;-;13;2;14
Santo Augusto (RS);479;409;545;187;68;802;489;10;111;253;108
Santo Cristo (RS);1762;1262;1637;443;69;2045;1739;7;227;323;17
Santo Expedito do Sul (RS);479;330;501;89;50;581;538;-;54;7;20
São Borja (RS);774;554;610;104;14;659;671;2;31;4;23
São Domingos do Sul (RS);205;110;165;63;50;251;250;-;25;10;9
São Francisco de Assis (RS);1476;964;1572;218;37;1790;1778;5;63;13;40
São Francisco de Paula (RS);942;487;554;134;77;745;699;1;92;30;145
São Gabriel (RS);1129;960;931;130;18;851;702;74;79;7;18
São Jerônimo (RS);438;293;670;33;2;893;808;1;113;1;2
São João da Urtiga (RS);717;462;666;161;108;881;765;-;273;2;286
São João do Polêsine (RS);204;119;183;54;43;228;192;1;51;32;23
São Jorge (RS);293;116;240;112;164;323;181;-;34;14;63
São José das Missões (RS);488;474;549;63;25;735;377;-;52;141;90
São José do Herval (RS);268;262;317;71;26;368;325;-;62;134;104
São José do Hortêncio (RS);118;86;77;25;108;152;113;2;21;-;1
São José do Inhacorá (RS);343;176;370;50;9;461;344;-;7;8;3
São José do Norte (RS);972;328;833;32;45;1663;1012;3;140;209;5
São José do Ouro (RS);627;427;666;101;106;768;751;2;59;8;29
São José do Sul (RS);181;107;177;31;209;197;210;1;53;-;11
São José dos Ausentes (RS);336;120;178;58;50;162;195;1;11;173;31
São Leopoldo (RS);52;31;52;29;3;50;11;1;1;-;3
São Lourenço do Sul (RS);3065;1908;3374;658;38;3825;2463;7;1340;125;108
São Luiz Gonzaga (RS);838;609;817;216;15;1025;626;2;117;71;49
São Marcos (RS);293;210;307;19;460;410;470;2;68;5;25
São Martinho (RS);632;508;649;221;23;936;632;55;257;141;34
São Martinho da Serra (RS);581;359;515;94;29;598;562;-;40;2;21
São Miguel das Missões (RS);796;658;966;271;27;936;895;-;59;6;13
São Nicolau (RS);625;416;607;128;13;718;547;-;242;221;52
São Paulo das Missões (RS);1150;883;1155;457;53;1268;1164;25;220;876;198
São Pedro da Serra (RS);162;136;160;61;27;193;91;-;78;-;7
São Pedro das Missões (RS);297;367;461;95;18;520;306;-;33;99;16
São Pedro do Butiá (RS);409;251;370;91;10;513;408;-;59;88;14
São Pedro do Sul (RS);1115;739;1306;215;45;1405;1205;4;326;49;57
São Sebastião do Caí (RS);224;53;153;21;146;224;317;37;39;1;2
São Sepé (RS);1231;870;1149;198;25;1266;1081;1;158;156;40
São Valentim (RS);497;234;391;80;111;590;521;1;18;31;71
São Valentim do Sul (RS);237;150;174;51;183;248;270;-;21;30;1
São Valério do Sul (RS);221;211;248;127;18;381;216;-;49;101;26
São Vendelino (RS);55;34;49;16;4;21;84;-;18;2;-
São Vicente do Sul (RS);673;447;651;133;26;714;657;2;143;2;11
Sapiranga (RS);71;44;68;24;21;74;83;1;107;7;9
Sapucaia do Sul (RS);15;13;29;7;7;63;62;3;2;1;2
Sarandi (RS);655;363;508;98;188;859;775;1;18;13;85
Seberi (RS);1198;1027;1330;272;106;1392;1247;18;491;100;118
Sede Nova (RS);381;317;376;118;34;494;350;-;216;4;4
Segredo (RS);764;787;1110;95;51;1184;1033;1;459;22;38
Selbach (RS);380;303;348;66;12;576;421;4;96;37;29
Senador Salgado Filho (RS);459;275;469;220;5;732;422;-;95;4;9
Sentinela do Sul (RS);283;178;391;67;22;548;458;2;65;-;20
Serafina Corrêa (RS);409;228;218;30;16;537;204;-;13;1;34
Sério (RS);446;391;452;84;25;461;333;2;208;42;46
Sertão (RS);580;285;613;13;12;929;401;2;80;25;38
Sertão Santana (RS);387;170;566;70;13;873;666;1;208;6;2
Sete de Setembro (RS);414;237;410;34;5;456;350;1;79;19;7
Severiano de Almeida (RS);591;339;524;146;244;752;634;-;105;138;50
Silveira Martins (RS);199;93;138;8;15;278;209;-;3;1;2
Sinimbu (RS);1302;1488;1720;244;28;1819;1615;1;852;248;49
Sobradinho (RS);410;372;576;126;72;657;585;3;219;13;54
Soledade (RS);982;865;1076;255;152;1179;989;1;188;318;69
Tabaí (RS);295;150;320;53;7;308;8;3;136;2;3
Tapejara (RS);507;368;517;120;88;749;572;-;83;29;63
Tapera (RS);328;265;328;123;37;517;353;3;15;15;23
Tapes (RS);76;19;56;11;1;163;81;-;2;-;2
Taquara (RS);771;480;792;232;58;992;862;3;151;140;31
Taquari (RS);584;322;736;111;12;833;495;-;125;-;2
Taquaruçu do Sul (RS);391;381;429;97;132;466;420;-;125;261;132
Tavares (RS);592;199;485;13;6;680;463;-;16;48;21
Tenente Portela (RS);1017;865;1052;240;149;1400;998;5;154;120;113
Terra de Areia (RS);175;63;222;8;101;308;188;3;2;-;2
Teutônia (RS);831;604;725;188;25;775;709;3;111;5;12
Tio Hugo (RS);270;226;287;72;57;310;258;-;64;27;44
Tiradentes do Sul (RS);1265;984;1289;224;32;1573;1229;-;78;59;20
Toropi (RS);611;576;716;197;17;785;633;-;108;416;58
Torres (RS);189;66;167;9;59;306;175;5;17;-;3
Tramandaí (RS);19;6;16;4;1;20;19;5;4;-;1
Travesseiro (RS);416;224;293;128;31;439;473;1;10;1;9
Três Arroios (RS);528;468;526;223;247;646;552;-;189;193;177
Três Cachoeiras (RS);445;119;397;30;630;491;422;7;4;3;19
Três Coroas (RS);263;219;352;155;89;433;394;-;135;16;7
Três de Maio (RS);1198;808;1169;310;40;1989;1170;4;222;562;72
Três Forquilhas (RS);143;76;112;7;200;358;230;3;3;-;3
Três Palmeiras (RS);485;442;526;76;36;616;493;1;13;9;35
Três Passos (RS);1426;1066;1432;323;65;1660;1309;2;56;13;18
Trindade do Sul (RS);573;551;659;73;35;737;525;-;98;-;23
Triunfo (RS);552;190;396;71;18;447;234;5;301;-;4
Tucunduva (RS);442;327;412;96;47;801;501;1;63;21;14
Tunas (RS);608;628;782;186;29;856;701;-;95;97;33
Tupanci do Sul (RS);288;202;277;64;20;417;274;-;153;79;6
Tupanciretã (RS);1001;659;900;197;20;1002;917;-;69;19;34
Tupandi (RS);289;254;325;39;197;277;343;-;92;1;16
Tuparendi (RS);984;646;845;177;52;1476;924;-;18;2;166
Turuçu (RS);283;131;344;28;2;382;328;3;138;21;69
Ubiretama (RS);530;453;534;266;15;696;536;-;123;301;418
União da Serra (RS);334;242;343;87;18;408;333;-;1;6;27
Unistalda (RS);307;221;254;45;4;263;72;-;9;-;6
Uruguaiana (RS);443;373;94;24;8;250;127;3;10;-;6
Vacaria (RS);491;302;326;111;194;460;341;3;27;222;18
Vale Verde (RS);299;167;379;34;4;427;314;-;83;-;2
Vale do Sol (RS);1270;1412;1652;307;52;1837;1634;3;806;117;23
Vale Real (RS);72;37;52;12;82;96;91;2;4;-;2
Vanini (RS);184;93;183;11;25;266;239;-;8;-;1
Venâncio Aires (RS);3441;2588;3513;492;456;4744;3688;10;955;128;5
Vera Cruz (RS);929;785;1131;120;13;1718;1000;3;234;27;16
Veranópolis (RS);485;329;448;218;435;474;431;5;57;6;61
Vespasiano Corrêa (RS);398;334;362;192;193;421;283;-;123;41;170
Viadutos (RS);757;461;665;119;185;868;749;1;122;163;15
Viamão (RS);1496;699;1402;308;41;1546;1300;24;91;19;105
Vicente Dutra (RS);746;695;845;62;22;992;850;-;261;475;77
Victor Graeff (RS);389;172;304;26;-;502;374;2;7;3;32
Vila Flores (RS);253;134;212;84;39;216;65;-;50;3;45
Vila Lângaro (RS);366;226;332;93;42;459;440;1;20;1;86
Vila Maria (RS);436;225;271;106;90;488;335;-;129;82;74
Vila Nova do Sul (RS);490;395;581;40;23;434;453;-;47;92;7
Vista Alegre (RS);405;352;406;104;94;476;392;-;56;291;99
Vista Alegre do Prata (RS);283;220;276;107;118;327;291;1;42;136;129
Vista Gaúcha (RS);454;374;469;77;58;553;470;-;53;200;34
Vitória das Missões (RS);657;569;745;97;7;957;374;-;72;76;14
Westfália (RS);334;200;271;43;11;321;84;-;13;-;53
Xangri-lá (RS);5;1;-;-;-;1;-;-;-;-;-
Água Clara (MS);407;56;101;2;2;70;45;1;8;8;8
Alcinópolis (MS);388;156;238;6;1;41;71;-;15;2;12
Amambai (MS);629;256;365;33;11;251;306;2;4;12;7
Anastácio (MS);683;123;391;-;11;154;60;-;3;-;11
Anaurilândia (MS);431;60;131;3;21;104;37;-;7;-;1
Angélica (MS);270;44;113;2;10;42;79;-;-;-;2
Antônio João (MS);113;36;62;-;3;50;20;-;1;-;1
Aparecida do Taboado (MS);537;171;327;2;1;59;36;-;3;1;2
Aquidauana (MS);578;173;273;9;62;183;51;-;-;1;3
Aral Moreira (MS);287;205;287;37;12;424;149;-;-;7;3
Bandeirantes (MS);338;96;183;7;13;90;64;-;-;5;11
Bataguassu (MS);555;105;299;2;14;171;255;-;2;9;6
Batayporã (MS);483;105;194;5;4;84;150;-;2;-;2
Bela Vista (MS);659;233;486;11;16;289;130;1;5;1;10
Bodoquena (MS);418;96;309;3;10;186;162;-;2;-;6
Bonito (MS);470;132;337;4;20;270;140;1;81;9;5
Brasilândia (MS);582;173;309;2;18;116;178;1;4;1;3
Caarapó (MS);391;104;233;12;16;453;75;1;-;-;4
Camapuã (MS);566;208;383;5;7;85;106;-;104;1;13
Campo Grande (MS);1008;351;446;26;32;277;264;9;14;8;63
Caracol (MS);298;146;171;1;3;120;35;-;1;2;2
Cassilândia (MS);400;96;303;4;5;82;78;-;-;-;17
Chapadão do Sul (MS);222;67;76;6;1;135;26;-;8;2;2
Corguinho (MS);326;115;337;2;2;72;60;-;3;1;2
Coronel Sapucaia (MS);157;39;42;9;2;52;14;-;-;3;3
Corumbá (MS);1093;191;547;5;25;283;290;-;6;4;13
Costa Rica (MS);549;215;386;14;14;184;211;-;15;24;24
Coxim (MS);497;201;337;4;11;194;80;-;1;20;8
Deodápolis (MS);443;119;211;15;8;120;99;-;2;-;1
Dois Irmãos do Buriti (MS);539;197;480;14;37;239;223;1;1;2;6
Douradina (MS);78;21;20;-;-;99;8;-;-;-;1
Dourados (MS);906;353;476;32;18;1052;149;5;2;-;23
Eldorado (MS);303;102;247;4;30;217;177;-;5;-;8
Fátima do Sul (MS);415;235;376;13;11;602;242;-;2;-;12
Figueirão (MS);333;57;50;7;1;8;15;-;10;2;8
Glória de Dourados (MS);597;106;265;32;26;61;88;1;6;-;-
Guia Lopes da Laguna (MS);454;151;378;7;20;317;169;-;1;-;1
Iguatemi (MS);568;149;424;15;23;251;154;-;12;2;4
Inocência (MS);493;83;191;2;-;39;61;-;1;2;3
Itaporã (MS);328;206;310;5;10;565;85;-;3;1;2
Itaquiraí (MS);1447;234;761;93;60;667;908;-;3;-;5
Ivinhema (MS);755;116;170;12;230;415;166;-;3;-;14
Japorã (MS);234;22;499;25;30;403;351;-;1;-;1
Jaraguari (MS);537;155;547;6;8;97;114;1;1;-;21
Jardim (MS);298;104;260;12;10;195;120;-;6;1;15
Jateí (MS);374;94;196;4;1;38;95;1;1;2;2
Juti (MS);177;62;66;-;1;88;23;-;-;-;4
Ladário (MS);148;40;117;1;21;87;64;-;2;-;9
Laguna Carapã (MS);151;63;74;2;1;240;49;-;-;5;6
Maracaju (MS);442;219;336;16;14;504;203;-;1;2;11
Miranda (MS);270;38;65;3;5;61;22;-;6;-;-
Mundo Novo (MS);377;146;254;47;19;270;125;3;6;6;32
Naviraí (MS);283;66;138;15;19;195;153;2;1;1;2
Nioaque (MS);1240;399;1005;19;35;696;334;2;40;88;10
Nova Alvorada do Sul (MS);486;99;311;5;6;234;296;-;2;-;2
Nova Andradina (MS);1016;166;413;9;-;105;382;2;76;2;1
Novo Horizonte do Sul (MS);548;133;184;44;10;125;142;-;9;-;2
Paranaíba (MS);1171;457;776;12;9;191;141;-;31;1;8
Paranhos (MS);232;117;196;25;14;105;162;-;-;2;7
Pedro Gomes (MS);400;120;324;10;32;206;90;-;-;-;17
Ponta Porã (MS);1919;1186;2587;94;75;2440;1652;4;50;5;31
Porto Murtinho (MS);363;64;81;-;1;25;36;-;-;1;2
Ribas do Rio Pardo (MS);815;201;199;-;7;84;81;-;16;23;17
Rio Brilhante (MS);579;175;433;15;1;507;97;-;1;-;4
Rio Negro (MS);274;19;8;3;8;10;2;-;2;1;1
Rio Verde de Mato Grosso (MS);534;209;368;4;31;178;81;-;18;2;14
Rochedo (MS);380;154;323;10;2;122;76;-;7;69;14
Santa Rita do Pardo (MS);491;92;301;6;13;139;86;2;2;-;14
São Gabriel do Oeste (MS);385;222;287;11;8;237;135;1;-;35;41
Sete Quedas (MS);172;64;128;4;7;55;73;-;1;-;3
Selvíria (MS);264;55;115;3;5;40;55;-;1;-;-
Sidrolândia (MS);1440;346;682;59;20;789;919;1;6;2;59
Sonora (MS);203;100;194;2;7;133;105;-;6;138;32
Tacuru (MS);197;30;45;4;2;86;20;-;5;7;7
Taquarussu (MS);136;30;73;5;1;54;36;-;-;-;2
Terenos (MS);846;166;576;42;38;154;755;3;7;2;9
Três Lagoas (MS);738;155;240;12;17;126;125;3;7;5;4
Vicentina (MS);358;148;288;11;16;271;132;-;17;2;8
Acorizal (MT);218;45;344;2;60;285;12;1;-;-;47
Água Boa (MT);715;454;760;14;31;268;375;-;2;18;26
Alta Floresta (MT);1362;304;1044;22;359;350;642;1;98;10;17
Alto Araguaia (MT);514;237;392;2;13;137;170;-;19;21;27
Alto Boa Vista (MT);299;94;262;2;8;65;198;-;-;189;9
Alto Garças (MT);89;11;12;1;-;57;4;-;-;-;-
Alto Paraguai (MT);306;61;317;3;101;256;79;-;7;4;6
Alto Taquari (MT);76;45;70;6;5;54;53;-;-;-;-
Apiacás (MT);400;80;153;14;24;41;16;-;-;2;1
Araguaiana (MT);205;98;168;1;4;15;124;-;7;5;2
Araguainha (MT);55;22;42;-;-;2;28;-;-;-;2
Araputanga (MT);516;118;434;2;14;24;286;1;2;-;1
Arenápolis (MT);174;101;210;-;67;117;131;-;35;-;2
Aripuanã (MT);546;157;819;6;17;154;477;-;2;7;2
Barão de Melgaço (MT);421;108;196;18;15;127;41;-;-;-;1
Barra do Bugres (MT);419;134;445;2;72;138;72;-;1;-;2
Barra do Garças (MT);468;188;391;6;5;79;78;-;14;38;18
Bom Jesus do Araguaia (MT);276;40;152;2;-;13;41;-;1;-;1
Brasnorte (MT);181;22;146;1;5;75;109;-;-;-;1
Cáceres (MT);1486;414;1441;17;164;449;398;1;15;12;23
Campinápolis (MT);470;297;459;1;24;202;86;-;3;3;15
Campo Novo do Parecis (MT);82;23;27;8;3;164;60;1;-;-;2
Campo Verde (MT);391;177;403;7;50;338;604;1;3;3;23
Campos de Júlio (MT);19;3;11;-;-;86;13;-;1;-;-
Canabrava do Norte (MT);318;32;267;3;1;17;93;-;1;-;-
Canarana (MT);423;120;313;3;14;196;242;-;3;1;-
Carlinda (MT);1076;125;379;10;210;187;632;1;34;1;7
Castanheira (MT);607;214;546;6;85;201;207;-;1;-;1
Chapada dos Guimarães (MT);665;199;752;2;59;332;303;2;9;-;24
Cláudia (MT);178;78;131;8;20;126;127;1;3;3;8
Cocalinho (MT);198;57;110;1;1;18;18;-;1;1;-
Colíder (MT);1403;253;646;8;48;143;490;-;2;2;11
Colniza (MT);1157;462;1409;1;433;921;484;-;34;3;135
Comodoro (MT);865;143;379;15;51;44;140;-;-;-;2
Confresa (MT);1103;176;792;3;20;134;428;1;3;9;2
Conquista D'Oeste (MT);211;101;175;18;16;68;85;-;1;-;2
Cotriguaçu (MT);945;464;1246;3;164;1109;1029;-;8;8;2
Cuiabá (MT);319;158;942;20;16;119;493;2;1;1;7
Curvelândia (MT);327;72;317;7;11;9;24;-;1;-;-
Denise (MT);147;12;48;-;4;18;9;-;1;-;-
Diamantino (MT);439;187;427;8;36;319;239;-;2;5;5
Dom Aquino (MT);349;127;202;6;37;165;61;-;8;2;5
Feliz Natal (MT);71;60;108;5;10;72;45;-;-;-;2
Figueirópolis D'Oeste (MT);378;98;218;2;3;34;68;-;-;-;1
Gaúcha do Norte (MT);310;91;194;11;92;80;88;9;-;-;5
General Carneiro (MT);147;33;50;1;1;39;34;-;-;-;-
Glória D'Oeste (MT);339;118;261;5;6;80;147;-;-;-;1
Guarantã do Norte (MT);1197;179;950;6;26;302;449;1;4;1;5
Guiratinga (MT);445;29;403;2;10;95;203;2;2;-;3
Indiavaí (MT);139;70;123;1;5;44;69;-;-;-;1
Ipiranga do Norte (MT);96;114;134;3;2;234;69;-;-;2;3
Itanhangá (MT);201;85;232;2;18;295;136;-;45;3;3
Itaúba (MT);105;20;70;-;1;44;52;-;-;2;1
Itiquira (MT);479;206;443;25;45;419;312;1;9;115;29
Jaciara (MT);236;93;186;-;29;138;105;-;1;-;5
Jangada (MT);297;154;442;3;39;326;47;2;7;2;61
Jauru (MT);738;152;645;4;34;185;292;-;-;-;1
Juara (MT);782;306;684;30;52;274;434;1;16;15;11
Juína (MT);1217;341;1110;50;322;349;601;-;8;12;5
Juruena (MT);491;248;681;2;59;403;107;1;314;8;-
Juscimeira (MT);465;37;154;2;11;32;9;-;1;-;7
Lambari D'Oeste (MT);197;36;136;-;8;13;78;-;-;-;1
Lucas do Rio Verde (MT);124;76;171;4;7;193;138;2;4;-;11
Luciara (MT);107;10;58;1;-;11;-;-;-;-;5
Vila Bela da Santíssima Trindade (MT);1005;307;803;4;77;217;283;-;-;1;2
Marcelândia (MT);506;255;557;10;100;445;454;3;15;27;44
Matupá (MT);788;209;1011;27;226;834;448;4;13;9;14
Mirassol d'Oeste (MT);749;171;745;2;24;255;404;1;-;-;2
Nobres (MT);250;80;233;7;28;224;90;-;6;-;3
Nortelândia (MT);232;12;152;2;4;18;72;-;4;1;-
Nossa Senhora do Livramento (MT);485;263;612;15;130;271;94;1;2;4;6
Nova Bandeirantes (MT);562;162;855;9;316;280;342;-;2;69;10
Nova Nazaré (MT);114;9;29;-;1;15;40;-;1;-;-
Nova Lacerda (MT);297;71;175;1;8;59;79;-;1;-;2
Nova Santa Helena (MT);242;78;167;1;11;58;138;-;-;-;8
Nova Brasilândia (MT);351;157;343;2;11;37;143;-;5;-;36
Nova Canaã do Norte (MT);1058;212;702;12;72;238;439;1;4;3;2
Nova Mutum (MT);261;103;151;8;13;304;306;1;2;1;9
Nova Olímpia (MT);121;59;136;2;21;45;60;-;5;-;1
Nova Ubiratã (MT);248;163;301;24;12;303;80;1;14;2;1
Nova Xavantina (MT);852;506;860;7;29;456;223;1;8;2;2
Novo Mundo (MT);562;116;438;1;9;31;285;-;-;-;-
Novo Horizonte do Norte (MT);342;79;380;6;32;47;300;-;5;-;-
Novo São Joaquim (MT);465;180;452;3;14;175;144;1;5;4;5
Paranaíta (MT);984;394;890;14;112;351;655;1;38;8;16
Paranatinga (MT);596;198;451;2;9;108;112;-;16;-;12
Novo Santo Antônio (MT);178;20;116;-;4;48;8;-;2;-;2
Pedra Preta (MT);540;141;551;5;9;275;221;-;-;1;2
Peixoto de Azevedo (MT);858;180;902;10;58;507;122;-;2;-;7
Planalto da Serra (MT);161;78;135;-;10;54;85;-;1;1;-
Poconé (MT);438;88;695;2;33;191;107;2;4;1;-
Pontal do Araguaia (MT);208;152;236;-;16;83;136;-;1;-;1
Ponte Branca (MT);118;66;95;3;1;16;59;-;3;-;6
Pontes e Lacerda (MT);933;219;650;6;69;207;442;-;5;2;1
Porto Alegre do Norte (MT);511;93;486;-;8;147;180;1;78;1;7
Porto dos Gaúchos (MT);167;76;224;6;34;115;185;-;1;2;1
Porto Esperidião (MT);609;151;418;1;11;115;255;-;-;-;2
Porto Estrela (MT);205;55;206;-;13;59;18;-;1;1;4
Poxoréu (MT);837;141;747;20;63;340;318;-;1;-;30
Primavera do Leste (MT);62;15;21;-;3;85;15;-;-;-;1
Querência (MT);278;97;218;9;11;252;142;1;5;-;10
São José dos Quatro Marcos (MT);1040;262;907;5;129;605;484;-;2;1;4
Reserva do Cabaçal (MT);196;93;198;13;7;23;94;-;6;-;1
Ribeirão Cascalheira (MT);285;22;217;2;-;42;21;-;1;-;-
Ribeirãozinho (MT);106;63;95;-;-;4;3;-;-;-;1
Rio Branco (MT);225;32;140;9;10;94;26;-;1;-;3
Santa Carmem (MT);119;48;127;2;5;126;98;-;6;2;8
Santo Afonso (MT);154;42;115;1;9;38;40;-;38;-;5
São José do Povo (MT);436;16;267;-;15;38;125;1;-;-;1
São José do Rio Claro (MT);227;155;419;4;77;187;154;2;5;-;3
São José do Xingu (MT);207;45;146;1;6;34;46;1;5;-;1
São Pedro da Cipa (MT);106;23;98;2;17;15;74;-;1;-;1
Rondolândia (MT);248;48;288;5;149;92;153;-;7;21;-
Rondonópolis (MT);1249;653;1406;33;106;843;802;4;27;14;38
Rosário Oeste (MT);664;361;873;8;115;592;175;-;2;-;27
Santa Cruz do Xingu (MT);103;7;25;2;-;3;5;-;1;-;-
Salto do Céu (MT);332;58;233;-;-;38;56;-;-;-;-
Santa Rita do Trivelato (MT);24;9;8;1;-;66;6;-;-;-;-
Santa Terezinha (MT);418;57;301;3;23;174;126;-;2;1;6
Santo Antônio do Leste (MT);35;16;22;1;-;29;12;-;-;1;1
Santo Antônio de Leverger (MT);984;283;892;13;155;355;299;2;5;30;9
São Félix do Araguaia (MT);592;132;460;3;16;181;140;-;8;102;17
Sapezal (MT);23;20;15;-;-;79;-;-;4;-;1
Serra Nova Dourada (MT);160;49;96;-;1;32;20;-;3;1;-
Sinop (MT);425;302;640;25;72;523;498;3;2;19;54
Sorriso (MT);411;485;640;38;51;619;597;6;47;8;15
Tabaporã (MT);349;125;228;2;25;90;214;-;1;3;1
Tangará da Serra (MT);728;276;567;6;203;420;334;3;5;2;15
Tapurah (MT);65;26;12;2;6;121;16;-;1;-;1
Terra Nova do Norte (MT);1341;442;1277;29;191;764;923;1;12;3;7
Tesouro (MT);214;73;166;2;7;27;39;-;-;-;-
Torixoréu (MT);202;10;17;1;1;3;39;-;-;-;-
União do Sul (MT);145;137;199;3;12;261;150;-;-;5;3
Vale de São Domingos (MT);413;120;321;1;6;33;108;-;-;1;3
Várzea Grande (MT);157;95;289;21;18;138;128;10;5;1;4
Vera (MT);143;160;228;2;8;134;181;-;1;-;3
Vila Rica (MT);1008;372;825;8;38;312;470;2;1;97;65
Nova Guarita (MT);561;125;423;2;6;30;91;-;-;-;2
Nova Marilândia (MT);122;27;117;1;2;8;73;-;-;-;1
Nova Maringá (MT);119;57;160;1;18;118;54;-;3;8;1
Nova Monte Verde (MT);751;220;526;37;188;382;431;1;6;7;10
Abadia de Goiás (GO);85;9;32;3;9;7;15;1;1;-;2
Abadiânia (GO);479;29;53;5;9;77;207;-;1;-;1
Acreúna (GO);214;6;216;6;3;123;121;-;-;2;3
Adelândia (GO);101;19;104;-;17;44;14;-;-;-;-
Água Fria de Goiás (GO);293;143;360;4;27;272;97;-;-;42;36
Água Limpa (GO);202;78;147;-;1;39;23;1;-;-;-
Águas Lindas de Goiás (GO);48;31;38;4;13;30;33;-;-;-;-
Alexânia (GO);254;42;114;10;36;107;131;2;2;3;4
Aloândia (GO);116;7;42;1;1;59;32;-;-;-;-
Alto Horizonte (GO);163;115;154;-;10;97;77;-;74;3;18
Alto Paraíso de Goiás (GO);203;22;239;4;34;156;260;-;2;-;5
Alvorada do Norte (GO);149;46;215;1;7;157;27;-;2;172;7
Amaralina (GO);446;275;495;2;7;303;104;-;80;2;3
Americano do Brasil (GO);85;3;26;-;1;28;24;-;-;-;-
Amorinópolis (GO);237;91;188;4;1;73;109;-;-;9;2
Anápolis (GO);615;360;612;12;173;419;317;4;6;1;30
Anhanguera (GO);23;12;21;-;-;15;15;-;-;-;1
Anicuns (GO);600;69;522;6;10;107;405;-;-;-;22
Aparecida de Goiânia (GO);135;55;130;2;17;61;110;1;1;6;8
Aparecida do Rio Doce (GO);110;40;92;1;-;9;41;-;-;1;1
Aporé (GO);250;98;228;2;8;93;219;1;1;5;2
Araçu (GO);121;47;91;3;13;29;6;-;-;-;5
Aragarças (GO);95;11;67;6;-;19;37;-;-;-;3
Aragoiânia (GO);244;37;106;-;7;52;73;-;-;-;11
Araguapaz (GO);329;115;223;-;2;27;28;2;77;9;6
Arenópolis (GO);337;82;218;-;6;7;4;-;2;-;-
Aruanã (GO);113;10;95;1;1;20;26;-;-;-;2
Aurilândia (GO);237;88;233;-;2;59;56;-;1;-;1
Avelinópolis (GO);140;81;151;-;4;39;-;-;-;-;1
Baliza (GO);382;146;494;1;6;154;122;-;28;34;16
Barro Alto (GO);193;92;233;2;1;100;57;-;-;1;1
Bela Vista de Goiás (GO);1147;459;926;19;51;571;660;5;5;17;40
Bom Jardim de Goiás (GO);522;136;501;6;16;68;123;-;5;18;6
Bom Jesus de Goiás (GO);190;15;18;5;8;250;61;-;-;-;-
Bonfinópolis (GO);93;50;89;4;6;64;34;-;1;-;4
Bonópolis (GO);204;78;210;5;10;70;134;-;5;142;7
Brazabrantes (GO);128;19;165;-;19;93;75;-;1;-;4
Britânia (GO);95;5;27;-;-;6;8;-;-;-;-
Buriti Alegre (GO);226;46;176;3;28;34;9;-;8;1;6
Buriti de Goiás (GO);147;38;120;1;5;66;12;-;-;-;1
Buritinópolis (GO);116;42;207;1;6;220;64;-;17;-;7
Cabeceiras (GO);184;8;159;1;20;49;16;-;2;-;11
Cachoeira Alta (GO);509;133;337;2;1;19;165;-;2;-;17
Cachoeira de Goiás (GO);81;11;34;1;-;3;11;-;-;-;-
Cachoeira Dourada (GO);126;39;70;-;1;43;36;-;-;-;4
Caçu (GO);524;179;314;7;11;84;221;-;-;1;3
Caiapônia (GO);1004;443;925;8;25;220;355;2;10;10;21
Caldas Novas (GO);362;123;341;1;7;155;88;3;-;-;4
Caldazinha (GO);312;12;293;2;3;75;94;2;82;-;16
Campestre de Goiás (GO);223;130;208;2;2;33;11;-;-;-;-
Campinaçu (GO);391;146;409;-;13;76;231;-;133;3;5
Campinorte (GO);354;154;439;4;14;136;125;-;3;107;98
Campo Alegre de Goiás (GO);228;66;189;4;21;170;167;-;1;4;23
Campo Limpo de Goiás (GO);157;65;165;13;29;88;90;3;4;-;8
Campos Belos (GO);163;61;181;1;10;121;62;-;1;-;7
Campos Verdes (GO);105;21;96;-;1;52;7;-;-;-;1
Carmo do Rio Verde (GO);427;256;393;1;69;258;108;-;-;-;8
Castelândia (GO);78;47;79;1;4;44;34;-;13;2;1
Catalão (GO);924;445;810;18;37;603;493;-;11;59;73
Caturaí (GO);231;23;257;1;29;124;72;1;-;-;1
Cavalcante (GO);484;91;761;5;23;297;117;-;36;247;6
Ceres (GO);256;151;262;2;10;202;96;-;-;-;8
Cezarina (GO);276;80;111;5;2;56;30;-;4;-;-
Chapadão do Céu (GO);36;11;20;1;-;85;13;-;2;-;1
Cidade Ocidental (GO);109;39;117;5;36;39;55;1;2;1;4
Cocalzinho de Goiás (GO);240;89;296;2;6;169;39;-;4;1;1
Colinas do Sul (GO);224;113;279;1;39;190;74;-;2;-;4
Córrego do Ouro (GO);294;61;239;4;16;80;40;-;3;-;2
Corumbá de Goiás (GO);513;318;702;6;65;441;343;-;54;4;60
Corumbaíba (GO);447;55;364;2;-;42;306;-;-;-;-
Cristalina (GO);568;279;508;5;28;451;265;-;16;4;28
Cristianópolis (GO);135;45;146;2;-;48;109;-;-;-;2
Crixás (GO);597;129;494;4;12;108;154;3;9;30;9
Cromínia (GO);242;91;217;6;3;93;78;-;1;-;13
Cumari (GO);223;97;156;8;2;86;65;-;1;44;11
Damianópolis (GO);232;121;354;1;4;266;101;-;50;1;5
Damolândia (GO);121;87;127;7;8;75;29;2;-;-;6
Davinópolis (GO);209;153;203;15;12;163;144;-;3;103;43
Diorama (GO);238;43;112;2;46;111;40;-;1;11;1
Doverlândia (GO);812;246;711;6;6;275;433;-;3;52;7
Edealina (GO);317;182;288;9;7;137;100;-;5;-;15
Edéia (GO);260;39;103;5;2;111;11;-;1;-;2
Estrela do Norte (GO);146;63;115;-;6;78;31;-;2;-;4
Faina (GO);729;161;530;4;9;85;107;-;61;4;33
Fazenda Nova (GO);599;206;409;13;15;213;150;-;6;-;17
Firminópolis (GO);439;278;416;8;26;300;64;-;1;-;28
Flores de Goiás (GO);644;274;1124;-;29;622;226;1;11;17;6
Formosa (GO);1127;472;1883;18;50;1019;1043;6;8;120;95
Formoso (GO);422;296;393;11;17;222;151;-;9;8;19
Gameleira de Goiás (GO);344;223;406;16;11;251;218;-;5;1;27
Divinópolis de Goiás (GO);214;102;203;1;2;140;59;-;3;2;9
Goianápolis (GO);100;28;85;1;24;31;44;-;-;-;-
Goiandira (GO);263;105;206;27;14;198;155;-;25;18;30
Goianésia (GO);581;168;542;7;25;281;125;-;-;4;1
Goiânia (GO);253;119;267;4;29;90;205;6;5;1;6
Goianira (GO);138;46;153;3;13;48;43;14;-;2;3
Goiás (GO);1539;888;1542;107;76;621;634;-;42;124;47
Goiatuba (GO);501;207;276;10;4;268;212;-;1;2;8
Gouvelândia (GO);83;29;85;-;-;30;37;1;-;-;1
Guapó (GO);340;37;67;8;1;38;51;-;-;-;1
Guaraíta (GO);256;172;288;1;15;170;76;-;-;-;1
Guarani de Goiás (GO);319;171;488;1;28;369;177;-;5;96;5
Guarinos (GO);291;85;301;4;4;121;96;2;92;5;2
Heitoraí (GO);257;91;230;-;21;48;6;-;-;-;1
Hidrolândia (GO);619;159;342;9;32;150;190;1;-;-;5
Hidrolina (GO);292;102;251;4;1;67;100;-;2;-;1
Iaciara (GO);244;110;472;1;2;64;88;-;-;-;-
Inaciolândia (GO);171;19;268;5;6;204;80;-;-;4;2
Indiara (GO);397;111;351;8;4;116;62;-;-;-;1
Inhumas (GO);480;183;445;4;26;212;418;2;-;1;31
Ipameri (GO);773;318;641;24;10;346;282;1;2;10;20
Ipiranga de Goiás (GO);298;163;307;-;3;158;97;-;1;-;-
Iporá (GO);755;427;776;12;35;331;228;2;1;10;3
Israelândia (GO);235;140;215;7;16;139;78;-;50;1;6
Itaberaí (GO);888;268;680;13;42;210;79;-;1;2;6
Itaguari (GO);171;73;157;4;4;65;3;-;2;1;2
Itaguaru (GO);275;41;252;2;31;25;4;-;-;-;3
Itajá (GO);211;64;121;6;1;29;42;-;2;4;8
Itapaci (GO);313;88;294;17;5;66;6;-;-;-;3
Itapirapuã (GO);492;139;310;9;3;77;72;1;-;-;6
Itapuranga (GO);1175;601;1103;22;157;792;467;-;19;23;33
Itarumã (GO);319;68;133;3;1;35;102;-;1;3;1
Itauçu (GO);283;8;40;1;1;3;85;2;1;-;-
Itumbiara (GO);676;121;685;12;19;269;87;2;2;2;10
Ivolândia (GO);346;17;39;4;2;29;5;-;1;4;-
Jandaia (GO);487;101;299;7;3;82;98;1;1;1;-
Jaraguá (GO);1327;717;1243;7;64;848;541;-;19;17;142
Jataí (GO);1023;452;811;30;41;640;558;-;2;5;24
Jaupaci (GO);147;96;130;12;11;81;20;-;1;1;4
Jesúpolis (GO);114;72;102;-;5;76;1;-;-;-;1
Joviânia (GO);153;85;119;1;1;85;36;-;-;-;1
Jussara (GO);506;74;393;1;5;37;179;-;2;2;8
Lagoa Santa (GO);71;22;51;2;1;50;37;-;-;-;14
Leopoldo de Bulhões (GO);478;270;553;12;41;334;426;-;17;4;27
Luziânia (GO);1204;424;1203;42;93;566;932;7;14;153;87
Mairipotaba (GO);239;138;218;2;9;85;119;-;-;-;2
Mambaí (GO);149;90;309;-;3;255;109;-;12;-;2
Mara Rosa (GO);533;262;608;6;53;354;107;1;22;33;16
Marzagão (GO);78;45;75;4;7;53;52;-;-;1;4
Matrinchã (GO);254;71;143;13;7;103;114;1;-;4;9
Maurilândia (GO);77;8;63;2;-;37;10;-;-;-;-
Mimoso de Goiás (GO);230;151;299;1;18;211;95;-;1;2;13
Minaçu (GO);683;396;1117;6;42;534;547;1;33;1;8
Mineiros (GO);885;234;658;17;9;246;442;-;3;9;15
Moiporá (GO);180;48;142;9;9;45;16;-;-;-;5
Monte Alegre de Goiás (GO);422;94;533;2;22;427;102;-;10;15;10
Montes Claros de Goiás (GO);522;113;473;2;4;124;124;-;3;-;2
Montividiu (GO);186;116;193;8;5;145;95;1;3;1;3
Montividiu do Norte (GO);420;222;564;1;12;103;81;1;1;-;2
Morrinhos (GO);1335;499;1080;20;31;579;634;2;237;44;43
Morro Agudo de Goiás (GO);270;118;245;5;1;121;138;-;-;-;3
Mossâmedes (GO);388;41;201;2;5;36;44;-;3;-;2
Mozarlândia (GO);219;36;207;1;-;36;10;-;-;-;4
Mundo Novo (GO);455;214;543;5;21;335;363;-;1;4;20
Mutunópolis (GO);307;114;328;2;12;195;131;-;48;-;7
Nazário (GO);153;50;127;5;3;33;62;-;-;-;2
Nerópolis (GO);178;121;215;5;49;102;111;4;6;-;19
Niquelândia (GO);1199;368;1096;4;15;500;573;-;8;6;10
Nova América (GO);140;77;167;15;1;39;1;-;-;1;-
Nova Aurora (GO);108;15;41;2;1;13;15;-;1;-;-
Nova Crixás (GO);505;149;409;4;12;44;38;2;6;5;47
Nova Glória (GO);293;116;249;4;3;41;67;-;1;1;1
Nova Iguaçu de Goiás (GO);208;141;219;-;15;148;9;-;7;47;10
Nova Roma (GO);296;128;293;2;9;179;77;-;1;1;1
Nova Veneza (GO);134;69;134;1;14;54;64;-;-;-;-
Novo Brasil (GO);381;179;319;12;3;36;84;-;-;-;1
Novo Gama (GO);59;50;85;2;14;79;70;5;2;18;9
Novo Planalto (GO);137;39;232;-;1;120;87;-;-;-;2
Orizona (GO);1190;573;971;40;14;856;796;1;11;22;36
Ouro Verde de Goiás (GO);329;239;337;1;64;145;222;5;1;1;11
Ouvidor (GO);205;102;203;-;2;134;28;-;-;-;8
Padre Bernardo (GO);522;236;776;10;77;619;399;-;11;28;22
Palestina de Goiás (GO);353;187;299;1;2;143;109;-;-;1;65
Palmeiras de Goiás (GO);1042;218;301;4;15;273;214;5;-;1;14
Palmelo (GO);52;21;38;1;2;39;33;-;-;-;-
Palminópolis (GO);305;143;260;8;23;206;70;-;-;-;8
Panamá (GO);172;102;150;2;4;57;4;-;-;-;6
Paranaiguara (GO);196;30;156;-;1;4;136;-;-;-;-
Paraúna (GO);474;185;380;4;5;207;269;-;3;-;1
Perolândia (GO);158;64;183;14;35;144;131;-;-;-;1
Petrolina de Goiás (GO);607;319;609;10;80;278;176;-;1;2;28
Pilar de Goiás (GO);354;210;384;-;2;181;114;1;-;2;22
Piracanjuba (GO);1223;281;899;55;25;477;344;-;4;27;14
Piranhas (GO);640;317;436;4;10;102;124;-;4;2;11
Pirenópolis (GO);986;272;637;10;86;333;812;4;17;2;36
Pires do Rio (GO);462;10;111;-;6;223;114;-;6;-;7
Planaltina (GO);304;114;217;14;17;333;163;4;6;4;8
Pontalina (GO);775;332;645;11;3;278;102;-;-;-;4
Porangatu (GO);1035;441;988;21;37;519;316;-;4;12;27
Porteirão (GO);28;13;20;-;-;31;10;-;-;-;1
Portelândia (GO);131;70;112;2;5;72;55;1;-;8;31
Posse (GO);375;165;491;9;37;331;176;2;10;-;37
Professor Jamil (GO);212;57;185;3;2;76;83;-;-;1;2
Quirinópolis (GO);772;180;596;8;12;160;410;2;10;6;7
Rialma (GO);170;31;65;-;3;36;43;-;-;-;1
Rianápolis (GO);71;6;6;-;-;4;3;-;1;1;-
Rio Quente (GO);136;67;120;2;1;17;55;-;1;-;1
Rio Verde (GO);1532;562;1401;49;44;813;978;3;6;16;28
Rubiataba (GO);496;248;402;18;12;190;241;-;1;1;1
Sanclerlândia (GO);365;216;323;15;41;199;111;-;5;4;8
Santa Bárbara de Goiás (GO);76;4;87;-;5;42;87;-;-;-;3
Santa Cruz de Goiás (GO);469;54;214;5;-;241;291;-;-;-;3
Santa Fé de Goiás (GO);176;37;140;3;10;4;8;-;-;-;-
Santa Helena de Goiás (GO);360;152;265;1;4;185;44;-;1;-;13
Santa Isabel (GO);305;68;214;1;1;139;9;-;-;-;-
Santa Rita do Araguaia (GO);142;7;158;-;9;132;61;-;1;-;9
Santa Rita do Novo Destino (GO);270;63;209;1;2;167;89;-;-;-;2
Santa Rosa de Goiás (GO);180;81;174;3;5;77;27;-;3;-;2
Santa Tereza de Goiás (GO);140;70;137;-;5;46;38;1;-;-;2
Santa Terezinha de Goiás (GO);499;241;434;5;29;325;216;28;22;223;27
Santo Antônio da Barra (GO);77;57;63;4;3;51;21;-;-;-;-
Santo Antônio de Goiás (GO);53;15;33;2;6;24;11;-;-;-;1
Santo Antônio do Descoberto (GO);130;31;106;5;18;83;78;5;2;-;3
São Domingos (GO);325;26;155;-;2;72;18;-;-;-;1
São Francisco de Goiás (GO);368;189;329;5;27;203;222;-;64;1;31
São João d'Aliança (GO);359;149;546;5;20;320;197;2;3;2;6
São João da Paraúna (GO);85;19;41;2;1;7;4;-;-;-;-
São Luís de Montes Belos (GO);627;330;416;14;55;282;42;1;24;-;22
São Luiz do Norte (GO);124;48;87;2;-;56;28;-;-;-;-
São Miguel do Araguaia (GO);590;174;518;12;29;165;201;1;5;36;24
São Miguel do Passa Quatro (GO);377;174;399;6;16;259;238;-;2;-;13
São Patrício (GO);218;157;229;2;33;111;138;-;-;-;1
São Simão (GO);46;21;35;3;2;26;31;1;2;-;2
Senador Canedo (GO);175;23;145;3;12;101;84;2;4;1;1
Serranópolis (GO);465;155;425;5;3;188;289;-;20;6;17
Silvânia (GO);1246;594;1247;27;49;953;574;2;6;-;28
Simolândia (GO);155;117;273;-;8;250;139;2;-;255;25
Sítio d'Abadia (GO);254;90;325;3;7;280;162;-;-;17;8
Taquaral de Goiás (GO);197;95;201;3;11;72;9;-;44;-;1
Teresina de Goiás (GO);57;9;97;-;1;2;1;-;-;-;-
Terezópolis de Goiás (GO);64;3;57;2;8;12;20;1;1;-;-
Três Ranchos (GO);101;50;93;2;2;74;35;-;-;-;-
Trindade (GO);478;126;267;4;21;74;149;3;2;-;3
Trombas (GO);332;234;342;6;37;227;131;-;1;207;32
Turvânia (GO);225;88;194;3;3;69;6;-;-;-;1
Turvelândia (GO);96;18;57;-;3;33;6;-;-;-;1
Uirapuru (GO);258;143;244;3;6;69;119;-;1;43;3
Uruaçu (GO);825;279;722;1;65;575;503;4;67;21;12
Uruana (GO);459;231;425;10;19;240;43;-;1;1;8
Urutaí (GO);219;59;173;1;3;72;20;-;2;1;5
Valparaíso de Goiás (GO);9;6;19;-;1;2;28;-;-;-;-
Varjão (GO);258;138;228;4;2;27;28;-;-;-;-
Vianópolis (GO);411;200;392;10;16;264;80;1;3;32;29
Vicentinópolis (GO);153;54;110;3;-;129;9;-;-;-;1
Vila Boa (GO);123;91;174;2;14;138;73;1;8;7;8
Vila Propício (GO);514;210;370;5;40;311;137;-;2;3;27
Brasília (DF);1430;962;1829;175;808;2255;2176;105;36;73;133
Fonte: IBGE - Censo Agropecuário;;;;;;;;;;;
